;AnoMes;Municipio_Ibge;Municipio;Estado_Ibge;Estado;Sigla_Regiao;Regiao;VL_PagadorPF;QT_PagadorPF;VL_PagadorPJ;QT_PagadorPJ;VL_RecebedorPF;QT_RecebedorPF;VL_RecebedorPJ;QT_RecebedorPJ;QT_PES_PagadorPF;QT_PES_PagadorPJ;QT_PES_RecebedorPF;QT_PES_RecebedorPJ
2899;2021-11-01;3501806;AMÉRICO DE CAMPOS;35;SÃO PAULO;SE;SUDESTE;5009347,15;15038;1193632,03;910;5273734,13;12209;1355882,24;1977;1744;110;1618;116
796;2021-11-01;3103108;ANTÔNIO PRADO DE MINAS;31;MINAS GERAIS;SE;SUDESTE;1116543,37;3648;70646,59;56;1052089,46;3214;33706,78;98;358;14;371;14
5945;2021-11-01;2704104;LAGOA DA CANOA;27;ALAGOAS;NE;NORDESTE;8511599,65;29692;1407507,99;989;8359602,0;27532;1465999,73;1253;2981;89;3273;75
2082;2021-11-01;2105658;JUNCO DO MARANHÃO;21;MARANHÃO;NE;NORDESTE;3230302,32;13880;363752,99;319;2989993,08;12958;582631,39;460;1167;20;1245;17
788;2021-11-01;3202603;ICONHA;32;ESPÍRITO SANTO;SE;SUDESTE;10340408,3;32321;10787105,13;3975;10562598,25;27727;10741593,66;7610;3654;380;3417;404
3385;2021-11-01;2307254;JIJOCA DE JERICOACOARA;23;CEARÁ;NE;NORDESTE;30019049,52;128561;17387050,01;18118;32068003,64;127464;21229107,69;50898;7227;856;7410;821
2159;2021-11-01;4200705;ALFREDO WAGNER;42;SANTA CATARINA;SU;SUL;6802081,34;16197;3516987,12;2738;6885847,97;12181;3750796,96;5875;2243;277;2048;291
5342;2021-11-01;2516755;TENÓRIO;25;PARAÍBA;NE;NORDESTE;1452088,88;5999;437243,01;383;1553263,76;5798;180584,71;230;609;27;725;20
687;2021-11-01;2411205;SANTA CRUZ;24;RIO GRANDE DO NORTE;NE;NORDESTE;34166454,86;148832;13253688,09;8058;32620997,55;139392;10816593,24;19515;11329;542;12032;540
3297;2021-11-01;1503457;IPIXUNA DO PARÁ;15;PARÁ;NO;NORTE;12256029,94;60723;5956249,23;2781;14276129,81;54020;5381399,52;4969;4845;175;5036;174
3295;2021-11-01;2511707;PILÕEZINHOS;25;PARAÍBA;NE;NORDESTE;1359578,58;6452;98862,29;200;1582585,12;6655;61099,3;185;675;22;839;16
2216;2021-11-01;2910750;FÁTIMA;29;BAHIA;NE;NORDESTE;10259465,89;31727;2072437,78;938;9434610,06;33634;2096517,47;1955;3152;117;3625;93
2222;2021-11-01;1702703;AURORA DO TOCANTINS;17;TOCANTINS;NO;NORTE;2025916,04;7854;289026,08;304;1930764,26;6373;219993,36;667;657;29;717;25
4267;2021-11-01;1508159;URUARÁ;15;PARÁ;NO;NORTE;37943375,96;108517;14518525,47;8399;37148462,35;87539;17066098,32;19000;8968;399;9044;401
2249;2021-11-01;2400604;ALMINO AFONSO;24;RIO GRANDE DO NORTE;NE;NORDESTE;4051003,13;18272;292008,39;361;3138585,74;16109;477654,02;1016;1358;36;1359;38
3278;2021-11-01;2615904;TUPARETAMA;26;PERNAMBUCO;NE;NORDESTE;4671278,38;19231;788879,51;515;4606182,75;17775;523803,78;1213;2022;72;2135;65
627;2021-11-01;4306502;DOM FELICIANO;43;RIO GRANDE DO SUL;SU;SUL;4049597,5;15260;1398734,44;1092;4011562,25;11347;1067266,96;2389;2219;134;1930;131
626;2021-11-01;3520608;INDIANA;35;SÃO PAULO;SE;SUDESTE;5259546,16;15797;1870146,79;1685;5746689,9;14590;1913146,57;2168;1655;125;1657;130
803;2021-11-01;1702901;AXIXÁ DO TOCANTINS;17;TOCANTINS;NO;NORTE;8283505,9;32752;1152850,22;1063;7917703,89;30194;1658092,59;2077;2750;81;3135;75
2268;2021-11-01;2504207;CATINGUEIRA;25;PARAÍBA;NE;NORDESTE;2168798,95;9295;417443,53;319;2376709,35;8399;417147,6;486;900;27;1072;27
2074;2021-11-01;2513943;SÃO DOMINGOS DO CARIRI;25;PARAÍBA;NE;NORDESTE;1454565,9;5238;18677,59;35;1633253,84;4604;12065,37;41;507;5;547;7
4159;2021-11-01;3524204;JABORANDI;35;SÃO PAULO;SE;SUDESTE;5763367,15;16074;906992,15;905;5340833,62;12045;725607,3;1399;1877;101;1777;106
1039;2021-11-01;3165800;SENADOR JOSÉ BENTO;31;MINAS GERAIS;SE;SUDESTE;1271156,54;2756;152791,12;137;1161329,02;2311;105151,58;208;398;17;362;18
4031;2021-11-01;3170909;VARZELÂNDIA;31;MINAS GERAIS;SE;SUDESTE;11989707,52;51620;1928574,48;1993;11594413,01;44716;1529407,41;5259;4544;160;4502;156
1832;2021-11-01;2108009;PASTOS BONS;21;MARANHÃO;NE;NORDESTE;10480612,14;47169;4206097,99;2148;10216013,02;41506;3230513,37;4194;3728;133;3965;116
4821;2021-11-01;4110409;INDIANÓPOLIS;41;PARANÁ;SU;SUL;3356462,53;10008;2478648,98;1042;3387495,34;8162;1987664,1;1689;1291;83;1246;83
1007;2021-11-01;4215307;SALETE;42;SANTA CATARINA;SU;SUL;6486403,32;16972;25077552,02;4243;6430016,41;11655;17189889,17;5898;2290;358;2032;360
996;2021-11-01;3144409;NATÉRCIA;31;MINAS GERAIS;SE;SUDESTE;3431423,79;8143;1394651,7;572;3857956,71;6295;3929279,56;1355;1080;79;983;83
2791;2021-11-01;2506004;ESPERANÇA;25;PARAÍBA;NE;NORDESTE;22753676,9;81573;17797040,59;6685;22269572,66;77242;16538589,8;9234;7128;544;8036;519
981;2021-11-01;4219150;VARGEM;42;SANTA CATARINA;SU;SUL;1238193,37;3203;331334,94;270;1252544,36;2531;467677,25;421;476;34;443;35
4067;2021-11-01;5219704;SANTA TEREZINHA DE GOIÁS;52;GOIÁS;CO;CENTRO-OESTE;14188157,15;30527;3657041,39;2799;12974191,24;27731;2578969,07;5215;2648;205;2828;203
5950;2021-11-01;4100301;AGUDOS DO SUL;41;PARANÁ;SU;SUL;7293364,59;17815;4169222,6;3033;6892615,61;15470;5023717,95;3696;2112;210;2073;214
4074;2021-11-01;2602803;BUÍQUE;26;PERNAMBUCO;NE;NORDESTE;13597364,86;53939;1617025,91;1826;14166699,49;53330;2162247,92;3473;6160;181;7084;170
4094;2021-11-01;3536257;PARISI;35;SÃO PAULO;SE;SUDESTE;2182356,89;6350;390735,24;522;2191933,86;5741;377730,11;806;694;42;665;45
5405;2021-11-01;3135001;JAGUARAÇU;31;MINAS GERAIS;SE;SUDESTE;1866210,83;9578;1287269,9;653;2181194,78;7850;1394257,45;919;918;54;958;41
907;2021-11-01;3518107;GUARANTÃ;35;SÃO PAULO;SE;SUDESTE;4165093,99;17851;716817,81;1156;4278904,7;15402;1265402,19;2326;1972;112;1883;126
1987;2021-11-01;3169406;TRÊS PONTAS;31;MINAS GERAIS;SE;SUDESTE;62646590,34;149984;107707400,2;14660;64382099,64;132536;109396053,01;23046;15638;1264;16171;1239
5224;2021-11-01;2112233;TRIZIDELA DO VALE;21;MARANHÃO;NE;NORDESTE;13406876,63;59951;5643661,86;2708;14035867,14;57060;4935002,67;5323;4621;197;5053;196
5395;2021-11-01;2803203;ITAPORANGA D'AJUDA;28;SERGIPE;NE;NORDESTE;16944497,46;89102;39963369,66;4434;17833634,86;83901;32269340,12;8801;7407;274;8529;261
5370;2021-11-01;2106904;MONÇÃO;21;MARANHÃO;NE;NORDESTE;7559454,0;48353;1244610,97;1012;7041053,91;41087;1278153,58;3101;3988;75;4119;74
4290;2021-11-01;2414001;TANGARÁ;24;RIO GRANDE DO NORTE;NE;NORDESTE;10901046,57;56445;2852963,98;2029;10570357,49;55185;3193773,15;6136;4033;135;4400;126
2300;2021-11-01;4302584;BOZANO;43;RIO GRANDE DO SUL;SU;SUL;1403991,65;2548;408734,15;226;1193662,5;1702;369594,04;251;388;26;300;23
2304;2021-11-01;1705508;COLINAS DO TOCANTINS;17;TOCANTINS;NO;NORTE;54289633,59;161493;24337054,94;14360;58936295,36;138677;24872223,03;29621;12021;807;12888;818
428;2021-11-01;5204706;CAMPINORTE;52;GOIÁS;CO;CENTRO-OESTE;18307662,19;44194;6903526,85;2967;17640381,41;36381;6842982,44;9250;3747;249;3862;267
2445;2021-11-01;1200054;ASSIS BRASIL;12;ACRE;NO;NORTE;3474051,01;12382;430118,33;332;3519234,51;10726;530149,83;472;1110;28;1167;31
214;2021-11-01;4306353;DEZESSEIS DE NOVEMBRO;43;RIO GRANDE DO SUL;SU;SUL;1387474,43;3393;195253,24;134;1423063,82;3851;195495,24;218;464;17;428;20
4411;2021-11-01;4123303;SANTA CRUZ DE MONTE CASTELO;41;PARANÁ;SU;SUL;8527375,15;20445;3350737,36;1936;9724893,32;16606;4501370,46;4472;2293;178;2213;198
3136;2021-11-01;2703205;IGREJA NOVA;27;ALAGOAS;NE;NORDESTE;7274209,51;28972;1051253,76;590;7193729,18;27387;924943,96;769;3359;58;3811;60
4419;2021-11-01;2701100;BRANQUINHA;27;ALAGOAS;NE;NORDESTE;2780209,32;14527;1114077,28;307;3102373,7;14141;298256,53;265;1540;34;1882;26
2455;2021-11-01;2200277;ALEGRETE DO PIAUÍ;22;PIAUÍ;NE;NORDESTE;4607664,05;17882;353142,48;365;4273808,07;15918;267063,49;641;1255;30;1381;22
4433;2021-11-01;5103502;DIAMANTINO;51;MATO GROSSO;CO;CENTRO-OESTE;37756351,95;106283;20356420,52;12251;32384538,05;81844;19499767,18;22233;9237;860;8895;787
383;2021-11-01;3133204;ITANHOMI;31;MINAS GERAIS;SE;SUDESTE;8055783,34;22925;1242349,74;1085;7942569,22;18346;1560333,96;2290;2729;128;2592;150
382;2021-11-01;4107108;DIAMANTE DO NORTE;41;PARANÁ;SU;SUL;4252172,58;14485;2710281,09;1150;4291193,47;11918;3212158,95;2498;1608;106;1591;101
4700;2021-11-01;5202353;ARENÓPOLIS;52;GOIÁS;CO;CENTRO-OESTE;3751467,76;7959;1154448,76;654;3506540,17;5816;1338349,94;1345;881;52;853;49
2496;2021-11-01;2300408;AIUABA;23;CEARÁ;NE;NORDESTE;6920339,75;34252;532105,07;667;6714424,57;34306;421144,39;1215;2900;79;3137;76
5889;2021-11-01;3535705;PARAÍSO;35;SÃO PAULO;SE;SUDESTE;6009698,12;15674;33918184,36;2863;6326950,37;12662;10817995,66;2541;1759;143;1711;144
2521;2021-11-01;2205151;JACOBINA DO PIAUÍ;22;PIAUÍ;NE;NORDESTE;1961372,26;8230;648301,14;494;1678067,87;6659;568463,54;815;669;39;754;38
2523;2021-11-01;4317251;SANTA TEREZA;43;RIO GRANDE DO SUL;SU;SUL;600554,99;1765;364352,12;99;868044,64;1276;177827,87;237;286;23;262;26
2526;2021-11-01;2506103;FAGUNDES;25;PARAÍBA;NE;NORDESTE;4778700,0;22767;443707,31;417;4934888,21;23169;348203,46;1741;2278;50;2630;44
3103;2021-11-01;3135308;JAPARAÍBA;31;MINAS GERAIS;SE;SUDESTE;2589382,14;7453;435866,12;350;3127128,02;6673;465601,77;983;961;73;917;76
2656;2021-11-01;3527256;LOURDES;35;SÃO PAULO;SE;SUDESTE;1523273,08;5168;177913,31;291;1754775,19;4068;122283,61;642;606;26;591;27
2661;2021-11-01;2926301;RIACHÃO DO JACUÍPE;29;BAHIA;NE;NORDESTE;30326036,7;112224;17426172,2;6473;31961714,72;104630;19450797,44;11909;8814;518;9645;516
3036;2021-11-01;2703700;JARAMATAIA;27;ALAGOAS;NE;NORDESTE;2413967,93;8579;342642,02;165;2541209,08;7651;301473,06;135;842;19;1041;22
462;2021-11-01;2907558;CATURAMA;29;BAHIA;NE;NORDESTE;2321559,37;6652;630457,89;179;1939285,6;5867;393103,97;192;853;28;947;31
4304;2021-11-01;5214838;NOVA CRIXÁS;52;GOIÁS;CO;CENTRO-OESTE;14939243,52;35836;5341933,95;3307;14148824,05;35223;4925975,79;6133;3009;239;3264;229
2702;2021-11-01;4321857;TRÊS PALMEIRAS;43;RIO GRANDE DO SUL;SU;SUL;2602373,85;6318;1122945,81;713;2356509,01;4929;901970,82;1033;906;83;805;91
4561;2021-11-01;2804300;MURIBECA;28;SERGIPE;NE;NORDESTE;3014151,02;12785;591786,12;471;2934432,02;12052;1154396,04;719;1323;33;1506;29
4309;2021-11-01;3503307;ARARAS;35;SÃO PAULO;SE;SUDESTE;169349045,55;494290;132894105,75;59908;174592975,18;430230;128030487,82;114651;51409;4366;50094;4166
571;2021-11-01;3123528;DURANDÉ;31;MINAS GERAIS;SE;SUDESTE;3159784,85;9748;938513,01;601;2620187,25;8041;402444,67;1024;1472;81;1318;73
4321;2021-11-01;2801306;CAPELA;28;SERGIPE;NE;NORDESTE;15410242,89;70362;6906679,5;2524;14190358,14;64267;13737009,17;4389;6380;193;6912;180
5192;2021-11-01;2202778;COLÔNIA DO PIAUÍ;22;PIAUÍ;NE;NORDESTE;2329188,44;11170;179313,31;184;2829035,11;10095;141057,17;571;1031;24;1339;26
545;2021-11-01;4204194;CHAPADÃO DO LAGEADO;42;SANTA CATARINA;SU;SUL;2271530,91;4588;691043,42;591;1481435,82;2854;910633,58;1162;617;58;504;62
3555;2021-11-01;4304408;CANELA;43;RIO GRANDE DO SUL;SU;SUL;64546575,07;185545;52044401,6;35429;72039085,64;165818;54241685,63;54404;18434;2260;18406;2082
5840;2021-11-01;2107407;OLHO D'ÁGUA DAS CUNHÃS;21;MARANHÃO;NE;NORDESTE;10847060,19;57968;1161559,08;1120;10251097,84;47663;1598139,25;3644;4434;76;4461;81
2334;2021-11-01;3553906;TARABAI;35;SÃO PAULO;SE;SUDESTE;5854714,74;19701;2505855,2;2254;6044635,12;17242;2401396,96;2629;2078;150;2108;123
4554;2021-11-01;2100832;APICUM-AÇU;21;MARANHÃO;NE;NORDESTE;6477103,64;31777;728605,62;452;6132059,7;28638;1004726,57;740;2617;53;2718;60
3206;2021-11-01;1718501;RECURSOLÂNDIA;17;TOCANTINS;NO;NORTE;2740877,51;8457;339680,73;350;2174585,93;6817;486733,25;454;695;20;727;16
4345;2021-11-01;3550803;SÃO SEBASTIÃO DA GRAMA;35;SÃO PAULO;SE;SUDESTE;6975580,47;19049;6910915,56;2278;7046560,15;15943;12967071,68;3576;2457;238;2389;266
4725;2021-11-01;2202075;CAJAZEIRAS DO PIAUÍ;22;PIAUÍ;NE;NORDESTE;887548,27;5567;226954,27;134;875638,99;5228;138832,22;132;495;9;623;11
5280;2021-11-01;2410306;SERRA CAIADA;24;RIO GRANDE DO NORTE;NE;NORDESTE;5029661,83;22596;4451540,2;1435;4917651,79;22276;3162461,33;2269;1966;73;2183;65
2395;2021-11-01;4106001;CONGONHINHAS;41;PARANÁ;SU;SUL;5976018,58;17953;1727954,3;1491;5464822,85;15009;1697655,01;2641;1973;121;2008;128
467;2021-11-01;3515806;FLORA RICA;35;SÃO PAULO;SE;SUDESTE;915505,76;3902;13947,16;43;1252519,43;3249;24024,11;139;430;5;450;15
535;2021-11-01;4311734;MAMPITUBA;43;RIO GRANDE DO SUL;SU;SUL;1717689,47;4787;1241089,82;634;1580713,33;3925;591809,8;732;595;33;550;29
1060;2021-11-01;1718303;PRAIA NORTE;17;TOCANTINS;NO;NORTE;3779850,37;22299;290568,8;290;3826115,45;20886;307228,54;437;1697;27;1925;23
3446;2021-11-01;2605509;FERREIROS;26;PERNAMBUCO;NE;NORDESTE;6278888,89;26184;679967,89;848;6835655,15;24875;733338,23;1733;2428;73;2643;65
2810;2021-11-01;2608057;JATOBÁ;26;PERNAMBUCO;NE;NORDESTE;7105164,04;39875;2548369,72;1003;6863324,65;34413;2982595,75;1835;3556;72;3640;81
1630;2021-11-01;1506112;QUATIPURU;15;PARÁ;NO;NORTE;4419035,8;24731;637496,33;797;4409090,23;23631;608560,28;1283;2109;58;2329;47
3666;2021-11-01;2204550;GUARIBAS;22;PIAUÍ;NE;NORDESTE;1900714,91;6854;907427,63;473;1863477,72;6232;852259,51;526;623;31;730;33
3658;2021-11-01;5207600;FAZENDA NOVA;52;GOIÁS;CO;CENTRO-OESTE;4888403,62;15851;1018405,95;756;6223300,96;12749;946968,65;1367;1510;76;1469;88
3656;2021-11-01;5212501;LUZIÂNIA;52;GOIÁS;CO;CENTRO-OESTE;264112343,44;1074110;162870044,76;78956;294898559,68;999284;142835320,96;141473;76249;4135;84337;3895
5970;2021-11-01;3104106;ARCEBURGO;31;MINAS GERAIS;SE;SUDESTE;4999556,14;19382;5205366,67;1842;5612615,28;16639;6395953,81;3614;2331;184;2255;203
3648;2021-11-01;2920601;MARAGOGIPE;29;BAHIA;NE;NORDESTE;18900830,71;119522;2781791,82;2840;20239665,68;117923;2923213,48;3930;8291;169;9310;186
1656;2021-11-01;4114401;MANGUEIRINHA;41;PARANÁ;SU;SUL;15601153,94;34244;8802194,94;5144;14608520,23;26205;6979426,36;7798;4221;405;4090;426
4633;2021-11-01;2304269;DEPUTADO IRAPUAN PINHEIRO;23;CEARÁ;NE;NORDESTE;3852210,84;16140;1137826,33;468;3706268,12;15547;812523,74;1080;1640;43;1775;37
5483;2021-11-01;2915908;ITANAGRA;29;BAHIA;NE;NORDESTE;3364190,43;20865;1016743,98;1008;3603411,77;18392;944019,45;1381;1709;61;1856;54
1674;2021-11-01;5106703;PONTE BRANCA;51;MATO GROSSO;CO;CENTRO-OESTE;1669441,59;6134;260853,39;194;1590913,42;5088;236104,67;354;571;16;566;22
1697;2021-11-01;3136306;JOÃO PINHEIRO;31;MINAS GERAIS;SE;SUDESTE;54376424,63;158312;57159251,51;16167;56691483,31;137143;38989899,08;26226;14819;1279;15909;1252
1709;2021-11-01;2102200;BURITI;21;MARANHÃO;NE;NORDESTE;7315870,45;38333;895768,22;922;6907148,64;34659;539246,05;1760;3789;73;3659;74
2934;2021-11-01;3114907;CASA GRANDE;31;MINAS GERAIS;SE;SUDESTE;1362569,18;3100;239930,22;257;1428285,86;2395;310781,1;387;478;26;444;21
1168;2021-11-01;2918506;JUSSARA;29;BAHIA;NE;NORDESTE;6622469,68;28651;806207,81;908;6788941,6;27243;1027164,11;1968;3002;77;3188;78
5657;2021-11-01;4315602;RIO GRANDE;43;RIO GRANDE DO SUL;SU;SUL;222724429,47;848497;274725266,94;81032;223144085,42;737482;304751903,04;124694;80567;4874;77595;4658
3898;2021-11-01;2913705;INHAMBUPE;29;BAHIA;NE;NORDESTE;21170352,42;86688;9780132,07;4575;23200115,95;78408;11688637,59;7784;7745;357;8598;348
3880;2021-11-01;2203503;ELESBÃO VELOSO;22;PIAUÍ;NE;NORDESTE;5274238,87;29782;1277015,87;526;5375225,71;27380;861880,42;971;2795;59;2944;66
3682;2021-11-01;3540606;PORTO FELIZ;35;SÃO PAULO;SE;SUDESTE;65169511,44;211672;57812717,99;25155;73408596,7;181522;61593135,47;42190;20576;1695;20191;1590
1570;2021-11-01;3104700;ATALÉIA;31;MINAS GERAIS;SE;SUDESTE;7403647,6;26762;1482539,84;1007;7356839,78;22452;1278127,89;2125;2796;96;2794;107
1440;2021-11-01;2111078;SÃO JOÃO DO SOTER;21;MARANHÃO;NE;NORDESTE;5361794,86;27993;294070,91;430;5347532,52;24951;401262,57;1078;2331;39;2541;45
2890;2021-11-01;2702405;DELMIRO GOUVEIA;27;ALAGOAS;NE;NORDESTE;35992154,74;151156;7950125,24;6630;35726907,0;138210;6876040,32;13454;13123;505;14776;496
1414;2021-11-01;3515194;ESPÍRITO SANTO DO TURVO;35;SÃO PAULO;SE;SUDESTE;2836876,11;10955;1755123,99;693;3258508,51;9473;1405418,06;773;1260;68;1307;66
1405;2021-11-01;5201405;APARECIDA DE GOIÂNIA;52;GOIÁS;CO;CENTRO-OESTE;970018710,07;3526476;698737920,41;283995;1073623884,8;3372232;712639592,21;471519;235238;14609;253591;13588
1385;2021-11-01;1600303;MACAPÁ;16;AMAPÁ;NO;NORTE;641735892,13;3615070;252455000,12;208782;643533287,82;3318420;252969620,04;362646;212960;8635;214488;8152
4902;2021-11-01;2609501;NAZARÉ DA MATA;26;PERNAMBUCO;NE;NORDESTE;20444415,66;86561;4949662,31;2972;20942910,09;83610;20816097,03;4363;7603;228;8428;241
5147;2021-11-01;3165206;SÃO TOMÉ DAS LETRAS;31;MINAS GERAIS;SE;SUDESTE;4955865,47;17057;3364054,62;3059;6065547,76;19414;3304611,51;5557;1755;267;1900;229
3972;2021-11-01;2211704;WALL FERRAZ;22;PIAUÍ;NE;NORDESTE;1670555,03;8296;118771,2;137;1541105,13;7039;85758,16;316;713;25;754;18
5558;2021-11-01;4105201;CERRO AZUL;41;PARANÁ;SU;SUL;11855138,83;32841;5757077,18;2895;12868405,72;31005;5096178,24;4232;3836;216;3806;207
18;2021-11-01;3156809;SABINÓPOLIS;31;MINAS GERAIS;SE;SUDESTE;8572053,92;28261;2749090,06;1452;7953601,69;24109;2189393,5;2875;3325;176;3421;190
3819;2021-11-01;4110052;IGUATU;41;PARANÁ;SU;SUL;1194015,26;4280;1044269,93;322;1158146,98;3550;779699,31;624;554;37;505;35
4647;2021-11-01;3148509;PAVÃO;31;MINAS GERAIS;SE;SUDESTE;3529091,71;14971;1560702,19;695;3504455,06;13506;1269487,74;905;1641;70;1723;74
1324;2021-11-01;3534807;OURO VERDE;35;SÃO PAULO;SE;SUDESTE;3846872,25;16432;1748559,18;1445;4629015,3;14061;1863052,68;2003;1954;120;2027;122
1318;2021-11-01;4311791;MARATÁ;43;RIO GRANDE DO SUL;SU;SUL;1517805,02;4179;898325,32;514;1324170,96;3444;1355076,11;1123;585;62;495;60
3705;2021-11-01;1718402;PRESIDENTE KENNEDY;17;TOCANTINS;NO;NORTE;3445777,08;13917;596766,27;653;3600767,68;12606;466447,24;1225;1015;44;1086;42
5615;2021-11-01;2203420;DOMINGOS MOURÃO;22;PIAUÍ;NE;NORDESTE;1360225,51;8035;45289,56;99;1417936,92;7370;52020,29;164;756;12;849;11
5985;2021-11-01;2302404;BOA VIAGEM;23;CEARÁ;NE;NORDESTE;27069111,92;123734;7096037,86;5373;28000030,21;118551;5978375,76;10756;11166;350;12005;344
3611;2021-11-01;3549102;SÃO JOÃO DA BOA VISTA;35;SÃO PAULO;SE;SUDESTE;125172224,63;319909;90862469,51;39799;147197703,74;277090;109405366,11;68003;33483;3242;32572;3241
5223;2021-11-01;2207405;PALMEIRA DO PIAUÍ;22;PIAUÍ;NE;NORDESTE;3060606,67;13848;599264,44;555;2859517,5;11611;645759,53;1003;1249;46;1278;41
1088;2021-11-01;5106182;NOVA LACERDA;51;MATO GROSSO;CO;CENTRO-OESTE;6799095,97;16086;2731407,13;1263;5967699,51;12223;2578679,43;2413;1770;110;1662;106
1140;2021-11-01;3519055;HOLAMBRA;35;SÃO PAULO;SE;SUDESTE;37079990,14;69822;35124013,94;10722;34794150,16;56330;36540179,2;19520;6499;744;6363;742
5164;2021-11-01;2611309;POMBOS;26;PERNAMBUCO;NE;NORDESTE;16443231,52;56090;10275429,02;4266;18274795,09;55284;10313806,33;6132;5251;230;5833;217
1111;2021-11-01;3139003;MACHADO;31;MINAS GERAIS;SE;SUDESTE;44151969,53;99374;84924848,38;13738;38546659,67;85566;85774211,55;15959;11095;987;11214;998
1086;2021-11-01;3110707;CAMBUQUIRA;31;MINAS GERAIS;SE;SUDESTE;8211152,54;29808;2931921,7;2511;8663251,46;26175;2756205,16;4451;3167;285;3288;287
1078;2021-11-01;2205540;LAGOINHA DO PIAUÍ;22;PIAUÍ;NE;NORDESTE;841613,56;4158;146180,38;170;855330,6;4042;203674,64;186;444;12;527;12
5965;2021-11-01;4127304;TERRA RICA;41;PARANÁ;SU;SUL;13190875,65;36304;4352431,09;3744;14096710,6;30369;4746353,09;6272;4238;344;4284;345
1743;2021-11-01;3165701;SENADOR FIRMINO;31;MINAS GERAIS;SE;SUDESTE;4589276,0;13633;1291894,09;1108;4558040,49;11142;1695909,6;1755;1690;109;1606;121
1082;2021-11-01;1501253;BANNACH;15;PARÁ;NO;NORTE;3545105,4;9861;582910,36;278;3295292,55;7856;851708,92;853;956;35;880;29
2817;2021-11-01;3542503;REGINÓPOLIS;35;SÃO PAULO;SE;SUDESTE;4939531,84;18808;1584121,23;1275;5662595,61;15526;1475013,24;2352;2014;105;1898;118
537;2021-12-01;3156809;SABINÓPOLIS;31;MINAS GERAIS;SE;SUDESTE;11064804,58;36112;2453984,22;1642;10497242,66;31055;2895661,92;4039;3528;177;3686;194
1380;2021-12-01;5201405;APARECIDA DE GOIÂNIA;52;GOIÁS;CO;CENTRO-OESTE;1121318314,89;4152433;849226125,62;318778;1255425050,03;3941122;856775140,84;551819;240408;15202;262058;14137
1017;2021-12-01;4215307;SALETE;42;SANTA CATARINA;SU;SUL;7400565,94;20929;24358719,31;4410;7296281,02;14961;20566477,2;6947;2379;375;2212;377
3519;2021-12-01;2105658;JUNCO DO MARANHÃO;21;MARANHÃO;NE;NORDESTE;4286157,42;18433;442531,55;353;4135188,12;16765;797783,69;661;1233;20;1355;21
1563;2021-12-01;4311734;MAMPITUBA;43;RIO GRANDE DO SUL;SU;SUL;1917072,41;5854;892868,76;682;1960230,06;4875;587261,65;855;607;34;607;33
530;2021-12-01;3520608;INDIANA;35;SÃO PAULO;SE;SUDESTE;6040932,03;19327;2296819,1;1988;6337174,52;17486;2155378,56;2514;1740;128;1735;125
5587;2021-12-01;3121506;DESTERRO DO MELO;31;MINAS GERAIS;SE;SUDESTE;1368533,18;4285;395024,68;224;1661706,0;4470;450546,52;351;575;27;616;27
4406;2021-12-01;4100301;AGUDOS DO SUL;41;PARANÁ;SU;SUL;8328816,25;21472;4801592,82;3405;8512274,7;19031;5226024,37;4540;2178;224;2226;217
2435;2021-12-01;3553906;TARABAI;35;SÃO PAULO;SE;SUDESTE;6346184,83;24930;3469517,42;2716;7190745,66;22128;2907952,85;3333;2153;158;2247;135
5058;2021-12-01;5103502;DIAMANTINO;51;MATO GROSSO;CO;CENTRO-OESTE;49173011,55;126291;19047436,38;13197;44468947,9;96820;18931984,84;26589;9409;864;9322;798
2345;2021-12-01;4317251;SANTA TEREZA;43;RIO GRANDE DO SUL;SU;SUL;728007,69;2343;199843,21;112;1167804,9;1601;278382,23;280;307;26;302;24
4044;2021-12-01;2204550;GUARIBAS;22;PIAUÍ;NE;NORDESTE;2782238,48;8815;1842490,63;598;2589465,09;7517;1943673,8;710;703;33;811;35
4385;2021-12-01;2410306;SERRA CAIADA;24;RIO GRANDE DO NORTE;NE;NORDESTE;5875617,45;28225;5109877,23;1846;5796930,63;27834;4128434,17;2921;2039;78;2350;75
4908;2021-12-01;1701002;ANANÁS;17;TOCANTINS;NO;NORTE;11012012,5;50759;3405866,12;2269;12039269,26;46484;3479333,28;4336;3384;145;3605;144
1550;2021-12-01;5106182;NOVA LACERDA;51;MATO GROSSO;CO;CENTRO-OESTE;7615785,05;20024;4506101,89;1636;7251305,28;15510;4038610,02;3334;1863;118;1769;119
3718;2021-12-01;2703205;IGREJA NOVA;27;ALAGOAS;NE;NORDESTE;8589505,84;35630;1136647,18;756;8649374,35;33006;782742,5;883;3625;66;4223;63
5537;2021-12-01;3301157;CARDOSO MOREIRA;33;RIO DE JANEIRO;SE;SUDESTE;9440594,18;37413;4390884,29;2596;9754160,78;33260;5113830,93;4188;3454;194;3602;221
985;2021-12-01;4204194;CHAPADÃO DO LAGEADO;42;SANTA CATARINA;SU;SUL;3112627,45;5769;588049,18;669;2481317,94;3510;1203322,75;1478;614;58;568;63
1542;2021-12-01;3144409;NATÉRCIA;31;MINAS GERAIS;SE;SUDESTE;4178831,25;9682;1253600,06;693;4042417,3;7579;3803000,27;1352;1099;80;1026;90
3181;2021-12-01;1705508;COLINAS DO TOCANTINS;17;TOCANTINS;NO;NORTE;64996577,28;190736;28770247,68;16280;68385129,84;163816;30511011,54;34953;12437;850;13685;826
4046;2021-12-01;2112233;TRIZIDELA DO VALE;21;MARANHÃO;NE;NORDESTE;15675408,12;71511;5111114,41;3288;15673544,95;66772;5214665,97;6056;4842;211;5413;198
5291;2021-12-01;3104106;ARCEBURGO;31;MINAS GERAIS;SE;SUDESTE;6247328,09;24839;6090159,2;2255;7237785,48;20524;7246234,73;4749;2439;187;2442;208
3572;2021-12-01;5214838;NOVA CRIXÁS;52;GOIÁS;CO;CENTRO-OESTE;18196418,19;42361;6649562,25;3681;17314166,34;40387;17575286,44;7112;3129;239;3505;240
5862;2021-12-01;4317004;SANTANA DA BOA VISTA;43;RIO GRANDE DO SUL;SU;SUL;4973432,73;13283;2783292,55;1067;3961863,07;10362;2508734,11;2376;1636;101;1497;107
5669;2021-12-01;3119203;COROACI;31;MINAS GERAIS;SE;SUDESTE;6260518,3;19727;1273164,0;920;6501102,03;15806;1293807,59;2026;2028;124;2043;114
5261;2021-12-01;4321600;TRAMANDAÍ;43;RIO GRANDE DO SUL;SU;SUL;80103424,47;303500;43977423,78;41250;90417121,83;291876;39633655,73;82211;21025;2054;21669;1871
263;2021-12-01;3133204;ITANHOMI;31;MINAS GERAIS;SE;SUDESTE;9867758,11;27449;1459451,47;1343;10847727,2;22569;1861745,88;3269;2802;139;2857;164
2584;2021-12-01;4302584;BOZANO;43;RIO GRANDE DO SUL;SU;SUL;1691600,94;2877;644683,57;234;1301056,11;1968;396241,53;308;399;25;339;24
5228;2021-12-01;1718501;RECURSOLÂNDIA;17;TOCANTINS;NO;NORTE;2476398,27;10408;451997,25;440;2490738,09;8246;490058,62;515;770;22;804;18
2549;2021-12-01;4200705;ALFREDO WAGNER;42;SANTA CATARINA;SU;SUL;8291475,08;19209;4273126,23;3126;8611388,76;14494;4052209,5;7070;2271;302;2145;304
4696;2021-12-01;4211504;NOVA TRENTO;42;SANTA CATARINA;SU;SUL;14702428,38;37613;29045016,82;6864;16365300,03;30060;23491763,35;10657;4146;601;3960;631
328;2021-12-01;4306353;DEZESSEIS DE NOVEMBRO;43;RIO GRANDE DO SUL;SU;SUL;1489623,49;4083;186978,03;165;1487907,28;4953;280810,2;293;483;18;451;19
2532;2021-12-01;3524204;JABORANDI;35;SÃO PAULO;SE;SUDESTE;8151070,59;19849;1162758,88;1091;7200192,68;14737;1054090,02;1872;1947;105;1887;105
1438;2021-12-01;2504207;CATINGUEIRA;25;PARAÍBA;NE;NORDESTE;2738946,02;11908;437207,63;340;3088495,01;10706;288094,18;846;981;29;1174;29
2529;2021-12-01;3170909;VARZELÂNDIA;31;MINAS GERAIS;SE;SUDESTE;13576544,12;61336;2482155,48;2365;14175696,62;54101;2104972,74;7305;4787;171;4855;170
4023;2021-12-01;2506004;ESPERANÇA;25;PARAÍBA;NE;NORDESTE;28038698,36;101508;20380038,88;8031;28061524,27;97886;18782723,01;11737;7679;555;8740;518
4697;2021-12-01;2409407;PAU DOS FERROS;24;RIO GRANDE DO NORTE;NE;NORDESTE;34971088,44;137259;21806154,92;9018;34196564,99;127469;24107680,64;24604;9952;643;10554;614
4892;2021-12-01;3550803;SÃO SEBASTIÃO DA GRAMA;35;SÃO PAULO;SE;SUDESTE;8216922,56;23825;7072461,54;2479;8260609,22;20088;14430423,71;4261;2605;252;2575;282
3553;2021-12-01;3536257;PARISI;35;SÃO PAULO;SE;SUDESTE;2916767,62;7484;549396,9;602;2795209,7;6871;525601,25;930;712;49;719;47
5246;2021-12-01;4107504;ENGENHEIRO BELTRÃO;41;PARANÁ;SU;SUL;17188060,71;46748;12276012,98;5785;18798073,9;37802;10864014,83;10058;4202;401;4328;407
361;2021-12-01;3103108;ANTÔNIO PRADO DE MINAS;31;MINAS GERAIS;SE;SUDESTE;1169183,72;4410;49146,7;66;1297273,56;3818;53153,46;189;379;16;385;14
2507;2021-12-01;3549102;SÃO JOÃO DA BOA VISTA;35;SÃO PAULO;SE;SUDESTE;146513330,8;381207;112002420,16;44696;153891833,1;326129;134948857,1;80090;34550;3380;34251;3317
1828;2021-12-01;4321857;TRÊS PALMEIRAS;43;RIO GRANDE DO SUL;SU;SUL;3481988,08;7980;1045706,95;815;3171733,62;6238;1483955,12;1410;989;86;895;95
2502;2021-12-01;3139003;MACHADO;31;MINAS GERAIS;SE;SUDESTE;44245336,51;121465;77549453,61;13376;45423404,4;106272;55945426,97;18895;11579;1034;12067;1029
1413;2021-12-01;3540606;PORTO FELIZ;35;SÃO PAULO;SE;SUDESTE;74952313,75;251351;61064426,24;28752;86318037,45;215395;60309406,55;49662;21051;1739;21201;1634
4894;2021-12-01;2804300;MURIBECA;28;SERGIPE;NE;NORDESTE;3368716,66;15964;800802,24;617;3398255,91;15238;1223215,09;955;1427;35;1604;31
1447;2021-12-01;2702405;DELMIRO GOUVEIA;27;ALAGOAS;NE;NORDESTE;42064517,88;178290;9677593,43;7830;42040477,45;163430;8576901,15;16665;13548;532;15563;495
1408;2021-12-01;2307254;JIJOCA DE JERICOACOARA;23;CEARÁ;NE;NORDESTE;36291245,54;149463;19718976,18;19947;39689485,58;148733;23291379,76;61809;7305;872;7659;848
3119;2021-12-01;2513943;SÃO DOMINGOS DO CARIRI;25;PARAÍBA;NE;NORDESTE;1785682,49;6379;21569,92;18;1978133,75;5622;12927,0;46;525;4;591;6
5260;2021-12-01;5220702;SÍTIO D'ABADIA;52;GOIÁS;CO;CENTRO-OESTE;2621106,11;8497;5301675,75;225;2130205,54;6597;2682917,93;525;665;17;687;22
2468;2021-12-01;3169406;TRÊS PONTAS;31;MINAS GERAIS;SE;SUDESTE;74695602,48;185279;113922592,72;16792;75596218,31;164192;123208183,55;28986;16253;1316;17349;1296
1397;2021-12-01;2506103;FAGUNDES;25;PARAÍBA;NE;NORDESTE;5715920,71;28538;485582,93;513;6161070,79;28686;649645,34;1591;2459;51;2845;44
1807;2021-12-01;1501253;BANNACH;15;PARÁ;NO;NORTE;4294228,62;11947;579966,96;386;4294948,09;9344;902975,85;1146;992;37;945;34
1281;2021-12-01;3518107;GUARANTÃ;35;SÃO PAULO;SE;SUDESTE;5502472,04;21874;1054089,66;1253;5589158,21;18699;1222113,22;2770;2089;121;2080;124
3492;2021-12-01;2701100;BRANQUINHA;27;ALAGOAS;NE;NORDESTE;3388552,88;18604;698951,93;477;3889650,17;17250;569071,35;356;1676;31;2122;31
5407;2021-12-01;1504752;MOJUÍ DOS CAMPOS;15;PARÁ;NO;NORTE;5486867,15;12635;5520577,13;2898;4310992,96;9242;7213545,92;5415;901;166;865;167
4857;2021-12-01;2920601;MARAGOGIPE;29;BAHIA;NE;NORDESTE;23085343,22;141629;3808171,32;3259;25161754,07;139533;3338451,57;5107;8674;191;10056;205
4239;2021-12-01;2615904;TUPARETAMA;26;PERNAMBUCO;NE;NORDESTE;5999045,6;24050;722605,42;572;6190391,76;22301;571427,79;1621;2128;77;2318;73
4761;2021-12-01;3148509;PAVÃO;31;MINAS GERAIS;SE;SUDESTE;5000619,38;18726;2307349,79;988;4927463,59;16835;1951403,46;1460;1758;80;1900;89
1959;2021-12-01;4114401;MANGUEIRINHA;41;PARANÁ;SU;SUL;18329092,18;41552;10586971,52;5787;17192602,71;31981;10456525,29;9903;4418;415;4438;437
721;2021-12-01;5106703;PONTE BRANCA;51;MATO GROSSO;CO;CENTRO-OESTE;2456408,88;7625;383130,7;188;1977290,31;6213;305262,94;582;579;18;593;26
1680;2021-12-01;2918506;JUSSARA;29;BAHIA;NE;NORDESTE;7667712,27;35235;896138,91;967;7553066,46;34032;1548998,64;2146;3185;82;3450;80
2107;2021-12-01;3534807;OURO VERDE;35;SÃO PAULO;SE;SUDESTE;4697326,83;20572;1593761,64;1592;5138517,75;17323;1599513,34;2537;2076;121;2173;132
4187;2021-12-01;3542503;REGINÓPOLIS;35;SÃO PAULO;SE;SUDESTE;5532847,7;22288;2259877,35;1533;6441196,15;18289;1913925,04;2856;2105;124;2043;128
4777;2021-12-01;4100400;ALMIRANTE TAMANDARÉ;41;PARANÁ;SU;SUL;140013838,22;591569;98992836,0;55787;165741482,9;549193;93249691,93;73331;45895;2956;49412;2856
3374;2021-12-01;2608057;JATOBÁ;26;PERNAMBUCO;NE;NORDESTE;10216988,4;53918;3031597,46;1278;9862107,44;46918;3382192,58;2732;3785;79;3969;86
782;2021-12-01;3165800;SENADOR JOSÉ BENTO;31;MINAS GERAIS;SE;SUDESTE;1109666,87;3515;282230,84;201;1483727,74;2851;203340,61;242;427;21;368;21
1955;2021-12-01;2605509;FERREIROS;26;PERNAMBUCO;NE;NORDESTE;7621219,53;33338;948299,62;992;7899907,48;31314;820504,97;2095;2569;80;2810;71
3622;2021-12-01;5219704;SANTA TEREZINHA DE GOIÁS;52;GOIÁS;CO;CENTRO-OESTE;18069852,57;37069;3635810,84;3156;17328966,97;32442;2858816,16;6330;2782;209;3023;214
5741;2021-12-01;5202353;ARENÓPOLIS;52;GOIÁS;CO;CENTRO-OESTE;4604165,92;9871;1348886,14;834;4268836,38;7192;2127652,61;1819;915;55;935;52
797;2021-12-01;3202603;ICONHA;32;ESPÍRITO SANTO;SE;SUDESTE;12082803,5;40006;14124049,08;5166;12787391,77;35096;11667310,75;10002;3766;393;3700;401
1717;2021-12-01;1600303;MACAPÁ;16;AMAPÁ;NO;NORTE;798190302,6;4293922;318422188,88;239446;809185755,65;3918863;294900125,02;444193;217165;8898;223852;8464
900;2021-12-01;2400604;ALMINO AFONSO;24;RIO GRANDE DO NORTE;NE;NORDESTE;4588721,69;21609;426915,65;405;3787666,98;19333;956653,03;1268;1416;37;1404;41
4842;2021-12-01;2302404;BOA VIAGEM;23;CEARÁ;NE;NORDESTE;32838469,54;152869;7384446,38;5805;33049550,01;144544;7532080,7;13846;11777;362;12909;360
4119;2021-12-01;3165701;SENADOR FIRMINO;31;MINAS GERAIS;SE;SUDESTE;5249542,34;16487;1512593,78;1243;5744330,69;14247;1926354,56;2241;1758;121;1757;125
2053;2021-12-01;4315602;RIO GRANDE;43;RIO GRANDE DO SUL;SU;SUL;271691922,54;1075283;225587885,66;95345;272118903,16;930138;239581016,95;154513;84864;5125;83276;4886
2045;2021-12-01;2704104;LAGOA DA CANOA;27;ALAGOAS;NE;NORDESTE;9928722,73;36250;1646907,62;1149;10428745,86;33147;1539978,04;1521;3105;82;3557;72
5385;2021-12-01;3148806;PEDRA DO ANTA;31;MINAS GERAIS;SE;SUDESTE;1785207,58;5712;291135,33;244;1874891,64;5503;293162,73;357;589;34;626;31
2021;2021-12-01;2414001;TANGARÁ;24;RIO GRANDE DO NORTE;NE;NORDESTE;13119083,65;67715;3486983,14;2495;12681769,13;66687;3859016,4;8089;4259;127;4744;130
5389;2021-12-01;4110409;INDIANÓPOLIS;41;PARANÁ;SU;SUL;4306452,1;12865;4009280,1;1202;4135679,16;10771;4296116,01;2036;1360;88;1350;93
866;2021-12-01;4311791;MARATÁ;43;RIO GRANDE DO SUL;SU;SUL;1806230,45;5606;1158390,65;577;1813080,29;4310;1504697,49;1696;632;64;558;65
5455;2021-12-01;2408953;RIO DO FOGO;24;RIO GRANDE DO NORTE;NE;NORDESTE;7750187,79;42963;1768666,22;1906;8705224,99;40149;1392720,4;3132;2823;77;3015;70
4090;2021-12-01;1503457;IPIXUNA DO PARÁ;15;PARÁ;NO;NORTE;16455470,91;78752;5848886,04;3437;16761891,77;68433;7486732,17;7186;5119;184;5484;186
4089;2021-12-01;2106904;MONÇÃO;21;MARANHÃO;NE;NORDESTE;9697411,63;58528;1929780,89;1374;9636886,52;50493;1644811,95;4049;4200;78;4545;71
4263;2021-12-01;4123303;SANTA CRUZ DE MONTE CASTELO;41;PARANÁ;SU;SUL;11570036,71;25321;5087659,57;2523;11985897,2;20133;5304248,7;5630;2413;190;2350;204
557;2021-12-01;2205151;JACOBINA DO PIAUÍ;22;PIAUÍ;NE;NORDESTE;2330346,13;9389;1280943,56;667;2285431,92;7982;857905,1;1036;741;42;826;43
3686;2021-12-01;1506112;QUATIPURU;15;PARÁ;NO;NORTE;5628206,95;31281;982253,78;1056;5817769,03;29459;822047,64;1924;2260;59;2564;53
2317;2021-12-01;5207600;FAZENDA NOVA;52;GOIÁS;CO;CENTRO-OESTE;6175385,89;18823;1838842,62;708;5668976,72;15192;1297132,42;1782;1532;74;1552;88
973;2021-12-01;3519055;HOLAMBRA;35;SÃO PAULO;SE;SUDESTE;41114470,46;80360;43889126,6;11297;42548455,18;63486;36664732,5;21814;6715;779;6665;763
5718;2021-12-01;2103901;DUQUE BACELAR;21;MARANHÃO;NE;NORDESTE;3592214,59;21243;467712,55;438;3459031,64;18277;409926,37;1134;1572;34;1801;36
2316;2021-12-01;3527256;LOURDES;35;SÃO PAULO;SE;SUDESTE;2348945,16;6669;155297,4;249;2531923,42;5299;178627,58;797;640;27;635;28
3234;2021-12-01;5002001;BATAYPORÃ;50;MATO GROSSO DO SUL;CO;CENTRO-OESTE;10382859,48;35923;5765021,32;3242;10219022,98;28268;3729625,55;6517;3335;241;3472;239
1251;2021-12-01;5204706;CAMPINORTE;52;GOIÁS;CO;CENTRO-OESTE;21276192,33;52190;8680598,32;3400;20330248,23;43403;8392468,21;11408;3856;259;4072;271
4740;2021-12-01;2311900;SABOEIRO;23;CEARÁ;NE;NORDESTE;11103323,98;41568;513923,12;629;11056472,51;42950;737820,1;1307;3114;44;3405;48
1622;2021-12-01;4219150;VARGEM;42;SANTA CATARINA;SU;SUL;1437222,26;3923;407723,9;305;1465757,53;3252;700822,16;708;499;32;484;42
5302;2021-12-01;1508159;URUARÁ;15;PARÁ;NO;NORTE;43707910,2;129159;17658016,32;9262;45157179,12;104514;17725591,55;23420;9095;413;9720;417
3677;2021-12-01;2203503;ELESBÃO VELOSO;22;PIAUÍ;NE;NORDESTE;6034651,89;35993;1819376,33;614;6508122,02;33435;974016,47;1467;2964;65;3191;73
3489;2021-12-01;2300408;AIUABA;23;CEARÁ;NE;NORDESTE;8224218,42;39700;704346,27;897;8074460,6;39177;507987,84;1682;3052;83;3328;79
596;2021-12-01;2411205;SANTA CRUZ;24;RIO GRANDE DO NORTE;NE;NORDESTE;40255407,52;177865;13870451,94;9697;39563184,01;166384;11739487,91;25168;11927;567;12736;546
2285;2021-12-01;2200277;ALEGRETE DO PIAUÍ;22;PIAUÍ;NE;NORDESTE;5664960,26;22605;426610,63;492;5189164,9;19813;449384,0;1011;1334;28;1487;26
3479;2021-12-01;3501806;AMÉRICO DE CAMPOS;35;SÃO PAULO;SE;SUDESTE;6105745,91;18647;1572548,96;1047;6453663,98;15564;1512551,05;2545;1839;115;1778;124
2284;2021-12-01;2108009;PASTOS BONS;21;MARANHÃO;NE;NORDESTE;11664764,73;58422;4676945,72;2294;11823036,6;51802;3995751,31;5272;3903;134;4307;124
2280;2021-12-01;2111078;SÃO JOÃO DO SOTER;21;MARANHÃO;NE;NORDESTE;6816464,97;33288;502687,97;614;6725539,88;29321;448815,75;1288;2465;42;2770;52
1073;2021-12-01;1702703;AURORA DO TOCANTINS;17;TOCANTINS;NO;NORTE;2327160,31;9894;579977,24;358;2418804,21;8127;290201,87;1002;693;31;785;30
617;2021-12-01;2205540;LAGOINHA DO PIAUÍ;22;PIAUÍ;NE;NORDESTE;1293307,72;5186;178062,77;274;1015308,92;4771;265366,31;364;460;14;570;14
1789;2021-12-01;3515194;ESPÍRITO SANTO DO TURVO;35;SÃO PAULO;SE;SUDESTE;3454643,02;13113;1723393,5;807;4362143,91;11388;1039734,92;937;1319;69;1443;69
2267;2021-12-01;4304408;CANELA;43;RIO GRANDE DO SUL;SU;SUL;75003298,64;225792;59999271,41;39110;84195837,64;197159;64697976,05;64295;19167;2322;19338;2171
3475;2021-12-01;2202075;CAJAZEIRAS DO PIAUÍ;22;PIAUÍ;NE;NORDESTE;970981,27;6617;339455,14;195;1068294,14;5864;183964,0;157;519;14;648;11
1647;2021-12-01;1702901;AXIXÁ DO TOCANTINS;17;TOCANTINS;NO;NORTE;11045159,1;41506;1661257,81;1254;10887587,81;37364;1950386,78;2743;2974;89;3457;83
3652;2021-12-01;2915908;ITANAGRA;29;BAHIA;NE;NORDESTE;4500684,53;27342;933802,12;1028;4551299,22;23197;463955,43;1825;1814;67;2006;58
2242;2021-12-01;1718303;PRAIA NORTE;17;TOCANTINS;NO;NORTE;4668550,49;25552;310936,44;282;4915806,79;24312;339119,3;469;1778;26;2068;23
1113;2021-12-01;3515806;FLORA RICA;35;SÃO PAULO;SE;SUDESTE;1320472,44;5043;23474,94;37;1285242,53;4190;27716,44;204;463;6;473;15
1299;2021-12-01;3104700;ATALÉIA;31;MINAS GERAIS;SE;SUDESTE;9081564,0;32557;1223039,58;1185;9364597,63;27707;1618715,32;2586;2911;110;3008;116
5313;2021-12-01;2516755;TENÓRIO;25;PARAÍBA;NE;NORDESTE;1880637,58;7740;531764,5;503;1873297,96;7647;179619,16;277;638;27;766;21
4226;2021-12-01;2602803;BUÍQUE;26;PERNAMBUCO;NE;NORDESTE;18002092,36;67219;2319574,99;2220;19052048,48;65863;2252127,35;4675;6578;195;7762;190
2815;2021-12-01;2202778;COLÔNIA DO PIAUÍ;22;PIAUÍ;NE;NORDESTE;2655605,24;12600;262905,41;315;3204742,85;11242;247930,21;727;1089;29;1415;29
30;2021-12-01;4107108;DIAMANTE DO NORTE;41;PARANÁ;SU;SUL;5882225,8;18495;3122447,08;1346;6090107,1;15236;3171154,06;3399;1715;104;1724;111
2693;2021-12-01;1200054;ASSIS BRASIL;12;ACRE;NO;NORTE;4045323,29;15144;702575,69;558;4249425,53;12702;482181,51;594;1195;34;1310;36
4627;2021-12-01;4120309;PORTO VITÓRIA;41;PARANÁ;SU;SUL;1573049,47;5942;1046578,57;876;2054804,11;5333;1539646,13;1014;781;74;830;73
4571;2021-12-01;2801306;CAPELA;28;SERGIPE;NE;NORDESTE;17206168,92;85388;6077527,54;3177;17070806,06;77495;13472179,75;5847;6665;200;7395;188
4666;2021-12-01;3114907;CASA GRANDE;31;MINAS GERAIS;SE;SUDESTE;2297235,35;4206;439585,2;337;2561268,4;3200;383794,41;478;503;25;505;23
2949;2021-12-01;3503307;ARARAS;35;SÃO PAULO;SE;SUDESTE;199284098,97;597163;154421753,41;66310;209435742,71;515932;143091059,5;136738;53117;4513;52795;4307
3064;2021-12-01;2511707;PILÕEZINHOS;25;PARAÍBA;NE;NORDESTE;1677937,29;7817;225074,56;345;2118376,32;7706;73192,5;279;729;24;905;20
2872;2021-12-01;3136306;JOÃO PINHEIRO;31;MINAS GERAIS;SE;SUDESTE;64246435,53;192888;60767108,86;19162;65441218,5;166616;51237811,89;33532;15454;1332;16964;1304
2654;2021-12-01;2926301;RIACHÃO DO JACUÍPE;29;BAHIA;NE;NORDESTE;34556516,84;138318;20029488,83;7728;37585132,89;129414;22244258,88;15408;9284;557;10321;551
10;2021-12-01;2907558;CATURAMA;29;BAHIA;NE;NORDESTE;2495723,57;8037;341253,03;240;2641800,12;7204;174452,11;310;932;30;1029;32
5169;2021-12-01;2611309;POMBOS;26;PERNAMBUCO;NE;NORDESTE;18983345,09;68108;11836599,01;5009;22033034,33;66884;10618901,45;7711;5568;245;6309;226
2773;2021-12-01;4106001;CONGONHINHAS;41;PARANÁ;SU;SUL;6696319,94;22084;2324019,63;1675;7032902,57;18631;1773791,85;3376;2034;123;2136;135
170;2021-12-01;3110707;CAMBUQUIRA;31;MINAS GERAIS;SE;SUDESTE;9806571,96;36507;3714680,48;2997;10085164,17;32447;3383912,04;5521;3350;285;3604;301
3027;2021-12-01;2913705;INHAMBUPE;29;BAHIA;NE;NORDESTE;26637416,88;108060;15185888,82;6072;28766400,78;97617;16126684,88;10673;8189;370;9295;369
5188;2021-12-01;2304269;DEPUTADO IRAPUAN PINHEIRO;23;CEARÁ;NE;NORDESTE;4793596,34;20579;1279157,39;522;4796578,91;19188;889352,92;1489;1793;44;1911;41
64;2021-12-01;4306502;DOM FELICIANO;43;RIO GRANDE DO SUL;SU;SUL;5252802,58;19894;1822084,15;1317;4733999,32;14415;1383816,02;3142;2274;142;2113;151
4557;2021-12-01;2703700;JARAMATAIA;27;ALAGOAS;NE;NORDESTE;2885396,82;9828;621198,3;235;2573846,75;8935;200277,68;194;910;26;1116;23
2616;2021-12-01;1718402;PRESIDENTE KENNEDY;17;TOCANTINS;NO;NORTE;4187826,75;16861;598582,97;768;4353433,62;15567;585203,49;1537;1054;43;1144;44
2796;2021-12-01;2102200;BURITI;21;MARANHÃO;NE;NORDESTE;9753271,98;49783;1150771,22;1199;8878956,24;44456;881097,58;2281;4130;73;4152;76
5134;2021-12-01;2207405;PALMEIRA DO PIAUÍ;22;PIAUÍ;NE;NORDESTE;3761219,0;16816;539984,96;645;3484276,29;14321;677131,34;1290;1311;49;1392;46
2788;2021-12-01;5212501;LUZIÂNIA;52;GOIÁS;CO;CENTRO-OESTE;308371074,49;1270276;196621148,57;89221;345466686,8;1177182;167181151,17;166112;78463;4336;87693;4048
2679;2021-12-01;2910750;FÁTIMA;29;BAHIA;NE;NORDESTE;12923918,18;37918;2384625,27;1170;12558269,08;39512;2568152,99;2489;3286;119;3853;99
2911;2021-12-01;4110052;IGUATU;41;PARANÁ;SU;SUL;1401901,55;5232;1139844,26;332;1224418,44;4479;878045,03;808;575;37;554;40
115;2021-12-01;3123528;DURANDÉ;31;MINAS GERAIS;SE;SUDESTE;3586336,6;12250;1107466,04;713;3439642,74;10211;478820,49;1197;1535;86;1482;81
2862;2022-01-01;4317251;SANTA TEREZA;43;RIO GRANDE DO SUL;SU;SUL;665847,87;2033;261698,9;128;666282,53;1335;237514,61;257;298;27;251;25
3454;2022-01-01;3527256;LOURDES;35;SÃO PAULO;SE;SUDESTE;1580299,35;5666;164237,47;242;1708938,54;4563;72947,0;703;646;30;645;24
4942;2022-01-01;3548302;SANTO EXPEDITO;35;SÃO PAULO;SE;SUDESTE;2097772,08;8194;1313188,44;426;2221431,54;6159;1146416,54;1098;948;46;915;47
364;2022-01-01;3110707;CAMBUQUIRA;31;MINAS GERAIS;SE;SUDESTE;9034383,4;34287;3573075,76;2740;9500932,79;30445;4706714,38;5573;3457;276;3609;302
5029;2022-01-01;2202075;CAJAZEIRAS DO PIAUÍ;22;PIAUÍ;NE;NORDESTE;1076224,39;6530;504529,77;232;1126015,98;5773;242436,04;285;560;13;673;15
532;2022-01-01;3515806;FLORA RICA;35;SÃO PAULO;SE;SUDESTE;1017212,97;4317;28286,4;46;1031132,77;3626;104820,69;252;475;8;479;16
1556;2022-01-01;4315602;RIO GRANDE;43;RIO GRANDE DO SUL;SU;SUL;230942251,3;919787;188355510,22;86165;231727864,71;796781;205942771,29;139150;84592;5168;82415;4820
611;2022-01-01;3534807;OURO VERDE;35;SÃO PAULO;SE;SUDESTE;4552366,4;19233;1777352,89;1592;4884239,94;16306;2151894,58;2423;2145;128;2201;129
3971;2022-01-01;2204550;GUARIBAS;22;PIAUÍ;NE;NORDESTE;2678111,49;8443;1224798,87;503;2352841,31;7344;1417816,29;665;757;33;861;33
1407;2022-01-01;4311791;MARATÁ;43;RIO GRANDE DO SUL;SU;SUL;1761223,93;5141;1027662,18;448;1596940,35;3604;1534025,26;1486;643;62;539;67
162;2022-01-01;4306502;DOM FELICIANO;43;RIO GRANDE DO SUL;SU;SUL;4709686,77;18011;1214732,06;1196;5036058,24;12359;1214336,62;2792;2322;145;2096;157
5024;2022-01-01;4321857;TRÊS PALMEIRAS;43;RIO GRANDE DO SUL;SU;SUL;2938570,39;7103;911883,02;787;2124116,02;5488;1334513,03;1268;1037;91;892;93
5208;2022-01-01;4113007;JUSSARA;41;PARANÁ;SU;SUL;6244118,54;20531;1327414,89;1568;5687371,83;15748;1092498,7;2363;2314;158;2153;148
4401;2022-01-01;2105658;JUNCO DO MARANHÃO;21;MARANHÃO;NE;NORDESTE;3447709,87;15393;486978,95;343;3073236,04;14257;827203,98;676;1243;20;1355;18
5948;2022-01-01;2612406;SANHARÓ;26;PERNAMBUCO;NE;NORDESTE;9747342,28;32598;2065639,31;1467;9902574,95;30647;1403874,69;3087;3289;136;3756;120
5315;2022-01-01;2801306;CAPELA;28;SERGIPE;NE;NORDESTE;16370677,91;79216;5488906,69;2970;15984127,62;71708;9436605,25;5689;6852;213;7493;190
165;2022-01-01;4306353;DEZESSEIS DE NOVEMBRO;43;RIO GRANDE DO SUL;SU;SUL;1353199,55;3820;261889,03;152;1280039,8;5017;287456,02;253;512;18;490;24
1980;2022-01-01;1718303;PRAIA NORTE;17;TOCANTINS;NO;NORTE;4462604,38;23704;493549,88;279;4627587,6;22882;226046,89;522;1842;29;2108;23
4288;2022-01-01;3135001;JAGUARAÇU;31;MINAS GERAIS;SE;SUDESTE;2148471,24;10798;3006035,68;638;2150201,21;8311;2433070,13;1239;998;56;1011;44
3211;2022-01-01;2304269;DEPUTADO IRAPUAN PINHEIRO;23;CEARÁ;NE;NORDESTE;4247853,42;18418;1477418,38;570;4231361,48;17269;984838,11;1465;1796;48;1926;45
356;2022-01-01;2411205;SANTA CRUZ;24;RIO GRANDE DO NORTE;NE;NORDESTE;37776222,31;164782;13640668,33;8757;36257378,24;151668;10916621,95;23839;12082;567;12742;545
2513;2022-01-01;3542503;REGINÓPOLIS;35;SÃO PAULO;SE;SUDESTE;5701951,76;20678;1783489,82;1451;5682852,14;16406;1772791,61;2940;2116;129;2015;145
2274;2022-01-01;2108009;PASTOS BONS;21;MARANHÃO;NE;NORDESTE;10973860,46;53213;2876232,76;2068;10883719,14;46029;2237559,96;5173;4044;141;4300;129
5936;2022-01-01;1508159;URUARÁ;15;PARÁ;NO;NORTE;41540032,87;121789;16442151,85;9144;38754877,51;95559;16676420,02;23137;9407;424;9813;416
3856;2022-01-01;2203503;ELESBÃO VELOSO;22;PIAUÍ;NE;NORDESTE;5625818,57;33345;2049321,82;560;5893179,93;30857;1274593,33;1564;3111;65;3256;77
5733;2022-01-01;5214838;NOVA CRIXÁS;52;GOIÁS;CO;CENTRO-OESTE;16045954,52;38918;5699714,36;3514;14917157,5;36908;5658310,28;7153;3177;248;3466;243
4095;2022-01-01;2703205;IGREJA NOVA;27;ALAGOAS;NE;NORDESTE;8579261,25;34881;835292,56;701;8707439,63;31674;752412,45;912;3779;71;4292;72
2785;2022-01-01;4110052;IGUATU;41;PARANÁ;SU;SUL;1173118,45;4621;834317,03;289;1083835,81;3656;536307,16;592;576;39;535;34
5835;2022-01-01;2200459;ALVORADA DO GURGUÉIA;22;PIAUÍ;NE;NORDESTE;2761211,43;14348;571878,97;468;2749213,76;12917;349820,43;937;1173;35;1299;31
562;2022-01-01;4204194;CHAPADÃO DO LAGEADO;42;SANTA CATARINA;SU;SUL;2552551,84;4999;553224,73;585;2317686,28;3027;990330,37;1257;629;61;537;65
1815;2022-01-01;1506112;QUATIPURU;15;PARÁ;NO;NORTE;4713124,35;27961;883577,2;917;4707546,3;26330;815678,66;1772;2356;63;2580;56
1597;2022-01-01;5106182;NOVA LACERDA;51;MATO GROSSO;CO;CENTRO-OESTE;6595524,8;17552;3946072,75;1380;6654408,95;12867;4286966,39;2947;1893;115;1772;109
2449;2022-01-01;5002001;BATAYPORÃ;50;MATO GROSSO DO SUL;CO;CENTRO-OESTE;8588858,52;31394;11652649,89;2935;8546057,33;24413;26245457,39;5737;3334;252;3458;247
567;2022-01-01;3202603;ICONHA;32;ESPÍRITO SANTO;SE;SUDESTE;11391569,63;38305;10784560,7;4696;12016668,03;32782;8904572,46;9361;3941;391;3742;412
4423;2022-01-01;5202353;ARENÓPOLIS;52;GOIÁS;CO;CENTRO-OESTE;3850490,65;9223;1446979,31;756;3655024,46;6787;1342486,96;1773;937;60;909;53
1482;2022-01-01;4311734;MAMPITUBA;43;RIO GRANDE DO SUL;SU;SUL;1795038,14;5583;792918,01;588;2268719,19;4598;343382,51;880;604;35;572;29
3871;2022-01-01;3524204;JABORANDI;35;SÃO PAULO;SE;SUDESTE;7012948,21;17561;1454971,13;1073;6424001,82;13129;1006226,31;1681;1985;103;1857;110
558;2022-01-01;3156809;SABINÓPOLIS;31;MINAS GERAIS;SE;SUDESTE;10243202,8;33133;2031022,9;1477;9439415,72;28015;2228307,24;3814;3582;180;3733;188
956;2022-01-01;2307254;JIJOCA DE JERICOACOARA;23;CEARÁ;NE;NORDESTE;36545108,49;140908;20576406,62;20896;39456837,92;148683;22628012,12;66632;7474;910;7736;888
3137;2022-01-01;2506004;ESPERANÇA;25;PARAÍBA;NE;NORDESTE;26613142,74;92344;16658525,56;7585;25202247,15;85451;14833163,69;11303;7660;570;8606;525
5122;2022-01-01;2511707;PILÕEZINHOS;25;PARAÍBA;NE;NORDESTE;1611565,54;7514;194363,18;317;1767030,99;7639;105480,99;317;766;21;931;18
954;2022-01-01;2205540;LAGOINHA DO PIAUÍ;22;PIAUÍ;NE;NORDESTE;1157380,82;4913;143114,75;221;831599,97;4524;259989,22;396;467;12;570;13
1071;2022-01-01;4215307;SALETE;42;SANTA CATARINA;SU;SUL;6342946,06;17754;17910837,97;4016;6582199,18;11627;13030141,07;5976;2378;360;2098;367
5436;2022-01-01;2100832;APICUM-AÇU;21;MARANHÃO;NE;NORDESTE;7185885,34;35456;1154911,3;640;6812892,2;31254;1297223,61;1083;2890;66;3052;67
5440;2022-01-01;2903003;BARRA DO MENDES;29;BAHIA;NE;NORDESTE;6512127,86;33238;705958,41;1042;6493592,32;29955;957791,05;2660;3284;93;3365;101
5097;2022-01-01;2311900;SABOEIRO;23;CEARÁ;NE;NORDESTE;10237385,7;38445;507412,41;583;9486001,79;39190;572214,31;1127;3152;48;3412;39
2907;2022-01-01;3144409;NATÉRCIA;31;MINAS GERAIS;SE;SUDESTE;3636443,69;8206;1143316,74;572;3166169,62;6390;3121252,02;1249;1093;84;997;89
1785;2022-01-01;4114401;MANGUEIRINHA;41;PARANÁ;SU;SUL;14745454,94;36156;12010409,2;5457;16181208,0;26897;8963781,62;9256;4487;414;4407;441
2493;2022-01-01;2102200;BURITI;21;MARANHÃO;NE;NORDESTE;8224745,85;44523;1236940,98;955;7484453,46;39437;885022,47;2284;4248;68;4098;75
3994;2022-01-01;2913705;INHAMBUPE;29;BAHIA;NE;NORDESTE;25089481,7;98816;12342595,27;5618;27239042,27;87447;13076085,02;10303;8404;387;9370;362
5831;2022-01-01;2703700;JARAMATAIA;27;ALAGOAS;NE;NORDESTE;2967186,51;9897;635039,95;286;2770787,7;8608;237333,27;259;951;29;1093;26
1788;2022-01-01;2702405;DELMIRO GOUVEIA;27;ALAGOAS;NE;NORDESTE;39364491,84;170981;8924137,09;7750;38407812,84;153848;8866334,11;16740;14114;548;15804;522
2484;2022-01-01;2414001;TANGARÁ;24;RIO GRANDE DO NORTE;NE;NORDESTE;12754215,35;62535;3243501,23;2174;12247590,56;60844;3647518,48;7954;4366;141;4739;134
390;2022-01-01;2205151;JACOBINA DO PIAUÍ;22;PIAUÍ;NE;NORDESTE;2160851,16;8842;1402233,63;655;2061587,98;7406;526122,94;1164;736;43;825;42
1455;2022-01-01;3519055;HOLAMBRA;35;SÃO PAULO;SE;SUDESTE;36130637,99;72860;40552800,31;10550;39429037,69;55208;33227338,54;21161;6770;778;6640;774
1952;2022-01-01;4106001;CONGONHINHAS;41;PARANÁ;SU;SUL;5473357,71;19509;1620168,43;1615;5265558,82;15882;1892655,9;3041;2090;120;2087;132
3998;2022-01-01;1705508;COLINAS DO TOCANTINS;17;TOCANTINS;NO;NORTE;58090893,37;172172;23304227,97;14653;61025200,08;143774;24341447,36;34163;12573;854;13725;836
4324;2022-01-01;3165701;SENADOR FIRMINO;31;MINAS GERAIS;SE;SUDESTE;5111191,63;15608;1661350,01;1097;5220554,94;12983;1591977,55;2221;1805;118;1769;125
1292;2022-01-01;3104700;ATALÉIA;31;MINAS GERAIS;SE;SUDESTE;8949523,67;30238;1524491,12;1179;8911191,84;24885;1471910,37;2811;3060;115;3065;124
3120;2022-01-01;4200705;ALFREDO WAGNER;42;SANTA CATARINA;SU;SUL;7926955,38;18360;3627358,4;2886;9232892,66;13236;3792661,52;6107;2350;288;2220;310
4298;2022-01-01;2602803;BUÍQUE;26;PERNAMBUCO;NE;NORDESTE;16447728,44;63253;2528795,61;2274;17623638,33;62015;3236568,76;4465;6835;202;7854;184
1308;2022-01-01;1600303;MACAPÁ;16;AMAPÁ;NO;NORTE;664632085,2;3756149;263963062,09;209117;666221366,21;3391115;245868284,12;396691;220144;8915;222781;8395
1057;2022-01-01;3540606;PORTO FELIZ;35;SÃO PAULO;SE;SUDESTE;65927053,76;221693;57563030,74;25608;76713815,02;184488;61418256,71;44696;21284;1752;21109;1647
422;2022-01-01;2907558;CATURAMA;29;BAHIA;NE;NORDESTE;2097866,8;7470;250207,16;212;2147339,59;6682;157330,94;289;957;32;1041;29
4638;2022-01-01;2203420;DOMINGOS MOURÃO;22;PIAUÍ;NE;NORDESTE;1628873,65;8985;29449,84;97;1848321,06;8081;22595,19;177;828;14;965;13
3188;2022-01-01;2608057;JATOBÁ;26;PERNAMBUCO;NE;NORDESTE;8621312,24;45293;2753650,18;1115;8060839,07;38663;3258304,01;2448;3903;77;3976;83
3167;2022-01-01;2910750;FÁTIMA;29;BAHIA;NE;NORDESTE;11173884,92;37508;2136513,39;1175;10978883,11;38492;2512646,26;2517;3454;124;3903;100
3776;2022-01-01;2701100;BRANQUINHA;27;ALAGOAS;NE;NORDESTE;3399772,43;17571;543411,76;508;3625526,38;16614;466223,09;396;1789;32;2149;31
55;2022-01-01;3123528;DURANDÉ;31;MINAS GERAIS;SE;SUDESTE;3055228,51;11019;1160588,24;802;2684173,38;9067;572277,86;1230;1573;89;1480;73
1513;2022-01-01;1501253;BANNACH;15;PARÁ;NO;NORTE;3895414,88;10046;426269,11;338;3192304,09;7918;772695,76;1068;997;36;951;35
3689;2022-01-01;3549102;SÃO JOÃO DA BOA VISTA;35;SÃO PAULO;SE;SUDESTE;132473609,26;338057;87064531,34;41030;143838997,63;282200;111636389,92;75300;34673;3407;33973;3365
1534;2022-01-01;1702901;AXIXÁ DO TOCANTINS;17;TOCANTINS;NO;NORTE;9590336,53;36668;1431229,08;1210;9360257,12;33168;1889856,23;2784;2963;95;3389;80
2188;2022-01-01;2111078;SÃO JOÃO DO SOTER;21;MARANHÃO;NE;NORDESTE;5490917,43;30114;841460,64;605;5495564,55;27366;760746,26;1148;2520;47;2768;48
4856;2022-01-01;3550803;SÃO SEBASTIÃO DA GRAMA;35;SÃO PAULO;SE;SUDESTE;8116906,12;21041;5922913,15;2411;7890510,67;17373;8047729,17;3955;2636;256;2605;277
3933;2022-01-01;4123303;SANTA CRUZ DE MONTE CASTELO;41;PARANÁ;SU;SUL;9955389,43;22383;3679898,45;2005;9557462,15;17326;3442276,46;5035;2464;191;2354;198
3781;2022-01-01;2609501;NAZARÉ DA MATA;26;PERNAMBUCO;NE;NORDESTE;18927090,56;97565;5402865,22;3366;19524884,92;88362;37615408,55;5431;8156;258;9048;248
2362;2022-01-01;2513943;SÃO DOMINGOS DO CARIRI;25;PARAÍBA;NE;NORDESTE;1813614,36;5826;28719,85;23;1788787,0;5496;8562,74;60;533;5;586;7
1624;2022-01-01;3139003;MACHADO;31;MINAS GERAIS;SE;SUDESTE;42438214,21;108965;75062988,61;13672;44038674,85;92251;55327600,27;17945;11712;1022;12084;1019
5176;2022-01-01;4100400;ALMIRANTE TAMANDARÉ;41;PARANÁ;SU;SUL;123442779,22;521360;85936511,26;51357;138164234,43;464403;86633450,89;66291;46463;2987;48962;2824
284;2022-01-01;4107108;DIAMANTE DO NORTE;41;PARANÁ;SU;SUL;4687399,04;16339;2942099,28;1205;4624831,78;12193;3175582,15;2994;1690;109;1693;113
2743;2022-01-01;3170909;VARZELÂNDIA;31;MINAS GERAIS;SE;SUDESTE;13046679,24;57240;2420975,05;2347;13075029,16;49650;1990671,78;7270;4956;180;4952;165
1242;2022-01-01;5106703;PONTE BRANCA;51;MATO GROSSO;CO;CENTRO-OESTE;1908731,87;6052;246534,66;216;1857761,9;5002;240325,67;530;563;21;567;27
4770;2022-01-01;3114907;CASA GRANDE;31;MINAS GERAIS;SE;SUDESTE;1646382,81;3729;283042,02;201;1597277,59;2789;371087,33;481;505;26;498;23
4230;2022-01-01;2926301;RIACHÃO DO JACUÍPE;29;BAHIA;NE;NORDESTE;31687241,66;127650;21008786,61;7576;33655737,02;118452;22086884,42;14721;9464;575;10363;538
708;2022-01-01;3518107;GUARANTÃ;35;SÃO PAULO;SE;SUDESTE;4099566,26;19345;820004,23;1183;4660694,01;16563;1578121,59;2599;2138;127;2079;123
5226;2022-01-01;2202778;COLÔNIA DO PIAUÍ;22;PIAUÍ;NE;NORDESTE;2421139,09;11474;213489,48;298;2671242,96;10682;186426,77;520;1140;35;1430;27
722;2022-01-01;3520608;INDIANA;35;SÃO PAULO;SE;SUDESTE;5267271,7;17715;2114759,56;1884;5752358,02;15556;2388876,67;2473;1782;133;1746;135
3169;2022-01-01;2615904;TUPARETAMA;26;PERNAMBUCO;NE;NORDESTE;6131659,71;22718;800416,39;641;5742666,5;19985;486205,78;1700;2233;83;2337;73
464;2022-01-01;2918506;JUSSARA;29;BAHIA;NE;NORDESTE;6831148,38;31912;707789,46;862;6920491,18;31130;1031627,22;1991;3254;81;3475;82
5602;2022-01-01;3517604;GUAPIARA;35;SÃO PAULO;SE;SUDESTE;12806180,49;45763;4358399,66;2676;12483899,87;36079;4110468,22;4203;4783;212;4754;196
5771;2022-01-01;1200054;ASSIS BRASIL;12;ACRE;NO;NORTE;3461646,64;13800;414019,59;424;3548883,96;11677;262874,58;532;1216;33;1314;35
50;2022-01-01;3103108;ANTÔNIO PRADO DE MINAS;31;MINAS GERAIS;SE;SUDESTE;957992,76;4007;31731,57;60;998435,93;3626;63748,65;156;384;12;388;12
4866;2022-01-01;2300408;AIUABA;23;CEARÁ;NE;NORDESTE;7268753,51;36872;545741,22;822;7136386,36;35915;447847,44;1424;3149;85;3339;83
146;2022-01-01;3133204;ITANHOMI;31;MINAS GERAIS;SE;SUDESTE;9899100,49;26702;1351135,46;1252;11256212,92;21464;1866817,19;3054;2876;153;2945;166
4634;2022-01-01;2804300;MURIBECA;28;SERGIPE;NE;NORDESTE;3326143,16;15014;686061,63;661;3361265,13;14150;1619901,42;1452;1455;39;1647;35
3827;2022-01-01;5212501;LUZIÂNIA;52;GOIÁS;CO;CENTRO-OESTE;273691501,41;1144914;181295953,97;82509;303875859,57;1047347;138878251,93;154160;79491;4350;87464;4042
2411;2022-01-01;1702703;AURORA DO TOCANTINS;17;TOCANTINS;NO;NORTE;1938123,3;8344;287255,79;366;2088574,26;6895;338890,41;936;714;30;778;30
41;2022-01-01;3165800;SENADOR JOSÉ BENTO;31;MINAS GERAIS;SE;SUDESTE;1164357,59;2902;168037,78;160;1041207,73;2437;147528,28;213;404;22;372;26
4206;2022-01-01;3501806;AMÉRICO DE CAMPOS;35;SÃO PAULO;SE;SUDESTE;5781381,47;16589;1182721,0;890;6553147,45;13575;1145692,68;2484;1894;108;1800;128
2245;2022-01-01;3515194;ESPÍRITO SANTO DO TURVO;35;SÃO PAULO;SE;SUDESTE;3005269,11;11566;898623,45;608;3463488,14;9686;488595,8;865;1365;72;1394;61
3615;2022-01-01;1503457;IPIXUNA DO PARÁ;15;PARÁ;NO;NORTE;13641169,94;68905;5564220,95;3315;13820507,39;60267;5395300,49;6869;5211;206;5507;192
1363;2022-01-01;2400604;ALMINO AFONSO;24;RIO GRANDE DO NORTE;NE;NORDESTE;4192639,8;19823;308731,54;409;3567533,31;17476;695586,28;1086;1454;37;1420;39
2847;2022-01-01;2200277;ALEGRETE DO PIAUÍ;22;PIAUÍ;NE;NORDESTE;5185374,88;19280;574129,63;402;4353674,49;16685;545749,75;883;1318;26;1459;25
989;2022-01-01;2506103;FAGUNDES;25;PARAÍBA;NE;NORDESTE;5288538,73;26491;658362,15;545;5497323,57;26969;411086,12;1310;2470;54;2814;51
5752;2022-01-01;3165206;SÃO TOMÉ DAS LETRAS;31;MINAS GERAIS;SE;SUDESTE;5271859,71;19171;3439614,55;3326;6067019,52;20734;3208160,96;6243;1842;281;2043;249
1156;2022-01-01;5201405;APARECIDA DE GOIÂNIA;52;GOIÁS;CO;CENTRO-OESTE;985411442,78;3669061;722253556,5;289449;1087416204,92;3434738;758720494,55;546248;242228;15339;260817;14188
3757;2022-01-01;3148509;PAVÃO;31;MINAS GERAIS;SE;SUDESTE;4541765,01;17617;1681457,77;877;5721725,7;15347;1289513,7;1516;1845;86;1899;91
3428;2022-01-01;4302584;BOZANO;43;RIO GRANDE DO SUL;SU;SUL;1225208,09;2536;541633,26;219;1128603,53;1626;420520,19;316;391;24;311;28
4268;2022-01-01;3503307;ARARAS;35;SÃO PAULO;SE;SUDESTE;177769658,57;521866;141785119,75;60349;187879599,22;442829;142667970,51;127014;53478;4544;52293;4330
3501;2022-01-01;4304408;CANELA;43;RIO GRANDE DO SUL;SU;SUL;66342417,43;203012;57706995,97;34434;74003303,02;171805;61396347,01;53650;19407;2317;19323;2183
5926;2022-01-01;3301157;CARDOSO MOREIRA;33;RIO DE JANEIRO;SE;SUDESTE;9235465,42;34555;7184647,66;2015;8833275,29;30656;6323273,03;3715;3539;202;3579;219
2029;2022-01-01;5207600;FAZENDA NOVA;52;GOIÁS;CO;CENTRO-OESTE;5429434,03;17404;1812933,26;715;5911868,34;14513;994400,68;1571;1549;81;1571;91
844;2022-01-01;5204706;CAMPINORTE;52;GOIÁS;CO;CENTRO-OESTE;19528699,39;47240;22649903,54;3367;18261756,74;38182;22003196,41;12105;3901;256;4089;283
3090;2022-01-01;1718402;PRESIDENTE KENNEDY;17;TOCANTINS;NO;NORTE;3108052,61;14827;593420,51;673;3163040,8;12966;663987,56;1439;1061;45;1125;44
1248;2022-01-01;2504207;CATINGUEIRA;25;PARAÍBA;NE;NORDESTE;2464516,87;10537;525170,43;283;2792102,3;9715;280985,23;1103;997;26;1163;23
3890;2022-01-01;2704104;LAGOA DA CANOA;27;ALAGOAS;NE;NORDESTE;9792030,37;34756;1594357,1;1204;9766941,79;31221;1181513,4;1621;3260;99;3630;78
5072;2022-01-01;2915908;ITANAGRA;29;BAHIA;NE;NORDESTE;4049563,35;25435;867054,45;1022;4268991,87;21711;578863,85;2011;1894;72;2063;51
1466;2022-01-01;2605509;FERREIROS;26;PERNAMBUCO;NE;NORDESTE;7010432,45;29729;790280,89;835;6662564,19;26963;701703,81;1726;2590;81;2808;71
3423;2022-01-01;3136306;JOÃO PINHEIRO;31;MINAS GERAIS;SE;SUDESTE;59352146,84;176529;45114916,56;16828;61026873,67;147244;41732023,24;32301;15868;1343;17037;1299
2402;2022-01-01;4219150;VARGEM;42;SANTA CATARINA;SU;SUL;1840578,9;3425;314793,62;305;1480183,77;2839;666537,8;748;503;33;481;40
5327;2022-01-01;2920601;MARAGOGIPE;29;BAHIA;NE;NORDESTE;21070908,42;137353;2878218,87;3047;22300877,8;133537;2918171,3;4595;9013;188;10174;199
2417;2022-01-01;2207405;PALMEIRA DO PIAUÍ;22;PIAUÍ;NE;NORDESTE;3318117,42;15561;622530,6;639;3389921,55;13404;524613,27;1191;1355;51;1416;51
3341;2022-01-01;5219704;SANTA TEREZINHA DE GOIÁS;52;GOIÁS;CO;CENTRO-OESTE;18631964,13;35354;3998940,42;3013;16697576,4;29598;3089440,47;6062;2847;214;3066;209
3362;2022-01-01;3553906;TARABAI;35;SÃO PAULO;SE;SUDESTE;5803761,7;21915;2524508,66;2288;7020055,36;18347;2312045,08;3173;2196;164;2242;137
1321;2022-01-01;3169406;TRÊS PONTAS;31;MINAS GERAIS;SE;SUDESTE;69197461,33;165418;65161740,08;15921;70400509,12;143570;66416111,95;26783;16466;1357;17202;1323
3623;2022-01-01;4211504;NOVA TRENTO;42;SANTA CATARINA;SU;SUL;14221090,07;32671;16886950,69;5816;13655007,83;24640;15563571,61;9387;4178;598;3855;616
1008;2022-02-01;3540606;PORTO FELIZ;35;SÃO PAULO;SE;SUDESTE;69125403,21;233599;58073114,22;26931;77878891,76;196785;62427036,39;47484;21766;1782;21697;1686
4819;2022-02-01;5202353;ARENÓPOLIS;52;GOIÁS;CO;CENTRO-OESTE;4079702,12;10152;1113836,89;800;3778791,72;7163;1563828,29;1893;982;52;958;56
3506;2022-02-01;3170909;VARZELÂNDIA;31;MINAS GERAIS;SE;SUDESTE;12776672,06;61941;2261180,28;2489;12790635,03;52348;2057386,64;7709;5144;179;5060;171
2361;2022-02-01;2910750;FÁTIMA;29;BAHIA;NE;NORDESTE;11410969,2;40006;1808452,84;1255;11534359,18;38792;2481991,53;2735;3643;128;4066;109
5286;2022-02-01;3121506;DESTERRO DO MELO;31;MINAS GERAIS;SE;SUDESTE;1499899,39;4512;511109,87;223;1694885,72;4364;554489,68;360;629;27;647;29
5044;2022-02-01;2931053;TANQUE NOVO;29;BAHIA;NE;NORDESTE;9444726,37;28089;3597801,57;2012;8506354,2;23787;4327415,97;4100;2906;200;2904;185
5420;2022-02-01;2506004;ESPERANÇA;25;PARAÍBA;NE;NORDESTE;25347315,89;95652;19176951,25;7751;25584630,43;88603;17359305,86;11326;7939;586;8801;527
1899;2022-02-01;2411205;SANTA CRUZ;24;RIO GRANDE DO NORTE;NE;NORDESTE;39040776,78;176468;12162614,95;9012;37402470,93;160044;10384860,72;23848;12518;557;13135;557
5622;2022-02-01;2410306;SERRA CAIADA;24;RIO GRANDE DO NORTE;NE;NORDESTE;5707887,55;27283;3882740,08;1537;5650846,83;26611;2791744,96;2552;2165;85;2400;69
3199;2022-02-01;1718501;RECURSOLÂNDIA;17;TOCANTINS;NO;NORTE;2584828,03;10586;588095,49;407;2289158,58;8213;558216,37;606;793;20;843;19
5140;2022-02-01;3522307;ITAPETININGA;35;SÃO PAULO;SE;SUDESTE;203330969,5;691130;165785494,78;73841;226431869,55;602582;130600683,3;125944;64115;4724;63126;4400
3182;2022-02-01;2804300;MURIBECA;28;SERGIPE;NE;NORDESTE;3076736,36;16436;758973,23;665;3426329,58;15004;1254750,55;1176;1561;40;1713;31
992;2022-02-01;3110707;CAMBUQUIRA;31;MINAS GERAIS;SE;SUDESTE;9741983,72;35854;4760817,06;2828;10126971,61;31862;4572921,54;5782;3542;293;3690;309
2919;2022-02-01;3144409;NATÉRCIA;31;MINAS GERAIS;SE;SUDESTE;3593024,73;9174;2413717,8;631;3147018,48;7174;5796643,94;1304;1146;84;1049;90
3212;2022-02-01;3104700;ATALÉIA;31;MINAS GERAIS;SE;SUDESTE;9078636,61;33189;1498038,29;1170;8565878,52;26379;1328213,06;2810;3160;127;3184;125
1379;2022-02-01;3534807;OURO VERDE;35;SÃO PAULO;SE;SUDESTE;5153244,74;20916;1723211,87;1550;5290241,27;17085;1738569,51;2555;2215;130;2273;123
16;2022-02-01;5204706;CAMPINORTE;52;GOIÁS;CO;CENTRO-OESTE;19551568,87;51754;17456040,14;3373;18378515,66;42263;15598420,2;13073;4065;268;4208;288
3867;2022-02-01;2513943;SÃO DOMINGOS DO CARIRI;25;PARAÍBA;NE;NORDESTE;1991487,94;6616;12235,09;26;2065217,67;5911;5922,0;58;580;5;607;9
2681;2022-02-01;2207405;PALMEIRA DO PIAUÍ;22;PIAUÍ;NE;NORDESTE;3444379,98;16882;512250,8;632;3543068,55;14170;519761,76;1251;1388;48;1495;46
994;2022-02-01;2504207;CATINGUEIRA;25;PARAÍBA;NE;NORDESTE;2548132,58;11223;427320,43;318;2604824,25;10164;256950,78;738;1032;28;1184;30
1883;2022-02-01;2205540;LAGOINHA DO PIAUÍ;22;PIAUÍ;NE;NORDESTE;1239274,82;5287;137009,74;187;1239068,25;4898;305417,33;404;501;12;594;12
4596;2022-02-01;2615904;TUPARETAMA;26;PERNAMBUCO;NE;NORDESTE;6028569,01;24034;948244,74;683;5973833,8;21040;772007,51;1748;2309;84;2431;79
4068;2022-02-01;2202778;COLÔNIA DO PIAUÍ;22;PIAUÍ;NE;NORDESTE;2558886,7;13134;207578,81;289;2833211,03;11606;152438,2;577;1220;33;1528;30
2988;2022-02-01;4302584;BOZANO;43;RIO GRANDE DO SUL;SU;SUL;1178808,77;2622;577982,02;242;1148191,14;1679;378198,97;279;400;28;330;25
2973;2022-02-01;3524204;JABORANDI;35;SÃO PAULO;SE;SUDESTE;6151128,09;19110;1138596,3;1182;5669896,39;14205;805322,97;1837;2028;111;1936;110
818;2022-02-01;4204194;CHAPADÃO DO LAGEADO;42;SANTA CATARINA;SU;SUL;2984466,84;5834;520217,49;583;2747861,06;3383;938140,8;1365;670;64;584;65
4588;2022-02-01;2414001;TANGARÁ;24;RIO GRANDE DO NORTE;NE;NORDESTE;12599476,32;67412;2803099,59;2404;12407687,48;64506;3453452,19;7538;4487;147;4850;135
816;2022-02-01;3520608;INDIANA;35;SÃO PAULO;SE;SUDESTE;5413570,4;19194;2050905,27;1981;6429185,28;16525;1784067,22;2718;1817;134;1794;135
5014;2022-02-01;4100400;ALMIRANTE TAMANDARÉ;41;PARANÁ;SU;SUL;129076088,54;550573;91675854,24;54195;149621099,81;498982;88734207,16;72646;47549;3052;50166;2914
3313;2022-02-01;2302404;BOA VIAGEM;23;CEARÁ;NE;NORDESTE;32233942,42;152418;8175012,58;5891;32520021,1;141515;7465999,79;13517;12608;393;13393;380
4246;2022-02-01;4113007;JUSSARA;41;PARANÁ;SU;SUL;6218939,2;22836;2059125,33;1680;5934609,28;17510;1423099,42;2423;2389;157;2225;149
3396;2022-02-01;5219704;SANTA TEREZINHA DE GOIÁS;52;GOIÁS;CO;CENTRO-OESTE;18850315,28;38111;4005022,88;3335;16982869,76;31532;3254999,0;6503;2984;231;3160;225
2183;2022-02-01;2608057;JATOBÁ;26;PERNAMBUCO;NE;NORDESTE;8842533,7;48847;2510785,81;1214;8255922,95;40968;2800282,97;2356;4004;76;4065;81
4747;2022-02-01;3501806;AMÉRICO DE CAMPOS;35;SÃO PAULO;SE;SUDESTE;5343719,23;18240;950062,52;922;6143723,38;14335;1098260,13;2611;1916;123;1815;124
697;2022-02-01;3518107;GUARANTÃ;35;SÃO PAULO;SE;SUDESTE;4605164,85;21898;836249,71;1249;5224359,78;18080;1547955,18;2984;2234;124;2159;127
3721;2022-02-01;4110052;IGUATU;41;PARANÁ;SU;SUL;1388113,0;5014;1253439,97;336;1292773,96;3869;1016494,67;740;598;35;566;36
3722;2022-02-01;2703700;JARAMATAIA;27;ALAGOAS;NE;NORDESTE;2769698,39;10736;686649,72;335;2763174,28;9026;208218,42;256;969;24;1130;20
2735;2022-02-01;1600303;MACAPÁ;16;AMAPÁ;NO;NORTE;682942267,79;4054453;268528656,5;223929;685539743,28;3662862;253819359,41;427910;225704;9100;228647;8534
2106;2022-02-01;1506112;QUATIPURU;15;PARÁ;NO;NORTE;5361764,64;30844;1052488,78;1154;5384929,24;28670;879561,52;2208;2476;64;2710;53
2734;2022-02-01;3549102;SÃO JOÃO DA BOA VISTA;35;SÃO PAULO;SE;SUDESTE;134937387,37;359548;87384783,45;42351;141219149,65;301966;106530779,3;80041;35664;3456;34846;3417
755;2022-02-01;5106182;NOVA LACERDA;51;MATO GROSSO;CO;CENTRO-OESTE;6982187,73;19414;2073312,27;1551;7135604,66;13947;1848699,4;3295;1984;122;1845;120
5601;2022-02-01;3122207;DIVINOLÂNDIA DE MINAS;31;MINAS GERAIS;SE;SUDESTE;8364602,83;18454;1414965,34;731;7814181,35;15483;1366278,14;2011;1969;80;2023;88
2127;2022-02-01;2400604;ALMINO AFONSO;24;RIO GRANDE DO NORTE;NE;NORDESTE;4412956,54;21206;584193,25;418;3955273,86;18044;866626,32;1178;1494;38;1464;44
2142;2022-02-01;1702703;AURORA DO TOCANTINS;17;TOCANTINS;NO;NORTE;2202401,65;9279;379938,6;437;2354954,51;7184;303657,65;865;738;32;780;29
2132;2022-02-01;3165701;SENADOR FIRMINO;31;MINAS GERAIS;SE;SUDESTE;4668739,21;16058;1196765,86;1159;5158789,3;13071;1609515,05;2313;1835;125;1780;130
2173;2022-02-01;2102200;BURITI;21;MARANHÃO;NE;NORDESTE;9044563,81;47798;1436728,14;1187;8272258,59;41185;794422,26;2444;4495;69;4261;79
3414;2022-02-01;5002001;BATAYPORÃ;50;MATO GROSSO DO SUL;CO;CENTRO-OESTE;8751783,69;34280;8994218,66;3036;10066938,97;26370;16258137,64;5872;3487;271;3577;262
5758;2022-02-01;4211504;NOVA TRENTO;42;SANTA CATARINA;SU;SUL;13364317,43;36154;21734092,67;6749;14852877,99;27551;18870119,84;10231;4283;644;3993;636
5531;2022-02-01;2311900;SABOEIRO;23;CEARÁ;NE;NORDESTE;10920261,93;42496;449890,12;596;10324529,98;41881;666324,28;1374;3333;45;3554;52
3227;2022-02-01;3104106;ARCEBURGO;31;MINAS GERAIS;SE;SUDESTE;5811055,53;23642;5480835,59;2367;6427692,31;18844;6288891,2;5205;2546;196;2466;214
1376;2022-02-01;5106703;PONTE BRANCA;51;MATO GROSSO;CO;CENTRO-OESTE;2311204,33;6879;297017,79;310;1938962,0;5466;333741,74;649;599;27;605;35
5037;2022-02-01;1706001;COUTO MAGALHÃES;17;TOCANTINS;NO;NORTE;4005014,29;15466;6791643,65;1481;3651008,56;12179;8916469,28;2798;1216;76;1307;65
3694;2022-02-01;1705508;COLINAS DO TOCANTINS;17;TOCANTINS;NO;NORTE;60185156,34;189504;31089633,23;16350;63315581,03;159432;32145372,5;38513;13115;887;14195;883
3754;2022-02-01;4304408;CANELA;43;RIO GRANDE DO SUL;SU;SUL;62785090,34;210164;47931524,32;32490;69609708,34;173188;53745347,73;52097;19919;2375;19859;2189
111;2022-02-01;3103108;ANTÔNIO PRADO DE MINAS;31;MINAS GERAIS;SE;SUDESTE;1151765,43;4530;45927,68;70;1161750,55;3877;39643,96;158;397;15;398;12
3015;2022-02-01;2701100;BRANQUINHA;27;ALAGOAS;NE;NORDESTE;3469499,12;19666;467866,75;552;3710117,83;17501;367064,81;350;1881;35;2219;35
3748;2022-02-01;2203503;ELESBÃO VELOSO;22;PIAUÍ;NE;NORDESTE;6114703,4;35664;2074917,99;624;6093341,71;32548;846058,06;1548;3208;75;3390;78
1961;2022-02-01;2702405;DELMIRO GOUVEIA;27;ALAGOAS;NE;NORDESTE;39586993,78;182447;8474216,12;7974;39518129,7;161744;7397547,48;17873;14648;577;16351;533
2290;2022-02-01;4317251;SANTA TEREZA;43;RIO GRANDE DO SUL;SU;SUL;817127,1;2170;497058,24;155;639651,04;1394;267323,48;317;322;24;265;26
5397;2022-02-01;4105201;CERRO AZUL;41;PARANÁ;SU;SUL;13557650,45;40219;5336014,98;3204;13812097,5;36085;4822894,8;5431;4333;242;4403;220
1870;2022-02-01;4106001;CONGONHINHAS;41;PARANÁ;SU;SUL;5589223,89;20991;1790046,36;1575;5436595,67;16769;1507960,59;2932;2153;120;2182;139
2273;2022-02-01;2915908;ITANAGRA;29;BAHIA;NE;NORDESTE;3912813,31;27160;1051612,06;1049;4214946,82;22000;802528,29;2171;1968;73;2106;64
885;2022-02-01;3169406;TRÊS PONTAS;31;MINAS GERAIS;SE;SUDESTE;68150187,03;176484;69300379,12;16329;67249758,87;152907;57447466,92;27266;17077;1381;17776;1314
4123;2022-02-01;1200054;ASSIS BRASIL;12;ACRE;NO;NORTE;4156987,71;14243;493232,85;545;4025514,03;12060;277020,9;607;1284;40;1361;38
5746;2022-02-01;2926806;RIO DO ANTÔNIO;29;BAHIA;NE;NORDESTE;6542934,36;23350;920049,15;734;6257532,81;17834;1251702,43;1383;2336;81;2372;76
1991;2022-02-01;2605509;FERREIROS;26;PERNAMBUCO;NE;NORDESTE;7112157,84;31907;1032283,66;1050;6808129,47;29029;656073,29;1957;2715;85;2868;77
4124;2022-02-01;3135308;JAPARAÍBA;31;MINAS GERAIS;SE;SUDESTE;2787943,85;9427;500018,17;510;3075633,49;8122;544555,42;1713;1109;80;1025;82
1993;2022-02-01;4315602;RIO GRANDE;43;RIO GRANDE DO SUL;SU;SUL;235299853,11;962221;183116632,29;88155;238474376,94;838118;211798367,53;141388;86517;5313;85650;4956
5017;2022-02-01;2704104;LAGOA DA CANOA;27;ALAGOAS;NE;NORDESTE;9910864,32;38662;1592506,68;1270;10182611,03;33139;1096280,65;1630;3439;100;3745;82
5808;2022-02-01;3550704;SÃO SEBASTIÃO;35;SÃO PAULO;SE;SUDESTE;146643514,5;514875;71448072,18;57697;161830184,15;466387;56347655,17;111951;42039;3592;42943;3337
2966;2022-02-01;2611309;POMBOS;26;PERNAMBUCO;NE;NORDESTE;18682281,49;68339;9465183,39;4671;20602926,19;66667;9159890,49;7997;5989;256;6541;231
3441;2022-02-01;5207600;FAZENDA NOVA;52;GOIÁS;CO;CENTRO-OESTE;5470381,08;18975;1405698,98;695;5593926,03;15081;935688,41;1851;1616;75;1605;90
2691;2022-02-01;4219150;VARGEM;42;SANTA CATARINA;SU;SUL;1641595,59;3922;272690,25;313;1535602,23;3224;482829,82;772;526;34;515;39
4958;2022-02-01;5103502;DIAMANTINO;51;MATO GROSSO;CO;CENTRO-OESTE;47565964,48;118056;22517499,95;12587;43702170,6;89824;20363467,34;25711;9755;881;9442;801
1524;2022-02-01;2205151;JACOBINA DO PIAUÍ;22;PIAUÍ;NE;NORDESTE;2189570,05;9791;828721,58;720;2137152,89;7921;603013,38;1253;812;45;878;45
3178;2022-02-01;2108009;PASTOS BONS;21;MARANHÃO;NE;NORDESTE;11680438,19;59878;4620379,8;2403;11784008,24;51248;3580631,31;6283;4278;136;4603;137
3681;2022-02-01;5214838;NOVA CRIXÁS;52;GOIÁS;CO;CENTRO-OESTE;17864743,88;42449;5333792,78;3771;16449517,58;40395;5965286,45;7773;3334;265;3595;251
2555;2022-02-01;2511707;PILÕEZINHOS;25;PARAÍBA;NE;NORDESTE;1796487,9;8414;175175,0;280;1908514,88;8275;108136,58;520;813;23;977;20
1615;2022-02-01;4311734;MAMPITUBA;43;RIO GRANDE DO SUL;SU;SUL;2116191,84;5685;745996,07;573;2170991,77;4696;386662,62;837;648;33;626;32
5910;2022-02-01;2409407;PAU DOS FERROS;24;RIO GRANDE DO NORTE;NE;NORDESTE;33848450,49;134608;29268727,5;8534;32653519,31;122682;31534926,18;23898;10556;642;10816;637
299;2022-02-01;2907558;CATURAMA;29;BAHIA;NE;NORDESTE;2117205,87;8185;429917,35;208;2515572,75;6991;168412,42;263;1003;31;1093;32
5684;2022-02-01;2803203;ITAPORANGA D'AJUDA;28;SERGIPE;NE;NORDESTE;19663188,28;110238;89969903,98;4877;20634989,18;101111;38674955,85;10907;8485;304;9559;286
1245;2022-02-01;1501253;BANNACH;15;PARÁ;NO;NORTE;3739449,51;11162;473617,86;331;4038922,75;8749;703322,9;1352;1037;40;1003;39
5235;2022-02-01;2300408;AIUABA;23;CEARÁ;NE;NORDESTE;7638729,58;40143;633789,59;756;7620961,06;38041;463778,89;1539;3300;91;3435;85
4437;2022-02-01;2106904;MONÇÃO;21;MARANHÃO;NE;NORDESTE;8960736,42;59847;1445378,51;1268;8616911,09;49743;1346003,13;4119;4614;82;4830;82
3115;2022-02-01;3550803;SÃO SEBASTIÃO DA GRAMA;35;SÃO PAULO;SE;SUDESTE;7291175,35;22805;7785694,13;2418;7386679,26;18839;9372309,02;4083;2787;261;2703;270
5515;2022-02-01;4127304;TERRA RICA;41;PARANÁ;SU;SUL;14614566,72;44698;4353637,52;4041;16649710,91;35465;5052569,78;7868;4726;363;4722;383
1787;2022-02-01;2200277;ALEGRETE DO PIAUÍ;22;PIAUÍ;NE;NORDESTE;4912233,02;21238;552927,21;416;4658690,51;17633;444342,33;938;1374;28;1500;26
2620;2022-02-01;3542503;REGINÓPOLIS;35;SÃO PAULO;SE;SUDESTE;6411997,03;22523;1892666,14;1496;5874802,32;18167;1978333,41;3003;2195;132;2109;140
11;2022-02-01;4107108;DIAMANTE DO NORTE;41;PARANÁ;SU;SUL;5608598,04;17596;2907873,04;1304;5370508,65;13000;3445401,25;3082;1775;111;1753;112
4396;2022-02-01;4110409;INDIANÓPOLIS;41;PARANÁ;SU;SUL;3782740,05;12635;2325866,47;1179;3930718,26;10015;1925769,05;1931;1462;90;1415;93
313;2022-02-01;3165800;SENADOR JOSÉ BENTO;31;MINAS GERAIS;SE;SUDESTE;1074141,54;3206;154618,3;153;1019642,49;2625;150186,96;268;420;20;373;21
1116;2022-02-01;3202603;ICONHA;32;ESPÍRITO SANTO;SE;SUDESTE;11755809,19;39682;12776665,43;5039;12355174,83;32502;9845572,65;10000;4018;412;3797;419
239;2022-02-01;3123528;DURANDÉ;31;MINAS GERAIS;SE;SUDESTE;2941747,84;11873;1153263,45;855;3069199,82;9860;521813,49;1278;1621;90;1558;79
1272;2022-02-01;3515194;ESPÍRITO SANTO DO TURVO;35;SÃO PAULO;SE;SUDESTE;3162150,54;12098;1844582,41;715;3522206,57;10066;1063038,33;893;1391;76;1442;66
2887;2022-02-01;2913705;INHAMBUPE;29;BAHIA;NE;NORDESTE;24761055,55;104909;12376173,13;5838;27118141,24;92543;10233230,79;10517;8677;405;9595;381
3128;2022-02-01;5212501;LUZIÂNIA;52;GOIÁS;CO;CENTRO-OESTE;279855880,07;1178605;208026126,32;83717;312171227,49;1083676;145329793,9;162717;81282;4461;89006;4167
1395;2022-02-01;4200705;ALFREDO WAGNER;42;SANTA CATARINA;SU;SUL;9468278,39;19781;3431019,59;3051;12203085,07;14220;3909758,33;6921;2484;304;2296;314
4474;2022-02-01;1503457;IPIXUNA DO PARÁ;15;PARÁ;NO;NORTE;14185163,24;76578;5571461,92;3663;15039408,96;65875;5216405,96;7537;5552;203;5800;207
1059;2022-02-01;4215307;SALETE;42;SANTA CATARINA;SU;SUL;7161943,64;19944;21682204,41;4457;6679430,52;12750;16905361,95;7279;2471;388;2182;387
3057;2022-02-01;2204550;GUARIBAS;22;PIAUÍ;NE;NORDESTE;2734418,81;9701;1136948,64;545;2377028,94;7985;1153939,14;722;800;35;898;34
2547;2022-02-01;3527256;LOURDES;35;SÃO PAULO;SE;SUDESTE;1487156,38;6361;150714,68;332;2006281,93;5140;124286,52;810;684;29;654;29
1421;2022-02-01;2111078;SÃO JOÃO DO SOTER;21;MARANHÃO;NE;NORDESTE;6169377,27;34595;649014,31;498;6091001,7;29728;847611,84;1341;2706;46;2959;53
2646;2022-02-01;3114907;CASA GRANDE;31;MINAS GERAIS;SE;SUDESTE;1773999,84;3887;220456,06;214;1359197,98;2726;354411,91;497;528;26;500;21
62;2022-02-01;2918506;JUSSARA;29;BAHIA;NE;NORDESTE;7527037,83;35181;1141555,16;943;7828129,31;32231;1165904,5;2373;3436;77;3663;87
2622;2022-02-01;3553906;TARABAI;35;SÃO PAULO;SE;SUDESTE;6323955,91;23455;2980596,41;2328;7356385,25;19492;2345439,43;3217;2298;165;2320;151
4018;2022-02-01;4123303;SANTA CRUZ DE MONTE CASTELO;41;PARANÁ;SU;SUL;10661396,1;23963;4570231,84;2469;10353528,23;18276;4447836,61;5713;2584;205;2466;206
1821;2022-02-01;3148509;PAVÃO;31;MINAS GERAIS;SE;SUDESTE;5407325,62;19470;2134182,82;980;5918118,72;16414;1463545,98;1765;1868;85;1964;99
5145;2022-02-01;2100832;APICUM-AÇU;21;MARANHÃO;NE;NORDESTE;9034165,13;42376;1037072,44;741;8307608,02;36580;1477469,19;1439;3139;71;3236;70
1721;2022-02-01;3139003;MACHADO;31;MINAS GERAIS;SE;SUDESTE;42282279,68;115208;58913553,23;12247;46156140,62;97003;56072602,52;18344;12000;1054;12387;1015
63;2022-02-01;3156809;SABINÓPOLIS;31;MINAS GERAIS;SE;SUDESTE;10371212,43;34577;2760492,87;1649;9693168,54;28746;2303249,93;4104;3754;177;3834;198
4416;2022-02-01;2920601;MARAGOGIPE;29;BAHIA;NE;NORDESTE;22318181,04;145588;2801428,09;3022;23882975,4;138257;2393442,79;5188;9395;202;10466;216
1100;2022-02-01;1718303;PRAIA NORTE;17;TOCANTINS;NO;NORTE;4331198,17;26202;395564,44;277;4577093,56;23950;443297,67;579;1929;29;2181;28
89;2022-02-01;4306353;DEZESSEIS DE NOVEMBRO;43;RIO GRANDE DO SUL;SU;SUL;1551205,93;4073;296009,33;151;1284265,83;4759;288171,77;268;530;19;480;24
445;2022-02-01;3515806;FLORA RICA;35;SÃO PAULO;SE;SUDESTE;1285351,82;4877;27873,43;44;1069061,34;3736;44420,88;261;472;10;479;15
237;2022-02-01;3133204;ITANHOMI;31;MINAS GERAIS;SE;SUDESTE;9555245,48;27428;1478403,98;1269;10779536,8;21511;2197599,73;3516;2960;153;2996;182
3645;2022-02-01;2703205;IGREJA NOVA;27;ALAGOAS;NE;NORDESTE;9911555,93;38980;877422,11;703;9323891,74;33803;802664,86;958;4023;76;4454;73
2406;2022-02-01;4321857;TRÊS PALMEIRAS;43;RIO GRANDE DO SUL;SU;SUL;2953066,66;7537;885269,71;788;2562927,51;5770;792540,63;1313;1041;94;959;97
1424;2022-02-01;4311791;MARATÁ;43;RIO GRANDE DO SUL;SU;SUL;1765284,87;4892;944202,86;535;1727510,0;3642;1426188,78;1430;655;73;569;67
5137;2022-02-01;4309704;HUMAITÁ;43;RIO GRANDE DO SUL;SU;SUL;3790566,31;9280;1362017,58;620;3407569,97;6410;2975525,11;2164;1269;105;1113;124
5971;2022-02-01;4120309;PORTO VITÓRIA;41;PARANÁ;SU;SUL;1455771,26;6107;1581094,06;975;2017083,64;4975;1469581,25;1099;856;79;849;74
1207;2022-02-01;5201405;APARECIDA DE GOIÂNIA;52;GOIÁS;CO;CENTRO-OESTE;1011376662,62;3869850;764144852,29;305672;1131665320,18;3621223;741873211,99;564476;247619;15696;266026;14562
5672;2022-02-01;2202075;CAJAZEIRAS DO PIAUÍ;22;PIAUÍ;NE;NORDESTE;1101343,45;7361;464799,54;261;1128402,46;6508;158839,95;353;594;15;707;15
1260;2022-02-01;3519055;HOLAMBRA;35;SÃO PAULO;SE;SUDESTE;35825073,52;76198;43656505,29;10945;34974619,98;58729;34952008,27;22520;6915;817;6703;793
1761;2022-02-01;3136306;JOÃO PINHEIRO;31;MINAS GERAIS;SE;SUDESTE;59109350,04;191049;54229460,05;17944;62419197,43;156348;49823885,05;35099;16519;1392;17663;1325
5206;2022-02-01;2106003;LIMA CAMPOS;21;MARANHÃO;NE;NORDESTE;6526283,05;38335;666196,31;1082;6562149,59;34799;1116089,03;2508;2838;95;3010;94
5498;2022-02-01;2112233;TRIZIDELA DO VALE;21;MARANHÃO;NE;NORDESTE;15637926,19;75873;6362727,13;3659;15797853,08;69199;4874852,92;6626;5268;204;5747;215
4940;2022-02-01;2602803;BUÍQUE;26;PERNAMBUCO;NE;NORDESTE;16235380,32;66996;2318722,34;2341;17276760,53;63457;3452428,62;4734;7125;215;8034;195
4514;2022-02-01;3165206;SÃO TOMÉ DAS LETRAS;31;MINAS GERAIS;SE;SUDESTE;5073490,39;19370;2648278,89;2932;5961248,13;20941;2600716,31;6355;1907;272;2074;245
1258;2022-02-01;2307254;JIJOCA DE JERICOACOARA;23;CEARÁ;NE;NORDESTE;31730161,45;138299;19832493,42;19397;34221960,79;135618;19661990,77;61326;7711;951;7841;884
4384;2022-02-01;2304269;DEPUTADO IRAPUAN PINHEIRO;23;CEARÁ;NE;NORDESTE;4470957,88;20089;1202417,33;565;4418581,76;18709;967368,29;1533;1879;50;2001;46
1849;2022-02-01;2506103;FAGUNDES;25;PARAÍBA;NE;NORDESTE;5495864,31;28270;396947,39;526;5631908,77;27476;320461,88;1555;2530;57;2853;47
1671;2022-02-01;4114401;MANGUEIRINHA;41;PARANÁ;SU;SUL;16857730,37;40156;8707771,52;5640;15691562,12;29139;8191822,88;10164;4640;426;4544;456
3161;2022-02-01;1718402;PRESIDENTE KENNEDY;17;TOCANTINS;NO;NORTE;3882986,05;16236;490707,63;681;3853347,19;14334;622194,06;1515;1129;43;1179;44
3538;2022-02-01;2926301;RIACHÃO DO JACUÍPE;29;BAHIA;NE;NORDESTE;33419756,72;135030;17338293,25;7817;35216913,0;124244;19123926,19;15734;9761;567;10577;556
235;2022-02-01;1702901;AXIXÁ DO TOCANTINS;17;TOCANTINS;NO;NORTE;12709665,53;42674;1382450,98;1297;11735452,85;36615;1677529,87;2770;3173;93;3545;79
90;2022-02-01;4306502;DOM FELICIANO;43;RIO GRANDE DO SUL;SU;SUL;5020779,31;18577;1237846,96;1265;4873250,15;12846;1776283,34;2990;2406;153;2168;152
3638;2022-02-01;2105658;JUNCO DO MARANHÃO;21;MARANHÃO;NE;NORDESTE;4061633,77;17945;395617,21;367;3825508,03;16347;842556,02;717;1332;21;1407;22
5917;2022-02-01;3148806;PEDRA DO ANTA;31;MINAS GERAIS;SE;SUDESTE;1445300,4;5806;279204,21;251;1596906,05;5426;223342,9;399;652;31;706;28
3780;2022-02-01;2801306;CAPELA;28;SERGIPE;NE;NORDESTE;17048748,08;89077;6138057,36;3018;16879769,84;78233;7948308,0;6071;7272;214;7803;207
2965;2022-03-01;2915908;ITANAGRA;29;BAHIA;NE;NORDESTE;4716775,82;32382;991089,09;1310;4842061,15;26147;958260,8;2531;2046;76;2203;66
3445;2022-03-01;3148509;PAVÃO;31;MINAS GERAIS;SE;SUDESTE;5860108,39;23380;3551122,7;1186;5688772,17;19632;2303348,42;2066;2028;88;2104;108
1725;2022-03-01;4304408;CANELA;43;RIO GRANDE DO SUL;SU;SUL;74321423,56;246915;56135190,01;39557;81273969,72;202090;64575144,06;66838;20734;2496;20694;2287
3594;2022-03-01;1503457;IPIXUNA DO PARÁ;15;PARÁ;NO;NORTE;16746754,64;92229;5623272,0;4147;16902630,38;78565;6725721,95;9309;5961;211;6216;213
878;2022-03-01;4114401;MANGUEIRINHA;41;PARANÁ;SU;SUL;21312195,38;48829;15276330,59;6786;21608181,04;35594;9617341,17;11995;5000;451;4953;480
4460;2022-03-01;5002001;BATAYPORÃ;50;MATO GROSSO DO SUL;CO;CENTRO-OESTE;10307443,2;39655;7000417,16;3655;12344317,38;30164;46002497,87;6617;3669;269;3749;271
1129;2022-03-01;3144409;NATÉRCIA;31;MINAS GERAIS;SE;SUDESTE;4710083,14;10890;1173140,03;773;3854814,05;8531;1634314,8;1440;1216;94;1150;93
5119;2022-03-01;2208502;PORTO;22;PIAUÍ;NE;NORDESTE;5094196,05;32282;1605857,34;1459;5208426,36;28199;897551,62;2598;2355;81;2693;80
2237;2022-03-01;2307254;JIJOCA DE JERICOACOARA;23;CEARÁ;NE;NORDESTE;35066736,63;157497;21457719,08;21238;36982890,27;149409;21691228,85;67668;8003;983;8110;910
1131;2022-03-01;1506112;QUATIPURU;15;PARÁ;NO;NORTE;5607642,46;37105;1123967,6;1243;5869361,37;33897;671672,21;2506;2685;67;2924;57
3267;2022-03-01;2400604;ALMINO AFONSO;24;RIO GRANDE DO NORTE;NE;NORDESTE;4906885,39;24479;756160,8;487;4011069,86;20277;988073,35;1403;1573;45;1552;42
2247;2022-03-01;4302584;BOZANO;43;RIO GRANDE DO SUL;SU;SUL;1472305,32;3377;617081,52;356;1229332,41;2098;596438,54;349;436;30;358;30
5068;2022-03-01;1200054;ASSIS BRASIL;12;ACRE;NO;NORTE;4368536,05;16956;998565,5;676;4534465,01;14015;400249,54;715;1374;46;1448;42
2270;2022-03-01;2200277;ALEGRETE DO PIAUÍ;22;PIAUÍ;NE;NORDESTE;5879051,01;25359;609582,78;513;5856827,76;21385;554596,29;1118;1492;33;1586;27
886;2022-03-01;5201405;APARECIDA DE GOIÂNIA;52;GOIÁS;CO;CENTRO-OESTE;1168981948,87;4521146;928447619,41;366598;1327020378,67;4233086;930906795,96;690192;255696;16524;275100;15351
4798;2022-03-01;2803203;ITAPORANGA D'AJUDA;28;SERGIPE;NE;NORDESTE;22340926,25;129828;82601532,85;5777;23451546,46;116031;42021981,53;12167;9043;324;10127;285
1738;2022-03-01;5106182;NOVA LACERDA;51;MATO GROSSO;CO;CENTRO-OESTE;9529091,26;23793;3080243,26;1736;8385489,58;17624;3033516,22;4078;2115;127;2020;123
3816;2022-03-01;2203503;ELESBÃO VELOSO;22;PIAUÍ;NE;NORDESTE;6764205,04;42569;1118507,61;665;7050931,39;38557;758989,82;1913;3441;74;3616;82
2257;2022-03-01;2108009;PASTOS BONS;21;MARANHÃO;NE;NORDESTE;15021842,39;75966;6343357,39;2837;14352393,56;62990;5765038,55;7641;4647;146;4924;142
1134;2022-03-01;4204194;CHAPADÃO DO LAGEADO;42;SANTA CATARINA;SU;SUL;4150444,41;6966;764226,91;707;4219654,53;3968;970282,53;1609;717;63;630;66
335;2022-03-01;4306353;DEZESSEIS DE NOVEMBRO;43;RIO GRANDE DO SUL;SU;SUL;1744036,73;4695;600466,17;208;1457734,49;4018;524135,52;378;557;21;521;27
5896;2022-03-01;2106904;MONÇÃO;21;MARANHÃO;NE;NORDESTE;10424014,41;71519;2491063,64;1535;10270941,8;58627;2084369,36;4580;5062;82;5230;84
4847;2022-03-01;2704104;LAGOA DA CANOA;27;ALAGOAS;NE;NORDESTE;11974276,29;46685;2043904,29;1818;12041021,96;38941;1217452,97;2027;3743;105;4081;83
4896;2022-03-01;4113007;JUSSARA;41;PARANÁ;SU;SUL;7254116,88;27296;2263632,39;1975;7416491,03;20742;1902919,15;3158;2533;164;2366;151
3432;2022-03-01;3503307;ARARAS;35;SÃO PAULO;SE;SUDESTE;205457147,75;644212;154321661,32;78925;218876602,54;549873;151022314,68;182708;56734;4842;55805;4591
3719;2022-03-01;1718402;PRESIDENTE KENNEDY;17;TOCANTINS;NO;NORTE;4146020,54;19787;664452,89;858;4478483,21;16630;794320,46;1975;1177;41;1249;45
706;2022-03-01;3515806;FLORA RICA;35;SÃO PAULO;SE;SUDESTE;1407293,23;5723;57040,33;89;1346560,82;4265;68944,13;390;498;9;478;16
709;2022-03-01;5204706;CAMPINORTE;52;GOIÁS;CO;CENTRO-OESTE;26649046,2;63847;19017550,29;4300;25344748,69;52522;17902615,03;15887;4277;278;4507;304
4174;2022-03-01;2203420;DOMINGOS MOURÃO;22;PIAUÍ;NE;NORDESTE;2220741,48;11706;42263,34;157;2169643,34;10052;37475,63;211;926;19;1019;20
2736;2022-03-01;3524204;JABORANDI;35;SÃO PAULO;SE;SUDESTE;8659895,42;22018;1753182,59;1395;8717300,85;16429;1124634,98;2112;2164;127;2071;119
4498;2022-03-01;2703700;JARAMATAIA;27;ALAGOAS;NE;NORDESTE;3425198,32;12813;834969,84;356;3407983,61;10485;286138,77;292;1064;27;1215;23
5079;2022-03-01;2409407;PAU DOS FERROS;24;RIO GRANDE DO NORTE;NE;NORDESTE;38057456,44;160697;30131397,69;10250;36878484,16;146125;34936103,69;30290;11045;667;11394;641
5000;2022-03-01;4127304;TERRA RICA;41;PARANÁ;SU;SUL;18187141,44;53427;5138682,27;4804;19189274,19;42789;6489120,66;8788;4961;376;5063;384
283;2022-03-01;4306502;DOM FELICIANO;43;RIO GRANDE DO SUL;SU;SUL;7341032,38;23419;1856505,87;1727;6193394,18;15729;2164312,56;3895;2656;163;2367;166
4774;2022-03-01;5103502;DIAMANTINO;51;MATO GROSSO;CO;CENTRO-OESTE;62474405,19;145878;36851628,3;15623;56962186,05;108927;42162422,9;31709;10250;914;10016;859
753;2022-03-01;3520608;INDIANA;35;SÃO PAULO;SE;SUDESTE;6504200,18;21359;2440136,36;2154;6857226,67;18236;2341490,32;3056;1897;149;1863;142
3073;2022-03-01;2804300;MURIBECA;28;SERGIPE;NE;NORDESTE;3885201,43;19570;1043622,37;796;3957772,24;17175;1508328,0;1313;1691;42;1821;40
2155;2022-03-01;4106001;CONGONHINHAS;41;PARANÁ;SU;SUL;6894249,8;24999;2144526,31;1986;6820630,93;19495;4242125,83;3442;2281;140;2306;144
2154;2022-03-01;2608057;JATOBÁ;26;PERNAMBUCO;NE;NORDESTE;10122680,52;56283;3349361,65;1237;9573402,48;46611;4163564,09;3080;4224;79;4270;89
2597;2022-03-01;2304269;DEPUTADO IRAPUAN PINHEIRO;23;CEARÁ;NE;NORDESTE;5236710,54;24001;1770754,59;720;5424294,34;22226;1308577,45;2090;1997;54;2154;50
2921;2022-03-01;3170909;VARZELÂNDIA;31;MINAS GERAIS;SE;SUDESTE;14261878,49;71868;2631526,38;2911;14447950,64;61396;2380025,32;8398;5407;192;5375;175
4870;2022-03-01;2926301;RIACHÃO DO JACUÍPE;29;BAHIA;NE;NORDESTE;40554239,59;162503;26570878,26;9283;42953951,95;146931;27488133,63;19053;10304;605;11170;588
3351;2022-03-01;3542503;REGINÓPOLIS;35;SÃO PAULO;SE;SUDESTE;7043680,87;26976;2119086,19;1938;7099681,73;21521;1740627,8;3663;2312;143;2249;144
4216;2022-03-01;2703205;IGREJA NOVA;27;ALAGOAS;NE;NORDESTE;10523598,84;45306;964032,28;881;9797871,41;38209;1026157,04;1085;4278;77;4689;75
2884;2022-03-01;1705508;COLINAS DO TOCANTINS;17;TOCANTINS;NO;NORTE;74212824,77;229545;35789942,88;20031;92581020,3;193013;37568751,74;47174;13869;947;14987;920
1201;2022-03-01;1501253;BANNACH;15;PARÁ;NO;NORTE;5490190,71;14317;964749,98;522;5181258,74;11330;1118032,88;1506;1114;42;1062;39
1200;2022-03-01;3104700;ATALÉIA;31;MINAS GERAIS;SE;SUDESTE;10629162,09;39624;1565690,41;1423;10213001,98;31721;3397026,32;3388;3335;133;3337;145
2026;2022-03-01;3169406;TRÊS PONTAS;31;MINAS GERAIS;SE;SUDESTE;79383095,03;207330;102177376,17;19253;83993901,8;175977;95657179,88;33032;17916;1441;18812;1410
3957;2022-03-01;1508159;URUARÁ;15;PARÁ;NO;NORTE;48485867,34;157699;22380901,02;12409;47795598,41;125089;18613506,17;29934;10628;467;11005;460
4790;2022-03-01;3501806;AMÉRICO DE CAMPOS;35;SÃO PAULO;SE;SUDESTE;6358024,83;21086;1494721,85;1257;7368494,58;16772;1557688,26;2984;2047;120;1922;124
1712;2022-03-01;4311734;MAMPITUBA;43;RIO GRANDE DO SUL;SU;SUL;2495040,74;6871;1169421,94;713;2826608,82;5457;455462,27;1043;688;29;687;32
3821;2022-03-01;3114907;CASA GRANDE;31;MINAS GERAIS;SE;SUDESTE;2389366,14;4747;230076,81;279;1886534,3;3396;355652,42;515;554;32;538;24
4849;2022-03-01;3135308;JAPARAÍBA;31;MINAS GERAIS;SE;SUDESTE;3570838,22;11630;771424,73;684;3721851,87;9240;777496,55;1788;1173;88;1081;86
2832;2022-03-01;3534807;OURO VERDE;35;SÃO PAULO;SE;SUDESTE;6013639,73;24647;2248875,75;1923;6811001,44;20559;2126372,49;3000;2323;134;2383;128
1700;2022-03-01;2205540;LAGOINHA DO PIAUÍ;22;PIAUÍ;NE;NORDESTE;1286430,69;6677;147709,56;233;1379766,69;5697;600879,19;599;551;14;633;11
4582;2022-03-01;2913705;INHAMBUPE;29;BAHIA;NE;NORDESTE;29183980,56;123943;13068650,42;6834;30125235,09;109188;11789528,36;12639;9214;433;10158;398
3678;2022-03-01;3136306;JOÃO PINHEIRO;31;MINAS GERAIS;SE;SUDESTE;75722482,14;230084;74235910,69;22374;77738513,88;188117;63050897,68;42039;17444;1454;18678;1399
4248;2022-03-01;2207405;PALMEIRA DO PIAUÍ;22;PIAUÍ;NE;NORDESTE;4253972,41;19596;535251,88;687;4160041,61;16087;666921,95;1522;1496;49;1543;51
806;2022-03-01;3156809;SABINÓPOLIS;31;MINAS GERAIS;SE;SUDESTE;11508135,56;40665;3127360,88;2041;11466189,31;33595;2763077,06;4821;3943;191;4077;206
1679;2022-03-01;5106703;PONTE BRANCA;51;MATO GROSSO;CO;CENTRO-OESTE;2376954,14;8343;277207,5;350;2512954,24;6867;331354,1;672;645;30;633;32
2075;2022-03-01;3549102;SÃO JOÃO DA BOA VISTA;35;SÃO PAULO;SE;SUDESTE;157337920,82;425165;108058935,29;51458;169286778,66;359194;134742071,34;97784;37194;3641;36768;3529
294;2022-03-01;3110707;CAMBUQUIRA;31;MINAS GERAIS;SE;SUDESTE;11162520,21;42797;5114922,77;3457;11717139,28;37128;7792438,96;6924;3769;312;3931;318
1194;2022-03-01;3518107;GUARANTÃ;35;SÃO PAULO;SE;SUDESTE;5530756,24;25911;1079677,33;1532;6037555,81;21320;1278459,89;3314;2383;126;2299;130
694;2022-03-01;3202603;ICONHA;32;ESPÍRITO SANTO;SE;SUDESTE;12857724,84;47082;14667414,56;6076;13954000,92;38306;10250832,48;11817;4233;434;4019;430
2924;2022-03-01;3139003;MACHADO;31;MINAS GERAIS;SE;SUDESTE;51467543,62;138874;133894260,45;15284;55107305,8;116867;123133352,2;22857;12646;1113;13154;1107
3839;2022-03-01;2615904;TUPARETAMA;26;PERNAMBUCO;NE;NORDESTE;6981024,33;28323;1195382,95;774;7494968,92;26020;758896,72;1910;2469;88;2563;77
1546;2022-03-01;4200705;ALFREDO WAGNER;42;SANTA CATARINA;SU;SUL;11069680,54;23285;4926134,1;3792;14740947,54;16728;5314121,47;8115;2663;318;2521;335
40;2022-03-01;2907558;CATURAMA;29;BAHIA;NE;NORDESTE;2864422,31;10648;387586,3;226;2746232,16;8528;381625,99;356;1078;38;1154;31
5441;2022-03-01;1400407;NORMANDIA;14;RORAIMA;NO;NORTE;4001070,24;21986;1789310,62;1248;3283408,8;16013;1088687,18;2766;1286;43;1293;39
3186;2022-03-01;4100400;ALMIRANTE TAMANDARÉ;41;PARANÁ;SU;SUL;148895442,11;634422;104995019,96;61905;173015082,6;580152;108880067,12;85531;49241;3179;52165;3009
1826;2022-03-01;3515194;ESPÍRITO SANTO DO TURVO;35;SÃO PAULO;SE;SUDESTE;3818472,62;14490;1620516,3;837;4371789,83;11771;1009702,23;1153;1493;76;1551;70
5541;2022-03-01;2612406;SANHARÓ;26;PERNAMBUCO;NE;NORDESTE;11855205,08;43629;2605913,34;1950;12060640,61;39470;1679436,14;4034;3713;151;4138;137
5435;2022-03-01;5202353;ARENÓPOLIS;52;GOIÁS;CO;CENTRO-OESTE;6000463,31;12097;1262383,44;1037;6828444,45;8532;1994570,81;2195;1014;58;1023;60
2365;2022-03-01;3540606;PORTO FELIZ;35;SÃO PAULO;SE;SUDESTE;79057835,75;272383;62079765,93;32132;89624468,71;225242;67038012,65;58045;22546;1872;22578;1749
3231;2022-03-01;2105658;JUNCO DO MARANHÃO;21;MARANHÃO;NE;NORDESTE;5262289,66;21480;469050,69;489;4899964,76;19412;850540,79;864;1430;24;1519;21
3048;2022-03-01;2910750;FÁTIMA;29;BAHIA;NE;NORDESTE;13633367,22;48384;2468360,57;1448;13485256,8;44672;3091174,93;3366;3890;134;4301;121
4343;2022-03-01;2602803;BUÍQUE;26;PERNAMBUCO;NE;NORDESTE;19288130,21;82977;3690551,76;2814;20398124,91;76356;3997843,52;6052;7654;222;8724;210
4011;2022-03-01;5219704;SANTA TEREZINHA DE GOIÁS;52;GOIÁS;CO;CENTRO-OESTE;22667136,72;45154;5516726,77;4020;21529856,37;37054;4484986,9;8156;3133;240;3359;235
2462;2022-03-01;5212501;LUZIÂNIA;52;GOIÁS;CO;CENTRO-OESTE;330471391,86;1391409;232973037,72;101132;370025133,0;1279317;163121267,23;197110;84596;4701;92481;4396
3684;2022-03-01;3536257;PARISI;35;SÃO PAULO;SE;SUDESTE;3084274,25;8495;842098,63;778;3535112,39;7652;501392,85;1170;761;59;775;54
5875;2022-03-01;3517604;GUAPIARA;35;SÃO PAULO;SE;SUDESTE;16204131,87;56919;9107253,35;3422;16738099,95;44622;7519626,74;5482;5264;225;5201;224
5274;2022-03-01;2112233;TRIZIDELA DO VALE;21;MARANHÃO;NE;NORDESTE;17771169,41;89575;11005425,25;4316;17534904,11;82835;5489850,55;7951;5623;218;6087;214
3556;2022-03-01;2204550;GUARIBAS;22;PIAUÍ;NE;NORDESTE;3441148,17;11469;1755883,53;612;3009594,51;9268;1829940,0;929;871;31;952;33
2371;2022-03-01;2102200;BURITI;21;MARANHÃO;NE;NORDESTE;10292232,85;56177;1388644,15;1273;9369128,98;48116;846154,71;2707;4859;84;4652;83
550;2022-03-01;1718303;PRAIA NORTE;17;TOCANTINS;NO;NORTE;5897766,98;32810;430368,19;400;6014960,49;29459;435294,86;898;2045;28;2316;30
4552;2022-03-01;3135001;JAGUARAÇU;31;MINAS GERAIS;SE;SUDESTE;3179396,61;13572;3321466,7;810;3161140,51;10673;2535222,25;1552;1039;61;1073;47
3763;2022-03-01;3165206;SÃO TOMÉ DAS LETRAS;31;MINAS GERAIS;SE;SUDESTE;6760360,85;25097;4356270,99;4139;7758736,92;26044;3864102,36;8184;2001;299;2203;261
546;2022-03-01;1702901;AXIXÁ DO TOCANTINS;17;TOCANTINS;NO;NORTE;11726525,27;50831;1533699,32;1494;11335816,14;43231;2546493,57;3467;3378;98;3770;86
5696;2022-03-01;2702603;FEIRA GRANDE;27;ALAGOAS;NE;NORDESTE;11281815,66;42556;2185846,77;1242;11399706,74;37406;1413991,02;1637;3700;101;4094;85
4327;2022-03-01;2920601;MARAGOGIPE;29;BAHIA;NE;NORDESTE;27263889,66;171687;3946847,97;3666;28859226,58;159763;3552569,9;6383;9959;222;10959;216
5193;2022-03-01;2609501;NAZARÉ DA MATA;26;PERNAMBUCO;NE;NORDESTE;22832995,95;123092;6223487,16;4127;28584298,06;108575;25334583,85;7941;8885;289;9727;262
4828;2022-03-01;4315602;RIO GRANDE;43;RIO GRANDE DO SUL;SU;SUL;269888607,98;1115883;304807409,0;102462;271081661,51;946153;392834865,3;168145;89531;5522;87934;5143
3166;2022-03-01;2511707;PILÕEZINHOS;25;PARAÍBA;NE;NORDESTE;2102566,69;10391;256926,2;341;2298670,62;9965;119388,46;377;886;27;1057;20
2346;2022-03-01;2111078;SÃO JOÃO DO SOTER;21;MARANHÃO;NE;NORDESTE;6955115,4;41314;721414,03;618;7316602,45;34955;820262,03;1299;2922;53;3187;52
4733;2022-03-01;4123303;SANTA CRUZ DE MONTE CASTELO;41;PARANÁ;SU;SUL;13400151,35;29116;5218593,79;2807;13734790,27;21540;4983877,38;6509;2779;220;2663;220
1914;2022-03-01;2702405;DELMIRO GOUVEIA;27;ALAGOAS;NE;NORDESTE;46242529,1;219647;10096324,39;9810;45407495,34;190850;14127394,04;21971;15605;599;17373;574
4656;2022-03-01;2100832;APICUM-AÇU;21;MARANHÃO;NE;NORDESTE;9145147,69;47456;1530591,98;919;8906245,82;41204;1784455,27;1655;3337;72;3383;71
2852;2022-03-01;1702703;AURORA DO TOCANTINS;17;TOCANTINS;NO;NORTE;2647985,72;11371;409317,3;540;3057919,23;8774;399466,25;1049;794;33;825;26
4114;2022-03-01;3550803;SÃO SEBASTIÃO DA GRAMA;35;SÃO PAULO;SE;SUDESTE;9468537,59;27737;8353646,31;2975;10109450,15;22404;11463786,34;4985;2959;272;2906;294
2358;2022-03-01;4110052;IGUATU;41;PARANÁ;SU;SUL;1749694,23;5733;1319692,02;431;1588097,29;4441;1181010,94;805;633;38;591;39
1459;2022-03-01;4317251;SANTA TEREZA;43;RIO GRANDE DO SUL;SU;SUL;829559,57;2414;732916,69;231;1003773,25;1540;274372,23;351;332;30;297;30
104;2022-03-01;4107108;DIAMANTE DO NORTE;41;PARANÁ;SU;SUL;5506728,51;20272;3429868,98;1622;6137506,98;15000;4477176,29;4005;1862;116;1866;118
203;2022-03-01;3133204;ITANHOMI;31;MINAS GERAIS;SE;SUDESTE;12183336,84;33761;2711653,81;1535;13881864,02;26587;3023014,55;4176;3166;173;3290;195
4728;2022-03-01;5214838;NOVA CRIXÁS;52;GOIÁS;CO;CENTRO-OESTE;22332211,47;52608;10709926,31;7136;22347521,01;49524;10740744,65;10460;3564;271;3903;264
2306;2022-03-01;3553906;TARABAI;35;SÃO PAULO;SE;SUDESTE;7517344,47;28263;3298410,31;2746;9106784,2;23954;3463664,58;3784;2389;170;2436;149
1011;2022-03-01;2504207;CATINGUEIRA;25;PARAÍBA;NE;NORDESTE;3087854,83;14575;437098,83;253;3494840,02;12767;179000,14;626;1076;30;1291;22
3585;2022-03-01;1718501;RECURSOLÂNDIA;17;TOCANTINS;NO;NORTE;3029790,22;11602;437469,66;555;2847914,63;8911;613578,44;669;853;23;877;22
4056;2022-03-01;2202778;COLÔNIA DO PIAUÍ;22;PIAUÍ;NE;NORDESTE;3066142,34;16496;215188,37;300;3630137,09;14108;186069,0;870;1338;29;1689;28
5052;2022-03-01;2410306;SERRA CAIADA;24;RIO GRANDE DO NORTE;NE;NORDESTE;6602067,04;32308;5427294,78;1875;6270758,58;30263;4273531,28;3272;2291;89;2528;76
2432;2022-03-01;2411205;SANTA CRUZ;24;RIO GRANDE DO NORTE;NE;NORDESTE;45634150,25;208442;15711047,71;10836;44200157,4;186390;12759348,47;30192;13128;596;13811;565
172;2022-03-01;3123528;DURANDÉ;31;MINAS GERAIS;SE;SUDESTE;3493355,23;14910;1402242,15;958;3450096,48;12104;737797,4;1569;1740;93;1686;85
1861;2022-03-01;2506103;FAGUNDES;25;PARAÍBA;NE;NORDESTE;6448504,16;32330;617145,41;713;6698492,05;30680;439313,82;2064;2661;62;3028;60
2295;2022-03-01;2513943;SÃO DOMINGOS DO CARIRI;25;PARAÍBA;NE;NORDESTE;2000305,68;7726;39862,04;66;2091889,78;6898;31256,82;127;616;7;644;10
1768;2022-03-01;1600303;MACAPÁ;16;AMAPÁ;NO;NORTE;758973744,23;4645039;325987756,73;261810;773192515,93;4199063;308379619,72;489203;233538;9420;236892;8894
3179;2022-03-01;2605509;FERREIROS;26;PERNAMBUCO;NE;NORDESTE;8500378,0;37618;978741,62;1231;8082629,71;33839;940884,37;2426;2838;94;3054;79
2289;2022-03-01;3519055;HOLAMBRA;35;SÃO PAULO;SE;SUDESTE;42420550,85;88424;51641646,63;13221;43006570,5;69174;42615894,96;26703;7171;834;7050;823
3793;2022-03-01;2202075;CAJAZEIRAS DO PIAUÍ;22;PIAUÍ;NE;NORDESTE;1226500,15;8736;427880,2;279;1245162,38;7498;381064,64;464;651;17;746;20
375;2022-03-01;2205151;JACOBINA DO PIAUÍ;22;PIAUÍ;NE;NORDESTE;2590048,13;11685;1316019,72;795;2448824,43;9604;711644,77;1485;861;47;939;45
2696;2022-03-01;3165701;SENADOR FIRMINO;31;MINAS GERAIS;SE;SUDESTE;5697425,63;19160;1533983,31;1392;5872758,7;15314;1877668,39;2621;1952;135;1902;138
1283;2022-03-01;4219150;VARGEM;42;SANTA CATARINA;SU;SUL;2035896,36;4916;453597,51;430;2043216,23;3989;764251,91;895;585;38;564;42
1101;2022-03-01;4215307;SALETE;42;SANTA CATARINA;SU;SUL;7951136,97;23673;31053100,05;5561;8590028,68;14789;22359518,99;8581;2592;403;2343;408
4366;2022-03-01;3121506;DESTERRO DO MELO;31;MINAS GERAIS;SE;SUDESTE;1873901,33;5326;707348,42;307;2423134,59;5337;542267,69;493;681;33;689;33
207;2022-03-01;3103108;ANTÔNIO PRADO DE MINAS;31;MINAS GERAIS;SE;SUDESTE;1277053,35;5203;76325,92;106;1246805,15;4544;53765,28;176;430;18;417;13
3806;2022-03-01;2506004;ESPERANÇA;25;PARAÍBA;NE;NORDESTE;29568373,57;112289;15183500,43;9184;30230515,79;103223;14044623,84;13850;8324;612;9177;552
2673;2022-03-01;2918506;JUSSARA;29;BAHIA;NE;NORDESTE;9208782,59;42655;1488522,59;1247;9945690,4;38030;1746083,84;2754;3667;99;3870;90
5294;2022-03-01;4120309;PORTO VITÓRIA;41;PARANÁ;SU;SUL;1650558,19;7088;1355081,43;1099;2388570,24;5949;1556144,44;1257;920;83;925;79
1829;2022-03-01;2414001;TANGARÁ;24;RIO GRANDE DO NORTE;NE;NORDESTE;14481013,02;77111;3243647,9;2835;14570033,19;73038;3620759,14;8603;4708;151;5071;144
3051;2022-03-01;4321857;TRÊS PALMEIRAS;43;RIO GRANDE DO SUL;SU;SUL;3087464,29;9079;1372314,61;1031;2787089,67;6483;1165377,67;1798;1125;114;997;105
5433;2022-03-01;4309704;HUMAITÁ;43;RIO GRANDE DO SUL;SU;SUL;4335946,33;11294;2227267,03;837;3967343,76;7434;3115466,62;2433;1366;112;1175;141
2494;2022-03-01;5207600;FAZENDA NOVA;52;GOIÁS;CO;CENTRO-OESTE;7163307,28;23019;1200442,77;996;7403953,88;18361;1288860,5;2360;1711;91;1743;105
2384;2022-03-01;3527256;LOURDES;35;SÃO PAULO;SE;SUDESTE;1978748,23;7451;227491,18;379;2388295,05;5680;194773,27;1052;719;30;697;32
1572;2022-03-01;2701100;BRANQUINHA;27;ALAGOAS;NE;NORDESTE;3907774,0;23328;682511,87;622;4117394,03;20658;284363,58;453;2009;36;2357;30
1274;2022-03-01;4311791;MARATÁ;43;RIO GRANDE DO SUL;SU;SUL;1942213,32;5486;1663964,36;659;1779684,21;3714;1941386,63;1676;685;74;563;78
583;2022-03-01;3165800;SENADOR JOSÉ BENTO;31;MINAS GERAIS;SE;SUDESTE;1389797,47;3937;307122,6;188;1385799,4;3198;195353,41;282;443;21;394;25
4168;2022-04-01;3165701;SENADOR FIRMINO;31;MINAS GERAIS;SE;SUDESTE;6662010,28;21153;1370223,43;1518;6869356,46;16387;1799029,24;2879;2006;143;1959;140
1895;2022-04-01;1702703;AURORA DO TOCANTINS;17;TOCANTINS;NO;NORTE;2675560,51;12606;426696,66;580;2562446,23;9762;386817,32;1114;826;32;858;29
5676;2022-04-01;2703700;JARAMATAIA;27;ALAGOAS;NE;NORDESTE;3943155,84;13953;747286,25;390;3620789,85;11202;441792,1;382;1130;28;1272;28
5485;2022-04-01;3135001;JAGUARAÇU;31;MINAS GERAIS;SE;SUDESTE;3348299,43;14164;2378446,49;769;3458864,36;11136;2066579,56;1635;1076;60;1108;48
4615;2022-04-01;2202075;CAJAZEIRAS DO PIAUÍ;22;PIAUÍ;NE;NORDESTE;1210901,12;9218;526115,42;284;1241488,33;7746;219917,31;503;680;17;808;15
1233;2022-04-01;3518107;GUARANTÃ;35;SÃO PAULO;SE;SUDESTE;5776983,1;27688;1034312,67;1506;5929569,47;22415;1979899,71;3519;2434;128;2380;135
3900;2022-04-01;2202778;COLÔNIA DO PIAUÍ;22;PIAUÍ;NE;NORDESTE;3255663,1;18508;178208,29;342;4042679,64;15568;140470,41;744;1442;33;1762;27
1874;2022-04-01;4219150;VARGEM;42;SANTA CATARINA;SU;SUL;2081867,26;5488;522472,25;468;2309855,62;4182;732958,73;841;638;42;599;42
3531;2022-04-01;3524204;JABORANDI;35;SÃO PAULO;SE;SUDESTE;8899834,12;24666;1448403,29;1422;11242695,28;17779;1346888,65;2380;2249;139;2168;121
1637;2022-04-01;2200277;ALEGRETE DO PIAUÍ;22;PIAUÍ;NE;NORDESTE;6167070,33;28147;484560,46;580;5464390,56;23558;574752,35;1275;1573;33;1636;33
1875;2022-04-01;2702405;DELMIRO GOUVEIA;27;ALAGOAS;NE;NORDESTE;48249912,38;232231;10115247,22;10317;48428192,2;201543;10608480,3;23690;16329;631;17917;602
786;2022-04-01;5204706;CAMPINORTE;52;GOIÁS;CO;CENTRO-OESTE;26069026,17;67604;27720742,04;4433;25472136,75;57617;25908509,64;18275;4452;296;4629;301
3532;2022-04-01;2804300;MURIBECA;28;SERGIPE;NE;NORDESTE;4317659,66;21035;991906,3;821;4503061,54;18351;2035960,0;1381;1754;36;1876;35
2111;2022-04-01;4200705;ALFREDO WAGNER;42;SANTA CATARINA;SU;SUL;11395698,32;24117;4875910,17;3813;14785971,25;17371;5423899,41;8647;2713;328;2547;335
4637;2022-04-01;5219704;SANTA TEREZINHA DE GOIÁS;52;GOIÁS;CO;CENTRO-OESTE;19209807,43;46971;5720083,35;4263;19798004,74;38366;4861859,72;9284;3240;242;3445;244
5434;2022-04-01;4309704;HUMAITÁ;43;RIO GRANDE DO SUL;SU;SUL;5429770,26;12253;2235653,9;931;3933063,64;8397;3239271,45;2672;1387;115;1219;142
5517;2022-04-01;3135308;JAPARAÍBA;31;MINAS GERAIS;SE;SUDESTE;3782339,32;13192;631391,34;709;3810447,28;10048;788429,86;2084;1252;93;1155;96
1886;2022-04-01;2111078;SÃO JOÃO DO SOTER;21;MARANHÃO;NE;NORDESTE;7642935,76;45656;641204,86;652;7291127,36;37177;552802,75;1480;3106;51;3322;51
4952;2022-04-01;5103502;DIAMANTINO;51;MATO GROSSO;CO;CENTRO-OESTE;59365625,41;151934;25624214,59;15770;57795370,6;113216;21810644,48;32854;10517;964;10318;855
5708;2022-04-01;5202353;ARENÓPOLIS;52;GOIÁS;CO;CENTRO-OESTE;6316569,45;12704;1520221,4;949;6411679,81;9054;1832906,58;2380;1055;64;1071;60
4817;2022-04-01;2803203;ITAPORANGA D'AJUDA;28;SERGIPE;NE;NORDESTE;23494645,87;141625;100387086,61;5913;24934667,25;124728;30893444,74;13883;9393;338;10394;304
5522;2022-04-01;3114907;CASA GRANDE;31;MINAS GERAIS;SE;SUDESTE;2172962,37;5075;176876,66;230;1908601,96;3485;252273,29;524;560;32;550;21
4055;2022-04-01;2304269;DEPUTADO IRAPUAN PINHEIRO;23;CEARÁ;NE;NORDESTE;5607821,84;26192;1548117,19;807;5726869,59;24217;1078687,94;2227;2086;57;2188;52
1938;2022-04-01;3104700;ATALÉIA;31;MINAS GERAIS;SE;SUDESTE;11655201,11;42300;1493097,82;1292;12319823,49;33908;2739647,61;3654;3444;134;3496;142
5410;2022-04-01;3170909;VARZELÂNDIA;31;MINAS GERAIS;SE;SUDESTE;14954479,29;78336;3632956,02;3103;15601479,7;65559;3033380,96;9340;5657;193;5527;180
1945;2022-04-01;4311734;MAMPITUBA;43;RIO GRANDE DO SUL;SU;SUL;2638785,81;7512;1006112,38;658;2703993,84;5664;358182,42;1023;726;35;705;34
4841;2022-04-01;4110052;IGUATU;41;PARANÁ;SU;SUL;1843208,56;6130;1339182,15;400;1554379,27;4481;1592105,85;932;640;41;599;41
4973;2022-04-01;4127304;TERRA RICA;41;PARANÁ;SU;SUL;19718134,61;55288;5354361,69;4743;19942784,92;44142;6583408,77;9356;5150;375;5191;384
1998;2022-04-01;3540606;PORTO FELIZ;35;SÃO PAULO;SE;SUDESTE;81415789,64;285789;64356851,85;31493;90139011,38;234737;69126840,52;60427;23328;1887;23175;1786
935;2022-04-01;3165800;SENADOR JOSÉ BENTO;31;MINAS GERAIS;SE;SUDESTE;1358631,11;4248;222290,75;175;1267258,46;3376;168875,84;287;449;17;417;22
1992;2022-04-01;3139003;MACHADO;31;MINAS GERAIS;SE;SUDESTE;50756938,53;143864;96403678,37;15004;57696067,75;120015;81978126,83;22701;13048;1134;13468;1084
2780;2022-04-01;1705508;COLINAS DO TOCANTINS;17;TOCANTINS;NO;NORTE;72301340,8;241463;34500636,51;20537;92901146,04;201977;36696788,63;51399;14386;951;15359;940
67;2022-04-01;2907558;CATURAMA;29;BAHIA;NE;NORDESTE;3104725,8;11717;344249,63;220;3162437,89;9372;265529,76;352;1161;40;1248;36
1737;2022-04-01;1600303;MACAPÁ;16;AMAPÁ;NO;NORTE;790600291,29;4973487;342914828,31;268640;819787308,37;4463157;320226368,51;529659;239401;9600;241999;9040
1135;2022-04-01;5212501;LUZIÂNIA;52;GOIÁS;CO;CENTRO-OESTE;338373287,51;1457388;221729019,28;102258;385232708,42;1335209;172761115,33;213784;87205;4778;94222;4481
3582;2022-04-01;2203503;ELESBÃO VELOSO;22;PIAUÍ;NE;NORDESTE;7197662,1;46705;2107563,98;709;7820252,41;41558;1022721,94;2524;3574;83;3768;83
5736;2022-04-01;4315149;PRESIDENTE LUCENA;43;RIO GRANDE DO SUL;SU;SUL;2644898,49;7337;3981869,25;1172;2459907,9;5633;3337305,75;2444;958;120;842;124
4091;2022-04-01;3536257;PARISI;35;SÃO PAULO;SE;SUDESTE;3185717,66;8640;717642,38;765;3343043,44;7806;746205,81;1388;794;58;803;53
1776;2022-04-01;4106001;CONGONHINHAS;41;PARANÁ;SU;SUL;7082342,63;25182;1950848,46;2070;7108787,69;20158;2640264,47;3617;2365;142;2363;151
3679;2022-04-01;2609501;NAZARÉ DA MATA;26;PERNAMBUCO;NE;NORDESTE;24275732,73;134761;6813055,4;4407;25197929,48;117213;21276350,89;8728;9293;308;10124;276
37;2022-04-01;3103108;ANTÔNIO PRADO DE MINAS;31;MINAS GERAIS;SE;SUDESTE;1521846,13;5341;88030,23;97;1226280,35;4586;71100,52;238;455;20;436;18
71;2022-04-01;4107108;DIAMANTE DO NORTE;41;PARANÁ;SU;SUL;6187331,02;21848;3476438,75;1429;5969444,77;16145;3972893,45;4316;1920;117;1922;114
5661;2022-04-01;2409407;PAU DOS FERROS;24;RIO GRANDE DO NORTE;NE;NORDESTE;40446931,92;172902;23726743,61;10084;39091124,54;154488;28442483,23;32630;11438;669;11624;655
1831;2022-04-01;2605509;FERREIROS;26;PERNAMBUCO;NE;NORDESTE;7990285,29;40743;1006792,24;1315;7977730,96;36181;917572,33;2906;2963;95;3135;92
4079;2022-04-01;3501806;AMÉRICO DE CAMPOS;35;SÃO PAULO;SE;SUDESTE;6129718,69;21442;1547063,18;1234;7454614,69;17129;1650564,11;3140;2081;123;2019;133
5660;2022-04-01;4120309;PORTO VITÓRIA;41;PARANÁ;SU;SUL;1781191,34;7410;1207089,86;1066;2461594,28;6136;1327842,87;1341;939;86;973;80
1044;2022-04-01;2910750;FÁTIMA;29;BAHIA;NE;NORDESTE;13005661,69;51824;2579296,76;1633;13272456,49;47591;3009645,48;3557;4077;136;4437;132
3690;2022-04-01;2105658;JUNCO DO MARANHÃO;21;MARANHÃO;NE;NORDESTE;5472878,55;24881;646850,6;563;4781190,69;21641;762489,29;1057;1556;23;1599;24
2753;2022-04-01;3148509;PAVÃO;31;MINAS GERAIS;SE;SUDESTE;5391771,5;24298;2322918,34;1128;5599883,33;20248;1040493,78;2112;2075;90;2097;102
3625;2022-04-01;2414001;TANGARÁ;24;RIO GRANDE DO NORTE;NE;NORDESTE;14810292,62;82808;3603326,21;3116;14776329,92;78635;3528980,54;9398;4839;161;5148;153
972;2022-04-01;2504207;CATINGUEIRA;25;PARAÍBA;NE;NORDESTE;3039788,17;14844;554147,18;366;3296201,24;13125;480423,25;757;1140;28;1305;25
4786;2022-04-01;2602803;BUÍQUE;26;PERNAMBUCO;NE;NORDESTE;20665476,89;90866;3103536,43;2911;22563788,22;82541;3617609,21;6586;8228;231;9174;213
1326;2022-04-01;3515194;ESPÍRITO SANTO DO TURVO;35;SÃO PAULO;SE;SUDESTE;3818206,72;15636;1915440,53;1044;4295437,65;12666;1080933,97;1436;1525;76;1595;80
5373;2022-04-01;2506004;ESPERANÇA;25;PARAÍBA;NE;NORDESTE;32457978,56;123150;15733256,44;9523;32158898,37;111084;14602580,59;16043;8779;624;9629;559
4851;2022-04-01;4123303;SANTA CRUZ DE MONTE CASTELO;41;PARANÁ;SU;SUL;14185012,58;31053;4942965,57;2836;13570778,2;23903;4730627,54;7078;2854;229;2738;231
3411;2022-04-01;5214838;NOVA CRIXÁS;52;GOIÁS;CO;CENTRO-OESTE;24329528,32;55842;12337784,77;7727;22239584,29;52804;11949967,68;11841;3736;280;4022;275
5955;2022-04-01;3152131;PONTO CHIQUE;31;MINAS GERAIS;SE;SUDESTE;3185591,02;15934;519620,33;622;3196184,59;12609;533898,95;1911;1166;39;1287;42
2758;2022-04-01;1503457;IPIXUNA DO PARÁ;15;PARÁ;NO;NORTE;17832559,7;100100;6377556,01;4294;17767583,99;85637;5939834,94;10303;6373;234;6535;232
2848;2022-04-01;3542503;REGINÓPOLIS;35;SÃO PAULO;SE;SUDESTE;7335257,82;31518;2117231,79;2146;6896315,73;23286;1985040,67;3880;2381;144;2330;142
3416;2022-04-01;5207600;FAZENDA NOVA;52;GOIÁS;CO;CENTRO-OESTE;7699781,02;24105;3631372,65;1068;8665450,28;18946;3034549,89;2570;1766;104;1783;107
5726;2022-04-01;3550803;SÃO SEBASTIÃO DA GRAMA;35;SÃO PAULO;SE;SUDESTE;9140818,76;29898;7575912,92;3085;10139992,62;24323;10084941,75;5485;3055;272;3063;291
957;2022-04-01;2205151;JACOBINA DO PIAUÍ;22;PIAUÍ;NE;NORDESTE;2791782,85;12811;1467718,23;960;2792108,92;10299;730496,42;1682;909;50;1009;47
3874;2022-04-01;2926301;RIACHÃO DO JACUÍPE;29;BAHIA;NE;NORDESTE;39731582,19;170023;24454641,15;9729;40948615,14;154493;25773302,68;20658;10636;617;11457;609
1930;2022-04-01;4114401;MANGUEIRINHA;41;PARANÁ;SU;SUL;22706787,14;50584;19194818,0;6724;22789027,31;36188;11659725,81;12012;5181;463;5156;486
4796;2022-04-01;1706001;COUTO MAGALHÃES;17;TOCANTINS;NO;NORTE;6259189,03;19830;10345744,77;2007;5379558,98;15601;11499106,29;3884;1393;87;1448;78
4009;2022-04-01;2920601;MARAGOGIPE;29;BAHIA;NE;NORDESTE;27584025,84;181381;4348817,64;3824;29298526,18;167994;3078313,24;7269;10317;239;11370;246
4612;2022-04-01;2703205;IGREJA NOVA;27;ALAGOAS;NE;NORDESTE;11038370,01;48255;777780,81;921;10543644,17;40344;1169569,98;1221;4519;81;4884;80
5350;2022-04-01;4113007;JUSSARA;41;PARANÁ;SU;SUL;7211391,29;28162;4132389,83;2087;8235288,87;21437;2993766,68;3333;2613;160;2409;152
513;2022-04-01;3520608;INDIANA;35;SÃO PAULO;SE;SUDESTE;5922248,97;22574;2405049,02;2186;6841221,52;18883;2286216,96;3197;1921;149;1911;141
2550;2022-04-01;2701100;BRANQUINHA;27;ALAGOAS;NE;NORDESTE;4416750,8;25908;434639,58;654;4605518,09;22210;337017,43;530;2130;37;2509;38
5071;2022-04-01;3549102;SÃO JOÃO DA BOA VISTA;35;SÃO PAULO;SE;SUDESTE;157020611,92;440761;107805272,22;50985;166076604,82;371324;134944244,53;98194;38136;3687;37348;3565
4427;2022-04-01;3503307;ARARAS;35;SÃO PAULO;SE;SUDESTE;200960224,98;664004;151890942,48;76387;217524111,13;565927;144937604,17;185643;58228;4905;56779;4647
2554;2022-04-01;4304408;CANELA;43;RIO GRANDE DO SUL;SU;SUL;75138561,22;258615;57389506,19;41915;84057939,18;214322;66440036,94;72650;21246;2568;21173;2353
4483;2022-04-01;2608057;JATOBÁ;26;PERNAMBUCO;NE;NORDESTE;10671362,45;62096;4204242,63;1258;10311006,22;51213;3182255,7;3048;4410;79;4422;91
5089;2022-04-01;1508159;URUARÁ;15;PARÁ;NO;NORTE;48887645,2;171302;21346014,51;12918;49497120,84;133364;20070624,35;33321;11228;475;11484;478
2557;2022-04-01;2615904;TUPARETAMA;26;PERNAMBUCO;NE;NORDESTE;7312537,77;31729;1254342,65;874;7344212,26;26835;1202947,09;2327;2569;82;2674;82
3043;2022-04-01;2108009;PASTOS BONS;21;MARANHÃO;NE;NORDESTE;15224298,63;80995;5121184,45;2847;15164000,18;66202;4493566,27;8227;4834;155;5160;142
2662;2022-04-01;2506103;FAGUNDES;25;PARAÍBA;NE;NORDESTE;6715447,36;34888;534932,01;602;6943985,97;32336;445812,74;2185;2813;62;3134;50
5832;2022-04-01;3104106;ARCEBURGO;31;MINAS GERAIS;SE;SUDESTE;6939273,07;29448;6248894,33;2889;7262413,74;24715;3688431,66;6732;2817;218;2767;226
2730;2022-04-01;2915908;ITANAGRA;29;BAHIA;NE;NORDESTE;4845152,4;35510;1113585,43;1362;5120050,33;28468;858033,54;2719;2109;67;2269;72
4574;2022-04-01;2913705;INHAMBUPE;29;BAHIA;NE;NORDESTE;28404826,14;134647;11872131,38;6819;29151585,69;116176;10655924,82;14525;9624;440;10544;418
430;2022-04-01;5106182;NOVA LACERDA;51;MATO GROSSO;CO;CENTRO-OESTE;8918883,48;25546;2741848,87;1888;8096648,75;19097;2361533,34;4418;2180;133;2058;126
3232;2022-04-01;1718402;PRESIDENTE KENNEDY;17;TOCANTINS;NO;NORTE;4606388,17;20432;780120,29;837;4643287,72;17167;797694,81;2109;1214;43;1272;49
5010;2022-04-01;2926806;RIO DO ANTÔNIO;29;BAHIA;NE;NORDESTE;7904763,83;27402;1456614,25;1038;7251304,53;21620;1619177,15;1877;2574;90;2623;79
563;2022-04-01;3202603;ICONHA;32;ESPÍRITO SANTO;SE;SUDESTE;12977504,65;50126;18279307,82;6125;14964433,3;40772;14615481,69;12329;4345;440;4154;447
5996;2022-04-01;2302404;BOA VIAGEM;23;CEARÁ;NE;NORDESTE;40090462,33;196101;9021449,93;6766;39855526,99;173604;7996885,82;18039;13952;419;14601;402
4402;2022-04-01;1718501;RECURSOLÂNDIA;17;TOCANTINS;NO;NORTE;3258702,18;12889;393687,3;494;3098246,51;9692;498337,5;683;897;23;903;22
4399;2022-04-01;5002001;BATAYPORÃ;50;MATO GROSSO DO SUL;CO;CENTRO-OESTE;11890230,58;43930;30246754,38;3916;12944799,56;32680;35641587,81;7493;3870;281;3933;277
1396;2022-04-01;3144409;NATÉRCIA;31;MINAS GERAIS;SE;SUDESTE;3772498,53;11156;1038201,44;745;3473035,99;8675;479167,43;1508;1225;95;1142;94
556;2022-04-01;3123528;DURANDÉ;31;MINAS GERAIS;SE;SUDESTE;3679699,91;16849;1248014,56;893;3604087,21;12827;600597,24;1848;1870;99;1755;82
3123;2022-04-01;2207405;PALMEIRA DO PIAUÍ;22;PIAUÍ;NE;NORDESTE;4319656,72;21296;523327,33;762;4330459,41;17139;833133,91;1784;1565;48;1606;50
4299;2022-04-01;2112233;TRIZIDELA DO VALE;21;MARANHÃO;NE;NORDESTE;19178689,61;98271;13053670,04;5154;18365703,25;88272;5897178,49;8532;5927;248;6318;239
353;2022-04-01;2307254;JIJOCA DE JERICOACOARA;23;CEARÁ;NE;NORDESTE;33761090,61;161792;18321493,39;21129;37126361,37;151269;19216603,52;67029;8153;988;8251;922
635;2022-04-01;5201405;APARECIDA DE GOIÂNIA;52;GOIÁS;CO;CENTRO-OESTE;1185281819,17;4692746;897535980,67;372753;1364284643,15;4367689;873579185,73;774379;261513;16823;279490;15638
650;2022-04-01;2918506;JUSSARA;29;BAHIA;NE;NORDESTE;10024388,4;46575;1557223,91;1333;10094868,44;40771;1562112,55;2914;3826;90;4042;95
352;2022-04-01;3133204;ITANHOMI;31;MINAS GERAIS;SE;SUDESTE;12801940,47;35631;2208734,39;1643;15528466,27;28285;2823368,51;4649;3311;181;3427;202
231;2022-04-01;4306353;DEZESSEIS DE NOVEMBRO;43;RIO GRANDE DO SUL;SU;SUL;1635603,85;4791;581957,24;188;1439122,73;3343;559230,45;381;592;21;525;29
344;2022-04-01;4204194;CHAPADÃO DO LAGEADO;42;SANTA CATARINA;SU;SUL;4027303,39;6804;864627,66;716;3281334,06;4066;1227334,08;1763;752;63;646;68
5249;2022-04-01;2931053;TANQUE NOVO;29;BAHIA;NE;NORDESTE;11098864,97;35708;4297718,72;2444;10442194,12;29774;4780785,16;5112;3258;228;3307;197
1366;2022-04-01;5106703;PONTE BRANCA;51;MATO GROSSO;CO;CENTRO-OESTE;2449149,94;8692;227376,23;273;2748249,28;7312;348630,36;664;644;27;647;34
373;2022-04-01;2205540;LAGOINHA DO PIAUÍ;22;PIAUÍ;NE;NORDESTE;1511005,59;7208;178774,35;215;1472756,34;6187;615524,75;650;581;12;670;12
3794;2022-04-01;3527256;LOURDES;35;SÃO PAULO;SE;SUDESTE;2572412,5;7941;224937,53;422;2717504,52;5976;227690,82;1059;740;32;732;32
1498;2022-04-01;3534807;OURO VERDE;35;SÃO PAULO;SE;SUDESTE;6490785,16;26772;1992775,72;2113;7085858,87;21293;2374251,73;3403;2422;141;2501;131
2227;2022-04-01;2513943;SÃO DOMINGOS DO CARIRI;25;PARAÍBA;NE;NORDESTE;2107905,11;8746;37029,15;81;2132699,82;7478;57583,93;181;628;7;674;11
615;2022-04-01;3110707;CAMBUQUIRA;31;MINAS GERAIS;SE;SUDESTE;12088689,2;46473;3865547,67;3310;12983683,21;39292;11325737,57;7656;3923;318;4040;320
384;2022-04-01;3515806;FLORA RICA;35;SÃO PAULO;SE;SUDESTE;1558755,6;6018;82322,05;111;1563281,91;4275;86294,17;394;532;11;539;18
3289;2022-04-01;4302584;BOZANO;43;RIO GRANDE DO SUL;SU;SUL;1705009,61;3854;990192,16;382;1185589,79;2340;741205,77;452;453;33;390;29
2624;2022-04-01;2400604;ALMINO AFONSO;24;RIO GRANDE DO NORTE;NE;NORDESTE;5417933,02;27909;1394368,19;580;4734749,34;24313;1461238,28;1660;1660;48;1601;45
2902;2022-04-01;4100400;ALMIRANTE TAMANDARÉ;41;PARANÁ;SU;SUL;147466326,8;652898;93953305,55;60821;173592864,78;594123;93404139,54;89332;50369;3205;52943;3070
4293;2022-04-01;4315602;RIO GRANDE;43;RIO GRANDE DO SUL;SU;SUL;277142137,68;1171546;222320078,7;102456;280895697,67;981027;296180671,28;174226;92055;5599;89833;5259
2548;2022-04-01;3553906;TARABAI;35;SÃO PAULO;SE;SUDESTE;7624580,79;30157;3332694,73;2673;8790736,12;25339;3746427,44;3978;2493;174;2523;157
670;2022-04-01;4306502;DOM FELICIANO;43;RIO GRANDE DO SUL;SU;SUL;7591033,15;25763;1994507,53;1666;7370524,26;17354;2038300,18;4059;2826;164;2509;171
702;2022-04-01;1718303;PRAIA NORTE;17;TOCANTINS;NO;NORTE;5414336,92;34367;388746,69;396;5939478,79;30974;479247,69;951;2174;30;2400;29
4310;2022-04-01;4317251;SANTA TEREZA;43;RIO GRANDE DO SUL;SU;SUL;749021,04;2701;328229,29;167;1265943,89;1682;227929,98;312;351;22;321;30
705;2022-04-01;3156809;SABINÓPOLIS;31;MINAS GERAIS;SE;SUDESTE;12184749,46;43682;3176977,63;2320;12215624,38;36351;2694974,15;5591;4077;194;4234;216
4353;2022-04-01;2106904;MONÇÃO;21;MARANHÃO;NE;NORDESTE;11845808,21;78573;1859097,34;1559;11090022,49;66166;1857267,89;4957;5345;85;5452;90
2356;2022-04-01;4321857;TRÊS PALMEIRAS;43;RIO GRANDE DO SUL;SU;SUL;3601788,28;9571;1494199,68;937;3135505,32;7030;1585553,5;1904;1185;109;1026;109
481;2022-04-01;3169406;TRÊS PONTAS;31;MINAS GERAIS;SE;SUDESTE;81936219,92;223518;177767324,42;19707;84139968,9;186723;173053821,12;35394;18608;1469;19369;1434
2350;2022-04-01;2300408;AIUABA;23;CEARÁ;NE;NORDESTE;9203829,85;51756;769977,49;1022;9338565,6;47473;693840,84;2195;3639;100;3759;91
5598;2022-04-01;2801306;CAPELA;28;SERGIPE;NE;NORDESTE;20749937,03;113298;7202311,41;3275;21044451,26;97097;7985367,89;8181;8072;228;8618;208
1433;2022-04-01;4311791;MARATÁ;43;RIO GRANDE DO SUL;SU;SUL;1882712,82;5842;1853491,88;699;1821910,77;4238;1922614,82;1699;707;79;587;76
2135;2022-04-01;1501253;BANNACH;15;PARÁ;NO;NORTE;5331723,24;15552;741689,78;669;6619848,17;11721;1241469,43;1545;1152;45;1105;46
4727;2022-04-01;2204550;GUARIBAS;22;PIAUÍ;NE;NORDESTE;4121117,92;13434;1628034,29;618;3321363,9;10740;1824012,03;1051;930;44;1020;37
5142;2022-04-01;2100832;APICUM-AÇU;21;MARANHÃO;NE;NORDESTE;10299276,45;54015;1439871,51;923;9813620,97;46078;1490584,46;1711;3579;75;3597;68
4501;2022-04-01;1200054;ASSIS BRASIL;12;ACRE;NO;NORTE;4595962,25;19084;886351,42;740;4367885,57;15302;503752,57;937;1435;50;1506;46
2169;2022-04-01;3519055;HOLAMBRA;35;SÃO PAULO;SE;SUDESTE;42766343,83;93934;39749102,4;12733;44062805,17;71035;36094724,15;27164;7398;865;7166;846
3208;2022-04-01;2511707;PILÕEZINHOS;25;PARAÍBA;NE;NORDESTE;2185853,51;11530;271483,39;450;2330404,33;10445;122551,78;374;948;25;1099;19
5921;2022-04-01;2200459;ALVORADA DO GURGUÉIA;22;PIAUÍ;NE;NORDESTE;3487850,34;20811;714575,49;752;3648766,19;17975;670242,0;1432;1403;46;1544;36
470;2022-04-01;2411205;SANTA CRUZ;24;RIO GRANDE DO NORTE;NE;NORDESTE;47821716,81;224681;14889231,65;11353;47783656,1;199365;12646579,72;32794;13604;611;14291;592
2571;2022-04-01;2704104;LAGOA DA CANOA;27;ALAGOAS;NE;NORDESTE;11621462,29;49233;2119764,25;1692;12068901,75;41182;1185259,93;2053;3986;107;4224;88
2634;2022-04-01;3136306;JOÃO PINHEIRO;31;MINAS GERAIS;SE;SUDESTE;75800342,08;240204;86244420,18;22864;77113392,39;195650;61275608,64;44626;18149;1478;19143;1395
5562;2022-04-01;1701002;ANANÁS;17;TOCANTINS;NO;NORTE;12404875,74;61924;3156415,21;2384;12428567,51;53203;3990874,69;4951;3887;165;4031;154
5038;2022-04-01;2103901;DUQUE BACELAR;21;MARANHÃO;NE;NORDESTE;4560353,32;30671;687154,4;684;4295125,37;25037;568161,94;1803;2147;47;2226;45
448;2022-04-01;1702901;AXIXÁ DO TOCANTINS;17;TOCANTINS;NO;NORTE;13065755,2;57576;1484702,14;1491;12294911,92;46342;2634275,95;3411;3556;103;3947;86
455;2022-04-01;4215307;SALETE;42;SANTA CATARINA;SU;SUL;8664821,92;24459;20013608,38;5392;8231666,06;15280;13698752,5;8899;2692;402;2451;405
3087;2022-04-01;2102200;BURITI;21;MARANHÃO;NE;NORDESTE;11388515,85;66411;1427510,93;1371;10763045,58;55366;959706,87;3021;5292;86;5134;90
4555;2022-04-01;4107504;ENGENHEIRO BELTRÃO;41;PARANÁ;SU;SUL;19408261,25;55706;11341075,67;6088;19416632,86;41293;11447557,39;11839;4841;412;4837;425
3333;2022-04-01;1506112;QUATIPURU;15;PARÁ;NO;NORTE;6586601,84;41890;1128128,46;1363;6583315,29;35969;735738,77;2738;2863;72;3075;61
1392;2022-05-01;2918506;JUSSARA;29;BAHIA;NE;NORDESTE;12445394,26;52859;1748647,49;1362;12214735,21;45175;1802383,04;3127;4033;100;4197;93
2408;2022-05-01;2701100;BRANQUINHA;27;ALAGOAS;NE;NORDESTE;4802164,91;28875;451541,98;836;4792537,57;24521;377692,82;631;2295;39;2617;40
377;2022-05-01;3202603;ICONHA;32;ESPÍRITO SANTO;SE;SUDESTE;16950392,59;57216;19375821,65;6950;18605808,78;45590;12791866,3;14154;4559;458;4295;460
3704;2022-05-01;1705508;COLINAS DO TOCANTINS;17;TOCANTINS;NO;NORTE;87787445,4;270507;40863458,45;23248;107055177,06;221514;44978176,11;60409;14989;1006;15831;973
381;2022-05-01;2411205;SANTA CRUZ;24;RIO GRANDE DO NORTE;NE;NORDESTE;53579437,12;254412;17087931,05;12469;52739489,61;221093;14441626,18;39694;14219;629;14673;606
990;2022-05-01;4311791;MARATÁ;43;RIO GRANDE DO SUL;SU;SUL;2231908,98;6398;1876186,54;817;2064794,49;4506;2196509,91;1939;728;79;644;79
3573;2022-05-01;2204550;GUARIBAS;22;PIAUÍ;NE;NORDESTE;4507020,59;15615;2334785,23;707;3565613,83;12033;2537730,99;1177;996;44;1072;35
1873;2022-05-01;3165701;SENADOR FIRMINO;31;MINAS GERAIS;SE;SUDESTE;7146038,86;23956;1941368,45;1744;6910764,53;17893;3000609,55;3527;2106;146;2014;147
3991;2022-05-01;4123303;SANTA CRUZ DE MONTE CASTELO;41;PARANÁ;SU;SUL;14625404,9;33758;5378100,01;3316;14832014,43;24497;5046088,2;7969;2976;233;2849;230
4834;2022-05-01;2200277;ALEGRETE DO PIAUÍ;22;PIAUÍ;NE;NORDESTE;7069802,18;30860;598684,58;582;6489871,8;25584;661577,85;1540;1623;31;1697;32
3499;2022-05-01;4100400;ALMIRANTE TAMANDARÉ;41;PARANÁ;SU;SUL;165407918,72;734493;109797991,08;67412;191851766,86;657169;111091912,84;101655;52312;3320;54421;3222
1001;2022-05-01;3518107;GUARANTÃ;35;SÃO PAULO;SE;SUDESTE;6887499,19;30376;1490756,87;1589;6940578,46;24190;1815480,14;3782;2569;132;2453;141
5129;2022-05-01;1718501;RECURSOLÂNDIA;17;TOCANTINS;NO;NORTE;3603470,44;14803;537884,59;550;3528032,75;11122;357027,23;811;957;23;969;22
628;2022-05-01;2506103;FAGUNDES;25;PARAÍBA;NE;NORDESTE;7617335,22;39203;850972,44;684;7829353,32;35277;848783,49;2548;3016;67;3309;53
5711;2022-05-01;5002001;BATAYPORÃ;50;MATO GROSSO DO SUL;CO;CENTRO-OESTE;12190589,33;47778;12761995,15;3985;12811488,25;34604;13961998,01;8270;4037;282;4060;282
2352;2022-05-01;3136306;JOÃO PINHEIRO;31;MINAS GERAIS;SE;SUDESTE;86402838,56;270356;75360032,0;25875;89372514,77;215808;63679835,1;53141;18977;1545;19836;1485
5066;2022-05-01;4321857;TRÊS PALMEIRAS;43;RIO GRANDE DO SUL;SU;SUL;4090977,62;10983;1528278,92;1100;3398858,99;7929;2014192,95;2175;1234;115;1120;118
5318;2022-05-01;3135308;JAPARAÍBA;31;MINAS GERAIS;SE;SUDESTE;4368276,16;15079;1019278,31;942;4635997,7;11563;743847,23;2914;1338;103;1256;101
2428;2022-05-01;3170909;VARZELÂNDIA;31;MINAS GERAIS;SE;SUDESTE;17289905,53;84149;4231929,45;3555;17265546,03;70688;3083134,09;10756;5919;205;5789;196
5282;2022-05-01;2210201;SÃO JOSÉ DO PIAUÍ;22;PIAUÍ;NE;NORDESTE;3093957,14;16346;597580,68;468;3240532,32;14479;648656,06;823;1391;38;1469;30
1997;2022-05-01;4317251;SANTA TEREZA;43;RIO GRANDE DO SUL;SU;SUL;694323,6;2821;188109,98;116;800361,39;1760;193482,87;303;364;29;334;31
4320;2022-05-01;1701002;ANANÁS;17;TOCANTINS;NO;NORTE;13590940,52;70471;4793645,71;2820;13443986,13;59705;5177589,71;5900;4103;175;4205;165
5287;2022-05-01;2100832;APICUM-AÇU;21;MARANHÃO;NE;NORDESTE;11928727,83;63875;1530669,41;1047;11717503,65;54001;1570317,77;2109;3851;76;3810;76
637;2022-05-01;3165800;SENADOR JOSÉ BENTO;31;MINAS GERAIS;SE;SUDESTE;1606340,02;4661;148124,87;164;1389080,45;3430;164207,37;284;465;22;413;22
1770;2022-05-01;5106182;NOVA LACERDA;51;MATO GROSSO;CO;CENTRO-OESTE;11147994,88;28625;3999214,23;2111;10334878,83;20433;3448164,44;5012;2297;135;2162;135
449;2022-05-01;3123528;DURANDÉ;31;MINAS GERAIS;SE;SUDESTE;5203133,1;18979;1789575,91;1076;4469729,87;14225;717838,02;2328;1948;106;1804;83
5257;2022-05-01;3517604;GUAPIARA;35;SÃO PAULO;SE;SUDESTE;17648274,58;66823;10125292,6;3910;18654311,4;52311;8343887,56;6630;5830;236;5665;231
5854;2022-05-01;3549102;SÃO JOÃO DA BOA VISTA;35;SÃO PAULO;SE;SUDESTE;175320672,83;482074;125163974,63;56467;196331611,89;402928;147840318,71;110718;39417;3801;38585;3660
536;2022-05-01;5204706;CAMPINORTE;52;GOIÁS;CO;CENTRO-OESTE;31338480,38;75432;17712651,03;5026;30284569,43;63863;16028449,92;20508;4607;306;4764;322
5418;2022-05-01;2107407;OLHO D'ÁGUA DAS CUNHÃS;21;MARANHÃO;NE;NORDESTE;17795187,36;105922;1955796,83;1952;17205379,35;84940;2872140,08;7686;5851;100;5791;105
5267;2022-05-01;3524204;JABORANDI;35;SÃO PAULO;SE;SUDESTE;9448936,98;27172;1970444,79;1674;10690834,61;19858;1710533,59;2787;2382;143;2249;122
1486;2022-05-01;2111078;SÃO JOÃO DO SOTER;21;MARANHÃO;NE;NORDESTE;9205588,92;52755;610734,79;748;8187772,4;42017;600240,75;1646;3317;59;3523;54
1394;2022-05-01;5106703;PONTE BRANCA;51;MATO GROSSO;CO;CENTRO-OESTE;3374135,89;9544;260125,76;344;3205616,48;7705;370974,67;764;668;31;669;30
2675;2022-05-01;4114401;MANGUEIRINHA;41;PARANÁ;SU;SUL;26790948,95;57749;30471046,45;7665;34148157,6;40834;15232459,35;13840;5542;476;5481;491
4308;2022-05-01;2203503;ELESBÃO VELOSO;22;PIAUÍ;NE;NORDESTE;8617489,22;53536;2074409,66;924;8832862,0;46697;1196069,73;3093;3819;89;3926;92
5829;2022-05-01;2612406;SANHARÓ;26;PERNAMBUCO;NE;NORDESTE;13624777,13;52841;2552993,65;2158;13644841,93;46089;1849004,04;5334;4145;159;4484;138
2329;2022-05-01;4304408;CANELA;43;RIO GRANDE DO SUL;SU;SUL;85478647,69;292045;62925623,83;44857;94001392,76;234822;75113231,51;81589;22204;2648;22020;2439
1866;2022-05-01;3144409;NATÉRCIA;31;MINAS GERAIS;SE;SUDESTE;4446603,43;12294;1203051,08;832;4075577,45;9438;3858984,25;1672;1275;97;1232;100
5166;2022-05-01;4120309;PORTO VITÓRIA;41;PARANÁ;SU;SUL;2312953,87;8459;1480759,02;1174;2838035,43;6911;1610676,04;1481;975;81;998;79
3697;2022-05-01;1200054;ASSIS BRASIL;12;ACRE;NO;NORTE;4842725,62;20706;1430480,28;923;4870786,99;16902;410314,44;1084;1523;52;1598;52
3521;2022-05-01;2202075;CAJAZEIRAS DO PIAUÍ;22;PIAUÍ;NE;NORDESTE;1501526,06;10908;580621,65;270;1512543,2;8741;205632,02;555;710;20;822;17
2708;2022-05-01;2913705;INHAMBUPE;29;BAHIA;NE;NORDESTE;32520713,77;151287;15203105,88;8042;31706991,75;127334;12983517,6;16709;10161;445;10994;435
474;2022-05-01;3133204;ITANHOMI;31;MINAS GERAIS;SE;SUDESTE;13727027,18;39120;2816470,31;1974;15392720,33;30314;2974497,44;5075;3432;190;3577;211
5518;2022-05-01;2311900;SABOEIRO;23;CEARÁ;NE;NORDESTE;14420645,79;61584;1049577,12;1115;14151085,25;57815;798318,09;2839;3964;67;4064;61
4741;2022-05-01;2920601;MARAGOGIPE;29;BAHIA;NE;NORDESTE;31862974,36;206313;3826962,19;4318;32719025,72;185047;3082059,81;7662;10960;248;11784;250
3516;2022-05-01;2414001;TANGARÁ;24;RIO GRANDE DO NORTE;NE;NORDESTE;16530255,95;92064;4111774,92;3236;16309419,0;85838;4013722,24;9846;5085;163;5360;161
4553;2022-05-01;2703700;JARAMATAIA;27;ALAGOAS;NE;NORDESTE;4229727,48;15490;1243776,18;447;4171686,75;13033;555082,09;445;1235;27;1354;26
1808;2022-05-01;1501253;BANNACH;15;PARÁ;NO;NORTE;5491349,76;18010;795094,29;787;5728803,38;13007;1449934,51;1984;1212;49;1168;46
3862;2022-05-01;2703205;IGREJA NOVA;27;ALAGOAS;NE;NORDESTE;11845104,21;54156;999981,3;1074;12539125,53;44940;881054,97;1442;4833;81;5147;77
1013;2022-05-01;3156809;SABINÓPOLIS;31;MINAS GERAIS;SE;SUDESTE;13221980,06;47652;3084533,17;2581;14244575,51;39179;3060353,3;6240;4231;206;4355;215
3550;2022-05-01;2108009;PASTOS BONS;21;MARANHÃO;NE;NORDESTE;17150530,14;90387;5686552,25;3210;16298888,59;73318;5267903,0;9056;5169;157;5331;158
5843;2022-05-01;2304269;DEPUTADO IRAPUAN PINHEIRO;23;CEARÁ;NE;NORDESTE;6516191,55;29448;1759392,81;762;6512492,47;26718;1315151,3;2319;2162;56;2290;50
399;2022-05-01;4215307;SALETE;42;SANTA CATARINA;SU;SUL;9009534,31;27816;20089978,78;6022;9703607,09;17048;14566463,1;9878;2841;429;2575;422
222;2022-05-01;4107108;DIAMANTE DO NORTE;41;PARANÁ;SU;SUL;6145002,96;23528;4366956,69;1644;6382678,12;17600;4494734,75;4941;2041;116;1968;123
5509;2022-05-01;3121506;DESTERRO DO MELO;31;MINAS GERAIS;SE;SUDESTE;2274269,99;6547;807292,06;330;2961149,7;6459;684176,54;583;728;36;735;34
3455;2022-05-01;4302584;BOZANO;43;RIO GRANDE DO SUL;SU;SUL;2240609,57;4206;1007367,08;437;1521144,69;2632;636276,74;437;481;33;399;29
2439;2022-05-01;5207600;FAZENDA NOVA;52;GOIÁS;CO;CENTRO-OESTE;8821511,91;25766;1835252,16;1239;10301619,72;20028;1896597,69;2839;1846;107;1837;108
1266;2022-05-01;3148509;PAVÃO;31;MINAS GERAIS;SE;SUDESTE;6201386,65;28134;3160544,58;1449;5985776,02;22752;1937426,58;2578;2186;99;2304;115
3846;2022-05-01;5219704;SANTA TEREZINHA DE GOIÁS;52;GOIÁS;CO;CENTRO-OESTE;22774816,81;52938;5485824,21;4557;25201329,6;41737;4985036,45;10892;3397;244;3577;246
4250;2022-05-01;2602803;BUÍQUE;26;PERNAMBUCO;NE;NORDESTE;23475266,99;103955;3470503,98;3167;24572217,6;92223;5289076,34;7618;8877;226;9679;225
2090;2022-05-01;1506112;QUATIPURU;15;PARÁ;NO;NORTE;7650697,99;47694;1641720,77;1338;7957293,52;40020;1197909,34;3042;3099;70;3285;65
4488;2022-05-01;2615904;TUPARETAMA;26;PERNAMBUCO;NE;NORDESTE;8827841,12;36869;1716519,41;978;8238739,92;30012;1265955,35;2688;2709;86;2783;82
3388;2022-05-01;2511707;PILÕEZINHOS;25;PARAÍBA;NE;NORDESTE;2460405,56;12961;315882,02;574;2724121,45;11996;104135,96;397;1028;27;1134;20
3389;2022-05-01;3527256;LOURDES;35;SÃO PAULO;SE;SUDESTE;2355927,39;8844;267938,72;386;2500902,29;6485;236766,31;1097;766;30;753;32
2746;2022-05-01;4315602;RIO GRANDE;43;RIO GRANDE DO SUL;SU;SUL;301313555,61;1288350;492559822,99;112629;313042681,02;1077563;629662069,93;201787;95758;5751;93831;5374
292;2022-05-01;2205540;LAGOINHA DO PIAUÍ;22;PIAUÍ;NE;NORDESTE;1628124,3;8424;192463,37;237;1612018,23;6892;819725,46;741;625;13;705;11
1418;2022-05-01;2307254;JIJOCA DE JERICOACOARA;23;CEARÁ;NE;NORDESTE;37731378,93;179673;19649709,04;23456;39203253,85;165759;22109378,54;75949;8425;1027;8504;946
798;2022-05-01;2907558;CATURAMA;29;BAHIA;NE;NORDESTE;3296436,86;13371;380343,51;302;3505683,64;10815;278571,45;479;1241;47;1328;37
799;2022-05-01;2504207;CATINGUEIRA;25;PARAÍBA;NE;NORDESTE;3654049,25;17585;661471,57;385;3861471,92;15224;314153,8;842;1203;28;1355;23
5764;2022-05-01;2801306;CAPELA;28;SERGIPE;NE;NORDESTE;24022265,74;130084;8294335,27;3613;23462223,17;107635;8651943,68;9581;8548;227;9103;222
2975;2022-05-01;2513943;SÃO DOMINGOS DO CARIRI;25;PARAÍBA;NE;NORDESTE;2306100,97;9581;30495,5;134;2294031,65;8463;65342,74;203;683;7;708;15
4854;2022-05-01;2609501;NAZARÉ DA MATA;26;PERNAMBUCO;NE;NORDESTE;26502187,46;148713;6782791,57;4788;27438714,03;127829;51654368,61;10056;9812;307;10561;290
3629;2022-05-01;2803203;ITAPORANGA D'AJUDA;28;SERGIPE;NE;NORDESTE;27463240,32;162366;138086117,96;6520;27875358,9;138608;18446996,57;15766;10055;339;10926;305
2563;2022-05-01;4200705;ALFREDO WAGNER;42;SANTA CATARINA;SU;SUL;12436439,32;26843;5049256,05;4108;14837402,39;18545;5563983,56;9370;2883;340;2700;350
2559;2022-05-01;4106001;CONGONHINHAS;41;PARANÁ;SU;SUL;7634462,91;28123;2383180,16;2240;8193979,23;21628;2777894,67;4383;2488;153;2482;149
2823;2022-05-01;2105658;JUNCO DO MARANHÃO;21;MARANHÃO;NE;NORDESTE;5682852,07;27975;761825,67;673;5414954,78;23819;1004581,91;1435;1656;25;1712;26
3942;2022-05-01;2704104;LAGOA DA CANOA;27;ALAGOAS;NE;NORDESTE;13639699,94;54247;2654473,39;2005;13841165,06;45701;1680420,62;2519;4266;108;4491;89
4160;2022-05-01;2910750;FÁTIMA;29;BAHIA;NE;NORDESTE;14258379,55;58363;2560883,97;1884;13897156,46;50904;3060004,38;4128;4317;141;4618;130
5798;2022-05-01;1400407;NORMANDIA;14;RORAIMA;NO;NORTE;4788585,9;26130;2405948,45;1684;4106459,39;18870;1591478,34;3627;1459;42;1445;44
4648;2022-05-01;2300408;AIUABA;23;CEARÁ;NE;NORDESTE;10665242,95;58414;817895,71;1174;10332063,51;52674;812589,92;2482;3850;94;3940;90
2212;2022-05-01;2702405;DELMIRO GOUVEIA;27;ALAGOAS;NE;NORDESTE;52325853,24;263451;11122448,59;11585;51890751,84;224427;10074321,38;27681;17266;660;18603;632
5912;2022-05-01;2409407;PAU DOS FERROS;24;RIO GRANDE DO NORTE;NE;NORDESTE;44794653,27;197548;25892516,41;11951;43762261,97;176407;29250714,14;38992;11923;681;12060;697
2094;2022-05-01;1600303;MACAPÁ;16;AMAPÁ;NO;NORTE;892180341,92;5530627;355150234,69;297457;904530189,97;4927586;335214538,26;603579;246962;9916;248151;9385
3833;2022-05-01;3135001;JAGUARAÇU;31;MINAS GERAIS;SE;SUDESTE;3374194,26;15220;2493808,16;794;3815300,06;11793;2335254,16;1709;1116;70;1137;53
5503;2022-05-01;4105201;CERRO AZUL;41;PARANÁ;SU;SUL;18656280,05;55871;7646616,61;4423;21806546,77;48450;6650195,66;7162;5149;255;5162;243
2609;2022-05-01;2915908;ITANAGRA;29;BAHIA;NE;NORDESTE;5670265,16;38965;1173139,14;1486;6024696,71;31103;1090807,63;2858;2228;78;2388;73
5599;2022-05-01;2506004;ESPERANÇA;25;PARAÍBA;NE;NORDESTE;35242246,07;137904;20547472,58;10559;35111624,66;122968;19179832,97;18497;9181;635;9890;578
745;2022-05-01;3520608;INDIANA;35;SÃO PAULO;SE;SUDESTE;6848295,94;24291;3056772,14;2306;7500179,42;20487;2478604,13;3468;2017;152;1961;144
3067;2022-05-01;3550803;SÃO SEBASTIÃO DA GRAMA;35;SÃO PAULO;SE;SUDESTE;10356240,21;33236;8396041,24;3480;10855872,84;26331;10798280,64;6131;3316;294;3211;304
2606;2022-05-01;2106904;MONÇÃO;21;MARANHÃO;NE;NORDESTE;13556068,61;93255;2683632,94;1756;12792212,23;74495;1753159,41;6111;5795;91;5917;94
4512;2022-05-01;3536257;PARISI;35;SÃO PAULO;SE;SUDESTE;3589344,44;9237;847345,32;866;3476548,12;7771;455203,53;1443;824;61;811;52
5781;2022-05-01;2611309;POMBOS;26;PERNAMBUCO;NE;NORDESTE;25670935,97;101377;12732084,94;6681;26383391,41;93417;13169700,13;12287;7041;280;7459;260
259;2022-05-01;4306353;DEZESSEIS DE NOVEMBRO;43;RIO GRANDE DO SUL;SU;SUL;1535616,04;5753;1480461,85;328;1738167,12;3970;1574659,13;522;629;23;593;30
2594;2022-05-01;2207405;PALMEIRA DO PIAUÍ;22;PIAUÍ;NE;NORDESTE;5156811,36;24854;629380,24;881;5536133,88;19830;1163636,12;1858;1659;53;1709;51
3657;2022-05-01;2202778;COLÔNIA DO PIAUÍ;22;PIAUÍ;NE;NORDESTE;3903866,88;22283;309241,28;354;4706310,99;18257;177394,61;1080;1524;34;1827;36
2055;2022-05-01;2605509;FERREIROS;26;PERNAMBUCO;NE;NORDESTE;9011054,31;44993;1225517,13;1642;8685157,65;39973;1065328,38;3381;3170;100;3258;99
3363;2022-05-01;3501806;AMÉRICO DE CAMPOS;35;SÃO PAULO;SE;SUDESTE;7106746,87;23803;1460742,02;1277;8086656,45;19179;1701739,6;3435;2175;123;2070;135
4500;2022-05-01;1200138;BUJARI;12;ACRE;NO;NORTE;8680602,49;44158;4112132,54;2407;8650311,97;35935;2839722,44;4409;2801;96;2951;86
1216;2022-05-01;3540606;PORTO FELIZ;35;SÃO PAULO;SE;SUDESTE;89482334,52;319328;70333651,97;35143;105558114,99;258679;78611616,33;67934;24389;1939;23996;1855
766;2022-05-01;4306502;DOM FELICIANO;43;RIO GRANDE DO SUL;SU;SUL;9371071,53;29432;2862048,29;2015;9225526,38;19498;2913134,75;4920;3009;168;2733;164
1658;2022-05-01;1702703;AURORA DO TOCANTINS;17;TOCANTINS;NO;NORTE;2889646,32;13331;334956,15;550;3522118,69;10321;389272,86;1207;849;34;888;32
1661;2022-05-01;5201405;APARECIDA DE GOIÂNIA;52;GOIÁS;CO;CENTRO-OESTE;1315972134,75;5125947;1137531433,08;439795;1470221286,75;4725297;1119815473,55;916411;269583;17379;285616;16142
3370;2022-05-01;5212501;LUZIÂNIA;52;GOIÁS;CO;CENTRO-OESTE;371381251,7;1612839;282323266,47;113849;409968398,46;1451044;197526822,53;240577;90466;4997;96737;4664
3086;2022-05-01;3553906;TARABAI;35;SÃO PAULO;SE;SUDESTE;8142832,61;33830;3875082,25;2813;8730940,49;27144;4029266,26;4235;2599;168;2573;154
772;2022-05-01;3110707;CAMBUQUIRA;31;MINAS GERAIS;SE;SUDESTE;12949579,36;50464;4414874,55;3745;13974560,27;42285;3711320,96;8511;4076;326;4199;326
5357;2022-05-01;5205059;CASTELÂNDIA;52;GOIÁS;CO;CENTRO-OESTE;5624211,27;15322;2043843,9;990;4757828,93;11986;1902412,71;1693;1290;62;1238;58
4677;2022-05-01;4107504;ENGENHEIRO BELTRÃO;41;PARANÁ;SU;SUL;21348214,15;60999;13006316,5;6734;25638661,48;44946;13242659,04;12832;5020;420;5004;434
759;2022-05-01;3103108;ANTÔNIO PRADO DE MINAS;31;MINAS GERAIS;SE;SUDESTE;1467283,97;6064;95511,25;155;1424610,56;5211;57127,0;260;466;24;466;16
3955;2022-05-01;2804300;MURIBECA;28;SERGIPE;NE;NORDESTE;4784018,78;24501;1112264,43;973;4935552,27;20176;2758002,93;1588;1893;39;1984;34
5283;2022-05-01;5214838;NOVA CRIXÁS;52;GOIÁS;CO;CENTRO-OESTE;26685813,48;61702;13685688,42;8168;24876417,67;54775;14779072,92;13869;3933;285;4159;292
838;2022-05-01;1718303;PRAIA NORTE;17;TOCANTINS;NO;NORTE;7016450,63;40902;503938,63;500;7290372,1;35523;370683,47;1157;2318;31;2552;28
4139;2022-05-01;3503307;ARARAS;35;SÃO PAULO;SE;SUDESTE;226762908,77;726366;172817362,49;84567;235425353,76;608979;164079373,77;216642;60163;5099;58467;4783
4465;2022-05-01;2208502;PORTO;22;PIAUÍ;NE;NORDESTE;6485533,71;42252;2263082,02;1926;6668960,91;36203;1124690,47;3667;2726;87;2995;85
1547;2022-05-01;2205151;JACOBINA DO PIAUÍ;22;PIAUÍ;NE;NORDESTE;3024999,93;14027;993613,59;1036;3018616,46;11161;984928,54;1923;963;52;1019;50
1729;2022-05-01;3515194;ESPÍRITO SANTO DO TURVO;35;SÃO PAULO;SE;SUDESTE;4179175,85;17256;1949776,08;1115;4919388,81;13627;1260746,09;1527;1632;87;1675;78
1612;2022-05-01;3534807;OURO VERDE;35;SÃO PAULO;SE;SUDESTE;7331580,14;30238;2580940,58;2272;7655241,91;23529;5953712,89;3894;2537;149;2591;142
3970;2022-05-01;3519055;HOLAMBRA;35;SÃO PAULO;SE;SUDESTE;48667636,11;103272;50635454,86;14386;48211755,19;76798;50311659,54;31371;7637;893;7423;856
2882;2022-05-01;1503457;IPIXUNA DO PARÁ;15;PARÁ;NO;NORTE;21075458,79;116871;7016515,85;5149;21302352,55;99101;5623583,73;12490;6737;247;6912;246
2027;2022-05-01;4219150;VARGEM;42;SANTA CATARINA;SU;SUL;2365523,42;6089;617071,91;489;2363277,62;4489;711016,48;791;689;39;646;48
2235;2022-05-01;2400604;ALMINO AFONSO;24;RIO GRANDE DO NORTE;NE;NORDESTE;6025233,51;30979;1125432,03;659;5102090,78;26724;1422494,83;1748;1681;49;1641;40
840;2022-05-01;4204194;CHAPADÃO DO LAGEADO;42;SANTA CATARINA;SU;SUL;4592421,5;7665;809077,45;721;3649486,91;4307;1131288,09;1899;796;68;671;73
5069;2022-05-01;3148806;PEDRA DO ANTA;31;MINAS GERAIS;SE;SUDESTE;2104907,95;8803;355943,78;360;2315135,35;7215;250296,47;545;766;42;785;37
2970;2022-05-01;2608057;JATOBÁ;26;PERNAMBUCO;NE;NORDESTE;12182293,92;68030;4583868,61;1462;10958999,1;54509;3452589,48;3604;4583;87;4572;85
2224;2022-05-01;2102200;BURITI;21;MARANHÃO;NE;NORDESTE;14468268,0;81426;2457185,65;1657;13263582,11;66714;1503548,96;4308;5853;97;5582;97
1609;2022-05-01;3104700;ATALÉIA;31;MINAS GERAIS;SE;SUDESTE;12025886,75;47878;1959704,48;1604;11932573,64;37878;2822971,61;4176;3622;129;3618;147
1138;2022-05-01;1702901;AXIXÁ DO TOCANTINS;17;TOCANTINS;NO;NORTE;14712830,8;64519;2067253,78;1878;14114177,78;53458;2726909,56;4255;3798;108;4184;95
2527;2022-05-01;2203420;DOMINGOS MOURÃO;22;PIAUÍ;NE;NORDESTE;2691875,4;14689;67775,04;201;2911882,49;12077;64081,95;333;1043;17;1119;19
2519;2022-05-01;1718402;PRESIDENTE KENNEDY;17;TOCANTINS;NO;NORTE;4386279,59;22150;918542,34;977;4617236,3;18317;1110423,83;2516;1263;47;1330;47
4127;2022-05-01;2926301;RIACHÃO DO JACUÍPE;29;BAHIA;NE;NORDESTE;43934647,25;192413;27283108,13;10747;46359379,66;170570;30362639,1;23549;11118;646;11766;615
346;2022-05-01;3515806;FLORA RICA;35;SÃO PAULO;SE;SUDESTE;1688892,05;6919;151335,84;147;1656005,09;4989;138214,54;489;568;13;560;17
4522;2022-05-01;4110052;IGUATU;41;PARANÁ;SU;SUL;1719033,79;7116;1211208,93;491;1714584,33;5270;1371198,05;1154;670;42;624;40
2994;2022-05-01;2410306;SERRA CAIADA;24;RIO GRANDE DO NORTE;NE;NORDESTE;7482423,01;38264;4840600,16;2236;7338330,99;34573;4212298,22;4880;2493;91;2657;84
2049;2022-05-01;3542503;REGINÓPOLIS;35;SÃO PAULO;SE;SUDESTE;7822670,65;33361;2560914,04;2183;8044945,19;26210;2517125,11;4329;2514;145;2409;155
865;2022-05-01;3139003;MACHADO;31;MINAS GERAIS;SE;SUDESTE;55410823,96;159073;134171916,12;16541;62330778,47;131205;136315379,17;25981;13630;1152;13889;1110
1362;2022-05-01;3169406;TRÊS PONTAS;31;MINAS GERAIS;SE;SUDESTE;92650912,74;244693;171854782,69;22547;96607052,9;203624;171286851,21;40742;19541;1542;20178;1480
1162;2022-05-01;4311734;MAMPITUBA;43;RIO GRANDE DO SUL;SU;SUL;2588123,94;7916;1097616,21;798;2689414,74;6060;427856,46;1244;754;37;734;33
1853;2022-06-01;3515194;ESPÍRITO SANTO DO TURVO;35;SÃO PAULO;SE;SUDESTE;4427196,99;18128;1890016,09;1206;4905200,12;14443;1303246,58;1658;1683;91;1717;83
281;2022-06-01;3165800;SENADOR JOSÉ BENTO;31;MINAS GERAIS;SE;SUDESTE;1633163,25;4681;153800,64;191;1608924,03;3315;233517,14;293;468;21;424;21
2495;2022-06-01;1702703;AURORA DO TOCANTINS;17;TOCANTINS;NO;NORTE;3432436,89;14589;454278,19;595;3368596,02;11238;464287,68;1279;905;35;938;36
5670;2022-06-01;4110409;INDIANÓPOLIS;41;PARANÁ;SU;SUL;5105385,97;18276;3848063,14;1647;5448317,87;14333;3658493,45;2982;1715;96;1646;104
4530;2022-06-01;4123303;SANTA CRUZ DE MONTE CASTELO;41;PARANÁ;SU;SUL;14726428,13;35286;5890669,64;3328;14079180,26;25751;4899615,86;8402;3047;242;2919;248
1746;2022-06-01;2513943;SÃO DOMINGOS DO CARIRI;25;PARAÍBA;NE;NORDESTE;2355255,37;10531;60216,45;148;2673235,61;8929;62640,12;224;706;11;743;13
3032;2022-06-01;1501253;BANNACH;15;PARÁ;NO;NORTE;6083308,39;19147;775316,32;693;7027015,38;13586;1665356,02;2179;1269;50;1239;47
480;2022-06-01;4114401;MANGUEIRINHA;41;PARANÁ;SU;SUL;25219302,14;58813;42894505,65;7623;26831465,58;40848;30135264,97;14712;5685;473;5538;497
1750;2022-06-01;3553906;TARABAI;35;SÃO PAULO;SE;SUDESTE;8500015,62;35652;3401642,8;2810;9370247,78;28002;4684404,22;4563;2680;176;2650;150
2935;2022-06-01;4317251;SANTA TEREZA;43;RIO GRANDE DO SUL;SU;SUL;928169,8;2944;198602,97;123;895123,95;1781;326317,88;343;373;28;340;32
2617;2022-06-01;5212501;LUZIÂNIA;52;GOIÁS;CO;CENTRO-OESTE;379731864,41;1672362;301758629,96;116450;412320697,74;1485329;209176288,37;249081;92352;5120;98333;4828
2387;2022-06-01;1600303;MACAPÁ;16;AMAPÁ;NO;NORTE;932655789,72;5958516;377748254,84;316193;948375582,13;5261395;363617178,7;676047;252213;9965;252949;9542
1655;2022-06-01;5201405;APARECIDA DE GOIÂNIA;52;GOIÁS;CO;CENTRO-OESTE;1338326496,19;5334058;1102041862,69;434060;1499791656,93;4856984;1119771325,33;1008266;274627;17913;289368;16665
2636;2022-06-01;2205540;LAGOINHA DO PIAUÍ;22;PIAUÍ;NE;NORDESTE;2122465,88;8741;223489,03;350;1553056,6;7323;746733,49;761;648;18;739;13
5221;2022-06-01;3301157;CARDOSO MOREIRA;33;RIO DE JANEIRO;SE;SUDESTE;11508603,57;56261;7785196,7;3675;12183127,36;47760;7002806,31;7663;4422;263;4418;255
1782;2022-06-01;4304408;CANELA;43;RIO GRANDE DO SUL;SU;SUL;86752923,64;299496;65796794,2;49251;94274607,54;241791;75859084,69;91692;22527;2715;22326;2480
1652;2022-06-01;3139003;MACHADO;31;MINAS GERAIS;SE;SUDESTE;55394444,82;166155;89004582,58;16653;62967443,93;137060;97658255,65;27163;14003;1154;14234;1153
5890;2022-06-01;5215256;NOVO PLANALTO;52;GOIÁS;CO;CENTRO-OESTE;6517133,04;18465;1269755,2;1172;7122159,14;13517;1936994,26;2519;1316;83;1386;82
2593;2022-06-01;2102200;BURITI;21;MARANHÃO;NE;NORDESTE;16054222,11;89389;2869785,04;2015;14689653,55;72130;1728892,76;5118;6215;98;5900;101
4540;2022-06-01;2105658;JUNCO DO MARANHÃO;21;MARANHÃO;NE;NORDESTE;5746533,76;30335;671996,45;652;5359685,0;25832;844254,64;1480;1742;27;1759;23
1034;2022-06-01;4215307;SALETE;42;SANTA CATARINA;SU;SUL;9402397,94;28616;22387716,09;5853;9756426,34;17323;17018088,09;10127;2844;423;2589;423
3868;2022-06-01;2915908;ITANAGRA;29;BAHIA;NE;NORDESTE;6116305,22;42707;1178796,15;1509;6255599,68;34392;935538,59;2929;2312;82;2443;68
2806;2022-06-01;2414001;TANGARÁ;24;RIO GRANDE DO NORTE;NE;NORDESTE;16078950,23;94186;3508211,31;3143;15920734,87;86734;3007673,4;9697;5229;160;5472;156
1067;2022-06-01;3540606;PORTO FELIZ;35;SÃO PAULO;SE;SUDESTE;90389258,64;328401;81469892,36;36052;105410437,87;263597;87954384,59;72403;24603;1965;24331;1878
3953;2022-06-01;2409407;PAU DOS FERROS;24;RIO GRANDE DO NORTE;NE;NORDESTE;46250726,92;202015;25145529,0;12101;45113292,74;177355;28690861,25;41618;12183;691;12296;690
5160;2022-06-01;4321600;TRAMANDAÍ;43;RIO GRANDE DO SUL;SU;SUL;88345710,51;378155;46188635,39;48169;96711452,41;322068;38337145,95;95257;24318;2305;24209;2117
3557;2022-06-01;2300408;AIUABA;23;CEARÁ;NE;NORDESTE;10416666,06;61996;700394,11;1064;10306304,43;54748;729576,01;2571;3986;96;4051;95
306;2022-06-01;5204706;CAMPINORTE;52;GOIÁS;CO;CENTRO-OESTE;31212870,17;79519;21825731,56;4922;29562768,29;66112;20611974,58;21927;4795;316;4873;330
4663;2022-06-01;1718501;RECURSOLÂNDIA;17;TOCANTINS;NO;NORTE;3208747,08;15380;461071,35;567;3880606,32;11929;434207,23;776;984;26;1012;24
2453;2022-06-01;3519055;HOLAMBRA;35;SÃO PAULO;SE;SUDESTE;47946302,83;104491;50673354,23;15150;49486902,84;77269;46886763,27;33285;7703;910;7482;877
2471;2022-06-01;3550803;SÃO SEBASTIÃO DA GRAMA;35;SÃO PAULO;SE;SUDESTE;11000755,55;34214;10320375,08;3672;11380846,33;27049;12443789,65;6550;3372;305;3306;321
3566;2022-06-01;1200054;ASSIS BRASIL;12;ACRE;NO;NORTE;5426334,71;21013;1592696,84;886;5339935,4;17077;539604,16;1179;1614;57;1640;51
1161;2022-06-01;2411205;SANTA CRUZ;24;RIO GRANDE DO NORTE;NE;NORDESTE;52425529,06;263222;18268217,09;13228;52023777,03;228954;14580444,4;41374;14687;640;15139;631
2802;2022-06-01;3136306;JOÃO PINHEIRO;31;MINAS GERAIS;SE;SUDESTE;88437983,17;282201;91294219,8;26121;91928297,14;221548;94986506,31;55983;19490;1552;20251;1479
4021;2022-06-01;2207405;PALMEIRA DO PIAUÍ;22;PIAUÍ;NE;NORDESTE;5053398,19;25563;575620,04;897;5318473,73;19649;855212,5;1981;1716;51;1744;54
321;2022-06-01;4106001;CONGONHINHAS;41;PARANÁ;SU;SUL;7937852,67;28720;2136755,7;2235;8260062,4;22049;2037582,91;4586;2582;149;2530;150
2546;2022-06-01;2605509;FERREIROS;26;PERNAMBUCO;NE;NORDESTE;8942005,65;47859;1361794,03;1570;8945932,7;42263;1071126,07;3466;3251;101;3384;92
5474;2022-06-01;5205059;CASTELÂNDIA;52;GOIÁS;CO;CENTRO-OESTE;4963829,34;16069;2001764,18;981;4384659,93;12523;2013785,68;1800;1319;63;1241;65
330;2022-06-01;4306502;DOM FELICIANO;43;RIO GRANDE DO SUL;SU;SUL;8735119,63;30777;2325827,76;1963;7741805,33;20141;2373437,06;4946;3113;165;2788;178
5858;2022-06-01;3522307;ITAPETININGA;35;SÃO PAULO;SE;SUDESTE;258974017,99;954066;316452116,53;98032;284071977,57;776160;251845035,64;182887;72551;5189;70575;4931
287;2022-06-01;2907558;CATURAMA;29;BAHIA;NE;NORDESTE;3190883,08;14146;407949,84;282;3515040,67;11195;241698,51;562;1305;49;1388;38
53;2022-06-01;4107108;DIAMANTE DO NORTE;41;PARANÁ;SU;SUL;6151169,33;24800;4162435,43;1797;6587831,4;18290;5023405,65;5186;2101;118;2064;120
1715;2022-06-01;4311734;MAMPITUBA;43;RIO GRANDE DO SUL;SU;SUL;2432185,96;7892;1057476,26;656;2730433,68;6273;638367,59;1400;784;34;742;35
5253;2022-06-01;2926806;RIO DO ANTÔNIO;29;BAHIA;NE;NORDESTE;9779490,18;34136;1561893,85;1157;9137069,34;25968;1907526,0;2413;2816;95;2872;80
2483;2022-06-01;2511707;PILÕEZINHOS;25;PARAÍBA;NE;NORDESTE;2820639,93;14314;323340,59;585;2717525,91;12692;139817,38;500;1091;25;1203;23
1453;2022-06-01;2111078;SÃO JOÃO DO SOTER;21;MARANHÃO;NE;NORDESTE;10237114,41;56996;933603,05;845;9235097,48;45052;1048876,9;1834;3508;55;3687;56
1791;2022-06-01;2400604;ALMINO AFONSO;24;RIO GRANDE DO NORTE;NE;NORDESTE;6754539,59;32626;1259164,23;698;5753328,21;27567;1392722,49;1813;1731;50;1694;43
3879;2022-06-01;2703205;IGREJA NOVA;27;ALAGOAS;NE;NORDESTE;11962142,41;59440;592707,0;856;11582527,75;48089;731016,12;1513;5211;75;5388;83
4709;2022-06-01;2202075;CAJAZEIRAS DO PIAUÍ;22;PIAUÍ;NE;NORDESTE;1611116,01;11683;558597,36;239;1569516,07;9458;244303,23;565;748;18;845;14
3935;2022-06-01;4110052;IGUATU;41;PARANÁ;SU;SUL;1889513,07;7121;1359137,15;462;1974608,38;5172;1408008,35;1133;684;43;631;42
4891;2022-06-01;2609501;NAZARÉ DA MATA;26;PERNAMBUCO;NE;NORDESTE;27847634,35;163812;6317574,33;4851;29108082,21;137811;59806128,64;10389;10306;323;10883;293
296;2022-06-01;3202603;ICONHA;32;ESPÍRITO SANTO;SE;SUDESTE;15837145,63;59279;22638207,17;6705;16714413,89;46365;18851741,55;14794;4665;456;4461;446
395;2022-06-01;4204194;CHAPADÃO DO LAGEADO;42;SANTA CATARINA;SU;SUL;4284524,61;8015;632035,24;781;2680722,49;4526;1034171,77;1961;823;69;722;69
5481;2022-06-01;1508159;URUARÁ;15;PARÁ;NO;NORTE;59240926,3;206435;29851666,01;15375;59608354,37;157810;26152567,28;43026;12586;505;12780;508
1125;2022-06-01;5106703;PONTE BRANCA;51;MATO GROSSO;CO;CENTRO-OESTE;2968505,15;9986;263292,58;264;2991357,48;8357;423395,43;889;682;26;677;35
3777;2022-06-01;2703700;JARAMATAIA;27;ALAGOAS;NE;NORDESTE;4613100,92;16946;1226368,35;449;4308207,75;13529;508316,19;545;1280;24;1416;26
662;2022-06-01;3518107;GUARANTÃ;35;SÃO PAULO;SE;SUDESTE;6307703,18;31613;1198844,3;1661;6520741,76;24903;2041711,5;4020;2613;133;2518;139
4739;2022-06-01;3501806;AMÉRICO DE CAMPOS;35;SÃO PAULO;SE;SUDESTE;6921252,24;24489;1464147,01;1400;8235696,71;19768;1567288,37;3596;2212;126;2129;136
4164;2022-06-01;2208502;PORTO;22;PIAUÍ;NE;NORDESTE;6984766,83;44787;2565555,93;2000;6921070,26;37108;1137032,42;3846;2795;89;3055;88
3700;2022-06-01;4100400;ALMIRANTE TAMANDARÉ;41;PARANÁ;SU;SUL;164719734,61;748605;106175567,59;68683;190999026,65;662405;106866586,03;106690;53124;3413;55097;3221
1320;2022-06-01;3104700;ATALÉIA;31;MINAS GERAIS;SE;SUDESTE;14597773,81;48720;2264685,7;1821;14553281,16;39671;2854932,54;4491;3716;149;3759;150
2181;2022-06-01;2506103;FAGUNDES;25;PARAÍBA;NE;NORDESTE;7486499,12;41534;937923,77;766;7889062,21;37244;1086092,22;2670;3137;58;3402;57
795;2022-06-01;3123528;DURANDÉ;31;MINAS GERAIS;SE;SUDESTE;7068633,65;21524;2095360,05;1252;5644814,67;15198;943114,23;2532;2046;110;1893;94
794;2022-06-01;4219150;VARGEM;42;SANTA CATARINA;SU;SUL;2981686,01;6024;470908,26;493;2000750,19;4186;581848,14;838;701;42;652;46
3013;2022-06-01;3144409;NATÉRCIA;31;MINAS GERAIS;SE;SUDESTE;4848079,03;12274;1630033,08;825;4406395,36;9201;1581229,42;1655;1317;100;1202;98
3008;2022-06-01;4200705;ALFREDO WAGNER;42;SANTA CATARINA;SU;SUL;11903040,68;27870;5961639,07;4240;14039646,21;19700;5867973,71;9680;2971;336;2718;360
4580;2022-06-01;3148509;PAVÃO;31;MINAS GERAIS;SE;SUDESTE;6515249,63;28067;3295783,78;1494;6994882,65;23194;2022000,97;2541;2250;99;2328;107
3332;2022-06-01;2108009;PASTOS BONS;21;MARANHÃO;NE;NORDESTE;19509530,29;97872;7935900,17;3032;17991761,68;78132;7077310,0;9674;5419;149;5590;150
4579;2022-06-01;2106904;MONÇÃO;21;MARANHÃO;NE;NORDESTE;15353331,02;103591;2394159,0;1834;14200349,98;83578;2460179,6;6863;6131;92;6237;101
3471;2022-06-01;2203420;DOMINGOS MOURÃO;22;PIAUÍ;NE;NORDESTE;2552678,41;15409;67720,32;235;3104085,79;12875;63778,09;364;1095;18;1160;20
944;2022-06-01;2918506;JUSSARA;29;BAHIA;NE;NORDESTE;11118301,03;54378;1733175,01;1400;10966693,16;46573;1540701,57;2955;4187;105;4285;98
4568;2022-06-01;2615904;TUPARETAMA;26;PERNAMBUCO;NE;NORDESTE;9678160,94;38973;1655778,44;1069;8775107,78;31868;1365130,99;2885;2814;86;2864;85
568;2022-06-01;3520608;INDIANA;35;SÃO PAULO;SE;SUDESTE;7050797,02;25794;2509407,56;2333;7693230,86;21301;2578346,54;3707;2043;162;1976;146
5009;2022-06-01;2612406;SANHARÓ;26;PERNAMBUCO;NE;NORDESTE;13672854,7;57027;2832141,12;2171;14160115,69;49545;2160397,37;6518;4323;160;4607;141
3709;2022-06-01;2202778;COLÔNIA DO PIAUÍ;22;PIAUÍ;NE;NORDESTE;4543725,63;23979;407454,17;444;5103819,27;19074;181969,62;919;1612;35;1879;30
667;2022-06-01;3515806;FLORA RICA;35;SÃO PAULO;SE;SUDESTE;1468633,2;6817;118175,62;141;1374368,04;4945;115261,74;582;568;14;547;16
1504;2022-06-01;3534807;OURO VERDE;35;SÃO PAULO;SE;SUDESTE;7046899,22;31595;3097450,41;2281;7686945,22;24196;9948195,69;4755;2602;152;2652;148
4565;2022-06-01;2602803;BUÍQUE;26;PERNAMBUCO;NE;NORDESTE;24507043,35;112361;3699212,72;3438;26096911,34;97074;6104354,96;8511;9249;238;10001;226
4115;2022-06-01;2701100;BRANQUINHA;27;ALAGOAS;NE;NORDESTE;5443644,12;32829;402403,24;769;5598787,19;26705;351840,56;673;2480;39;2749;40
606;2022-06-01;4311791;MARATÁ;43;RIO GRANDE DO SUL;SU;SUL;2363907,77;6510;2063615,62;787;2205126,67;4563;2111762,66;2083;727;79;640;80
831;2022-06-01;3110707;CAMBUQUIRA;31;MINAS GERAIS;SE;SUDESTE;13777342,52;53041;3822873,34;3629;14278836,34;43728;3909607,19;8876;4194;330;4324;327
2958;2022-06-01;3170909;VARZELÂNDIA;31;MINAS GERAIS;SE;SUDESTE;17317408,61;88924;3326459,24;3835;17324412,84;72817;2813575,25;11338;6143;217;5970;202
4599;2022-06-01;3536257;PARISI;35;SÃO PAULO;SE;SUDESTE;3619116,94;9424;789984,08;924;3902476,67;8072;521677,11;1562;829;65;838;60
5310;2022-06-01;5002001;BATAYPORÃ;50;MATO GROSSO DO SUL;CO;CENTRO-OESTE;13277913,5;51869;11082691,08;4349;12973454,58;37366;7054943,03;8906;4221;300;4197;284
3854;2022-06-01;3503307;ARARAS;35;SÃO PAULO;SE;SUDESTE;232771183,49;755828;185560270,15;87724;246164048,75;628639;176619264,23;227886;61175;5160;59379;4861
5400;2022-06-01;2920601;MARAGOGIPE;29;BAHIA;NE;NORDESTE;33242392,76;218114;4104217,46;4295;34815906,58;198240;5676903,57;8407;11394;254;12302;249
5402;2022-06-01;1706001;COUTO MAGALHÃES;17;TOCANTINS;NO;NORTE;8267018,29;24077;15006389,74;2371;6795944,69;18956;17994120,6;4669;1510;95;1559;87
4118;2022-06-01;4100301;AGUDOS DO SUL;41;PARANÁ;SU;SUL;11699746,86;30222;7917707,92;4078;11050363,58;24980;8466504,48;6604;2734;244;2717;238
4104;2022-06-01;3165701;SENADOR FIRMINO;31;MINAS GERAIS;SE;SUDESTE;7175588,33;24198;1682888,51;1888;7540118,28;18118;2213515,28;3623;2184;151;2073;145
5976;2022-06-01;3104106;ARCEBURGO;31;MINAS GERAIS;SE;SUDESTE;7697612,24;33578;9508174,83;3179;7770111,11;25587;12177229,98;8378;2967;227;2936;234
1297;2022-06-01;3542503;REGINÓPOLIS;35;SÃO PAULO;SE;SUDESTE;8749373,28;34226;2666291,9;2239;9228214,11;26193;2239522,71;4711;2577;152;2441;160
4154;2022-06-01;3524204;JABORANDI;35;SÃO PAULO;SE;SUDESTE;9025998,37;28612;1922443,62;1981;11649018,15;20713;2091010,09;2842;2443;143;2351;132
5940;2022-06-01;1400407;NORMANDIA;14;RORAIMA;NO;NORTE;5257276,44;27677;2521690,23;1490;4449879,35;20145;1560826,63;3707;1535;44;1483;44
896;2022-06-01;1718303;PRAIA NORTE;17;TOCANTINS;NO;NORTE;7130519,91;44085;431189,2;384;7388913,14;37570;542854,63;1288;2405;33;2598;30
4077;2022-06-01;1705508;COLINAS DO TOCANTINS;17;TOCANTINS;NO;NORTE;87572249,85;281501;34690227,79;23991;94410522,08;227726;41474143,92;64925;15425;1025;16173;992
1350;2022-06-01;2504207;CATINGUEIRA;25;PARAÍBA;NE;NORDESTE;3782278,21;18742;690060,89;324;4310244,78;15836;250908,68;848;1268;24;1434;25
5977;2022-06-01;3527256;LOURDES;35;SÃO PAULO;SE;SUDESTE;2539179,99;8799;260223,02;485;3002108,98;6442;240079,03;1349;779;35;765;37
4315;2022-06-01;2410306;SERRA CAIADA;24;RIO GRANDE DO NORTE;NE;NORDESTE;7736930,08;40798;6093447,18;2389;7319603,54;36475;5024171,88;5494;2584;94;2757;82
103;2022-06-01;3133204;ITANHOMI;31;MINAS GERAIS;SE;SUDESTE;14229700,11;40396;2652891,93;1853;18978206,26;31571;3419137,52;5428;3515;188;3764;205
1994;2022-06-01;4302584;BOZANO;43;RIO GRANDE DO SUL;SU;SUL;2285763,61;4377;953232,46;415;1542195,26;2607;612897,64;577;509;34;426;34
5295;2022-06-01;2803203;ITAPORANGA D'AJUDA;28;SERGIPE;NE;NORDESTE;26514137,97;168610;28762790,25;6410;27573075,76;144508;26190848,82;17461;10442;336;11351;310
4270;2022-06-01;2203503;ELESBÃO VELOSO;22;PIAUÍ;NE;NORDESTE;8576703,07;57496;2146256,84;976;8759551,08;48535;1667705,27;3354;3964;93;4091;99
2333;2022-06-01;5214838;NOVA CRIXÁS;52;GOIÁS;CO;CENTRO-OESTE;28273817,11;63627;13949143,38;8353;26764970,42;55861;14069007,93;14604;4015;296;4269;287
3284;2022-06-01;2204550;GUARIBAS;22;PIAUÍ;NE;NORDESTE;4659759,43;16848;2206935,11;700;3747167,3;13309;2347360,52;1265;1058;51;1105;37
4918;2022-06-01;2103901;DUQUE BACELAR;21;MARANHÃO;NE;NORDESTE;5295788,26;39661;918699,71;878;4812869,32;30743;613241,67;2313;2463;55;2501;49
4214;2022-06-01;1718402;PRESIDENTE KENNEDY;17;TOCANTINS;NO;NORTE;5058098,94;23895;881378,69;1042;4733821,72;19263;948939,5;2700;1299;47;1349;51
3732;2022-06-01;3549102;SÃO JOÃO DA BOA VISTA;35;SÃO PAULO;SE;SUDESTE;173052263,99;496487;158669395,21;58583;192156774,33;410647;146042196,15;112603;40174;3861;39121;3760
3731;2022-06-01;2608057;JATOBÁ;26;PERNAMBUCO;NE;NORDESTE;12783576,38;73355;4698418,33;1424;11703313,65;57795;3627591,02;4097;4697;90;4668;87
4609;2022-06-01;2801306;CAPELA;28;SERGIPE;NE;NORDESTE;23950353,94;137188;7405464,24;4029;23521705,05;114630;9302092,73;11300;8925;238;9489;232
2116;2022-06-01;4315602;RIO GRANDE;43;RIO GRANDE DO SUL;SU;SUL;305026010,93;1329156;438218711,61;114241;309052102,01;1091232;604929690,28;213555;97332;5865;94744;5498
4203;2022-06-01;1503457;IPIXUNA DO PARÁ;15;PARÁ;NO;NORTE;21204839,1;123607;7488426,07;5568;20893992,48;104339;5775452,62;14109;7089;258;7138;246
3761;2022-06-01;4309704;HUMAITÁ;43;RIO GRANDE DO SUL;SU;SUL;5152297,33;13535;2428473,31;897;4146461,07;8508;4845824,54;3173;1503;122;1295;139
2004;2022-06-01;2702405;DELMIRO GOUVEIA;27;ALAGOAS;NE;NORDESTE;55388966,2;282130;12226870,3;11892;54592327,4;234476;10954455,25;29222;17894;676;19057;613
2720;2022-06-01;3169406;TRÊS PONTAS;31;MINAS GERAIS;SE;SUDESTE;95096608,32;259451;142211744,92;23407;97400685,17;214551;133975593,73;42950;20201;1560;20636;1523
2125;2022-06-01;2910750;FÁTIMA;29;BAHIA;NE;NORDESTE;13928910,32;60788;3384895,25;1968;14806051,75;52319;2620801,44;4360;4452;147;4789;130
1346;2022-06-01;2205151;JACOBINA DO PIAUÍ;22;PIAUÍ;NE;NORDESTE;3317719,0;15552;1154475,66;1151;3230725,69;12155;954059,49;2034;1035;56;1083;52
519;2022-06-01;4306353;DEZESSEIS DE NOVEMBRO;43;RIO GRANDE DO SUL;SU;SUL;1877384,37;5970;1586549,28;339;1606925,39;4078;1182324,88;600;671;24;594;34
533;2022-06-01;3156809;SABINÓPOLIS;31;MINAS GERAIS;SE;SUDESTE;13752207,0;50712;3281681,66;2604;16353024,2;40787;2848105,29;6703;4338;222;4502;217
2762;2022-06-01;1506112;QUATIPURU;15;PARÁ;NO;NORTE;7482588,2;50963;1915070,33;1692;7461238,8;43078;1124144,73;3457;3235;72;3391;67
4765;2022-06-01;2112233;TRIZIDELA DO VALE;21;MARANHÃO;NE;NORDESTE;21789374,31;121025;11441504,28;6164;21635843,66;105127;8657314,1;11408;6488;250;6842;245
661;2022-06-01;5106182;NOVA LACERDA;51;MATO GROSSO;CO;CENTRO-OESTE;11143764,97;29165;3483944,78;2268;10685121,98;20783;2940742,75;5221;2309;144;2197;134
3418;2022-06-01;4321857;TRÊS PALMEIRAS;43;RIO GRANDE DO SUL;SU;SUL;4176039,39;11060;1986135,4;1362;3410784,27;7744;2422592,53;2455;1281;118;1151;122
4319;2022-06-01;5207600;FAZENDA NOVA;52;GOIÁS;CO;CENTRO-OESTE;9868538,88;27199;2288500,98;1309;11043156,44;20600;2568730,4;2969;1892;118;1858;111
4970;2022-06-01;2311900;SABOEIRO;23;CEARÁ;NE;NORDESTE;14456062,5;64108;1222878,95;1129;13892918,1;59239;934622,08;2855;4113;68;4201;62
4141;2022-06-01;2304269;DEPUTADO IRAPUAN PINHEIRO;23;CEARÁ;NE;NORDESTE;6708417,47;31200;1676984,91;853;6452837,03;27580;1210458,49;2577;2262;60;2371;61
1582;2022-06-01;2307254;JIJOCA DE JERICOACOARA;23;CEARÁ;NE;NORDESTE;37409308,16;186595;23195639,4;25778;40145657,34;173085;23941290,34;85657;8571;1055;8640;979
157;2022-06-01;3103108;ANTÔNIO PRADO DE MINAS;31;MINAS GERAIS;SE;SUDESTE;1812225,91;6033;87287,31;144;1582149,75;5517;90826,17;337;479;20;474;17
2326;2022-06-01;2926301;RIACHÃO DO JACUÍPE;29;BAHIA;NE;NORDESTE;46484250,9;199755;27093230,32;11220;49936071,95;181720;28000335,36;26970;11412;639;12105;633
4776;2022-06-01;2913705;INHAMBUPE;29;BAHIA;NE;NORDESTE;33533200,55;161475;12593624,52;8436;32944745,45;136142;9996429,42;18312;10591;462;11383;455
632;2022-06-01;1702901;AXIXÁ DO TOCANTINS;17;TOCANTINS;NO;NORTE;16724644,41;70662;2058944,06;2015;16358971,54;56870;3926671,71;4811;3942;114;4289;102
2024;2022-06-01;2200277;ALEGRETE DO PIAUÍ;22;PIAUÍ;NE;NORDESTE;7457488,77;32165;450864,14;594;7794188,03;26839;671615,53;1587;1683;35;1713;38
4886;2022-06-01;2704104;LAGOA DA CANOA;27;ALAGOAS;NE;NORDESTE;13664547,27;58693;2399133,35;1843;13617668,38;48970;1812887,83;2731;4444;112;4604;94
1154;2022-07-01;5106703;PONTE BRANCA;51;MATO GROSSO;CO;CENTRO-OESTE;3386195,44;11286;366656,16;437;3208434,86;8920;500111,75;1100;704;32;729;35
4264;2022-07-01;2202075;CAJAZEIRAS DO PIAUÍ;22;PIAUÍ;NE;NORDESTE;1770068,48;13154;598247,75;284;1739001,86;10218;275035,81;646;766;20;877;20
1411;2022-07-01;3520608;INDIANA;35;SÃO PAULO;SE;SUDESTE;7386991,41;26896;2627838,34;2507;8150102,27;22454;3075084,68;4360;2094;160;2038;153
1548;2022-07-01;1600303;MACAPÁ;16;AMAPÁ;NO;NORTE;986499530,84;6189083;393063991,85;335642;997235689,42;5419197;370772991,25;714840;256421;10192;257208;9670
1254;2022-07-01;4302584;BOZANO;43;RIO GRANDE DO SUL;SU;SUL;2235603,95;4823;945995,36;454;1834488,67;2893;807005,14;527;520;36;445;27
4476;2022-07-01;5202353;ARENÓPOLIS;52;GOIÁS;CO;CENTRO-OESTE;10011895,62;15719;1461059,9;1147;10532546,43;10822;1857244,68;3342;1160;70;1157;65
3421;2022-07-01;2203420;DOMINGOS MOURÃO;22;PIAUÍ;NE;NORDESTE;2950614,03;17001;85885,06;293;2691925,66;14056;92697,11;461;1133;17;1202;19
4467;2022-07-01;2106904;MONÇÃO;21;MARANHÃO;NE;NORDESTE;15595831,63;112225;2324782,71;1823;14440685,34;88119;2308233,16;7849;6432;96;6482;98
1718;2022-07-01;2504207;CATINGUEIRA;25;PARAÍBA;NE;NORDESTE;4169419,24;19885;779741,36;546;4463578,25;16875;332378,43;1088;1289;29;1464;24
3822;2022-07-01;2701100;BRANQUINHA;27;ALAGOAS;NE;NORDESTE;5717767,85;35554;365436,38;705;5883260,69;28492;381744,85;753;2614;40;2853;42
2047;2022-07-01;3165701;SENADOR FIRMINO;31;MINAS GERAIS;SE;SUDESTE;7860345,45;27008;2047414,28;2082;8139910,04;21359;2518558,67;4380;2244;157;2159;163
1448;2022-07-01;3515194;ESPÍRITO SANTO DO TURVO;35;SÃO PAULO;SE;SUDESTE;4505002,86;19365;1912752,66;1371;4807229,5;15363;1465622,79;2120;1711;95;1737;85
2367;2022-07-01;3144409;NATÉRCIA;31;MINAS GERAIS;SE;SUDESTE;4962437,69;12838;1276365,25;874;4762584,17;9440;4591735,33;1844;1340;96;1221;102
1183;2022-07-01;2205151;JACOBINA DO PIAUÍ;22;PIAUÍ;NE;NORDESTE;3505534,36;16909;995070,41;1142;3563325,76;14023;954886,5;2420;1095;54;1122;48
60;2022-07-01;3165800;SENADOR JOSÉ BENTO;31;MINAS GERAIS;SE;SUDESTE;2032914,96;5197;189993,12;249;1857976,39;3772;356832,86;355;491;22;448;25
3779;2022-07-01;3165206;SÃO TOMÉ DAS LETRAS;31;MINAS GERAIS;SE;SUDESTE;7400151,48;30525;6043509,43;6155;9073395,64;32523;5688763,21;12925;2223;340;2397;324
1527;2022-07-01;4114401;MANGUEIRINHA;41;PARANÁ;SU;SUL;25269742,42;65160;23622639,11;8573;23993093,7;45811;19243956,49;16139;5896;491;5828;515
768;2022-07-01;1506112;QUATIPURU;15;PARÁ;NO;NORTE;8809719,11;57354;1949841,07;1994;8900624,42;48461;1391518,44;4545;3414;72;3628;71
4643;2022-07-01;2609501;NAZARÉ DA MATA;26;PERNAMBUCO;NE;NORDESTE;33121520,35;186786;7033171,43;5429;31415744,07;155251;47874610,46;11369;10758;318;11365;297
2732;2022-07-01;2511707;PILÕEZINHOS;25;PARAÍBA;NE;NORDESTE;3053278,28;16012;268592,28;548;3202841,9;14503;135706,28;535;1133;26;1242;22
717;2022-07-01;3202603;ICONHA;32;ESPÍRITO SANTO;SE;SUDESTE;17078026,51;64208;22858649,6;7144;17928062,82;50932;18606590,97;15977;4779;485;4532;468
2162;2022-07-01;2400604;ALMINO AFONSO;24;RIO GRANDE DO NORTE;NE;NORDESTE;6174797,6;33265;971460,43;815;5439633,75;29512;974298,22;1938;1800;51;1744;46
3639;2022-07-01;2105658;JUNCO DO MARANHÃO;21;MARANHÃO;NE;NORDESTE;6002313,26;31489;643012,83;667;5768303,9;27184;717468,52;1593;1791;26;1837;24
5788;2022-07-01;5107925;SORRISO;51;MATO GROSSO;CO;CENTRO-OESTE;417567923,29;737869;507007088,9;125115;425012902,48;547666;502078937,21;237907;47635;5795;46430;5400
2585;2022-07-01;4106001;CONGONHINHAS;41;PARANÁ;SU;SUL;8060484,43;31262;2597492,01;2404;7699884,86;23900;3016637,01;4879;2655;157;2618;157
4577;2022-07-01;1200138;BUJARI;12;ACRE;NO;NORTE;9995314,49;51548;4896662,1;2497;10563039,61;41434;3647439,35;4442;3041;100;3211;89
3076;2022-07-01;3527256;LOURDES;35;SÃO PAULO;SE;SUDESTE;2496621,62;9505;259434,65;486;3577352,19;6934;234588,34;1491;788;35;781;35
5786;2022-07-01;4110409;INDIANÓPOLIS;41;PARANÁ;SU;SUL;6048527,37;21438;3696522,78;1715;5828737,14;15596;2963849,6;3198;1754;98;1665;102
2115;2022-07-01;5106182;NOVA LACERDA;51;MATO GROSSO;CO;CENTRO-OESTE;10767563,45;29682;4076167,38;2153;9949757,16;22449;4226293,28;5403;2346;154;2246;139
5641;2022-07-01;4120309;PORTO VITÓRIA;41;PARANÁ;SU;SUL;2552435,38;9335;1473187,71;1237;3154484,13;7288;1817204,76;1720;1042;84;1084;85
4205;2022-07-01;2107407;OLHO D'ÁGUA DAS CUNHÃS;21;MARANHÃO;NE;NORDESTE;20186869,63;119733;2754603,46;2256;19248086,67;93914;3769193,08;8929;6279;109;6186;100
5772;2022-07-01;3301157;CARDOSO MOREIRA;33;RIO DE JANEIRO;SE;SUDESTE;13442482,16;63546;8955758,05;3908;13544618,28;53844;7467819,46;9168;4579;257;4551;265
674;2022-07-01;2918506;JUSSARA;29;BAHIA;NE;NORDESTE;12114827,91;58094;2128528,36;1635;12610555,86;49841;2034966,0;3504;4379;104;4491;96
4495;2022-07-01;3170909;VARZELÂNDIA;31;MINAS GERAIS;SE;SUDESTE;18302854,13;96342;3512519,3;4211;19153084,06;78843;2921715,48;12635;6361;223;6167;221
3334;2022-07-01;3104106;ARCEBURGO;31;MINAS GERAIS;SE;SUDESTE;7845723,47;34536;12559949,47;3437;8094699,68;26063;10844303,3;9058;3035;231;2931;242
2059;2022-07-01;3136306;JOÃO PINHEIRO;31;MINAS GERAIS;SE;SUDESTE;91981490,37;297984;103916071,21;28302;94958664,4;235405;98756543,68;60552;20085;1586;20892;1511
4158;2022-07-01;2204550;GUARIBAS;22;PIAUÍ;NE;NORDESTE;5035830,13;18581;2636833,61;803;4056084,53;14581;2855095,05;1405;1152;54;1178;41
310;2022-07-01;4311791;MARATÁ;43;RIO GRANDE DO SUL;SU;SUL;2391148,13;7475;2326430,21;813;2507299,74;5042;2379537,66;2285;752;78;658;82
4749;2022-07-01;2112233;TRIZIDELA DO VALE;21;MARANHÃO;NE;NORDESTE;21765680,21;127310;13093329,75;6537;22769165,08;109824;7916714,57;12680;6715;271;7029;248
5015;2022-07-01;3501806;AMÉRICO DE CAMPOS;35;SÃO PAULO;SE;SUDESTE;7495026,03;27270;1985258,25;1701;8567541,85;21177;1828291,95;4273;2262;135;2170;139
1699;2022-07-01;4215307;SALETE;42;SANTA CATARINA;SU;SUL;9568276,21;30545;43882783,07;6022;9425071,62;18300;40201253,87;10871;2935;423;2643;423
2200;2022-07-01;4200705;ALFREDO WAGNER;42;SANTA CATARINA;SU;SUL;11716065,49;29529;6279686,31;4674;12290720,29;20455;5800071,88;10845;3013;361;2782;364
1669;2022-07-01;3169406;TRÊS PONTAS;31;MINAS GERAIS;SE;SUDESTE;102687236,6;281852;108749561,53;25023;110566630,9;231631;114064900,41;47684;20644;1602;21253;1550
3941;2022-07-01;2302404;BOA VIAGEM;23;CEARÁ;NE;NORDESTE;49828904,85;253511;10379355,9;8319;49490258,28;223311;10471985,77;23625;15851;462;16391;419
1328;2022-07-01;3534807;OURO VERDE;35;SÃO PAULO;SE;SUDESTE;7963089,92;34815;2801707,47;2596;8623101,77;27266;5272079,47;4939;2747;168;2801;152
2560;2022-07-01;5207600;FAZENDA NOVA;52;GOIÁS;CO;CENTRO-OESTE;8249636,04;27817;3076417,23;1454;9457812,51;22082;2123460,2;3471;1953;115;1936;115
298;2022-07-01;3123528;DURANDÉ;31;MINAS GERAIS;SE;SUDESTE;8929955,51;23211;2189582,76;1223;7265192,62;16457;755225,99;2730;2112;101;1956;100
4244;2022-07-01;3542503;REGINÓPOLIS;35;SÃO PAULO;SE;SUDESTE;8056879,79;37105;2657823,36;2728;8311824,24;27869;2329319,31;5118;2574;160;2508;161
3394;2022-07-01;5201405;APARECIDA DE GOIÂNIA;52;GOIÁS;CO;CENTRO-OESTE;1383786212,6;5566312;1100133479,26;450426;1557328707,44;4997724;1115669312,02;1052389;278716;18325;293399;17102
3328;2022-07-01;2207405;PALMEIRA DO PIAUÍ;22;PIAUÍ;NE;NORDESTE;5545053,47;27037;539177,17;853;5418117,36;20854;1073202,36;2191;1764;51;1802;53
4180;2022-07-01;4211504;NOVA TRENTO;42;SANTA CATARINA;SU;SUL;19408706,44;52061;31699659,27;9815;20318490,1;38875;28624534,64;14770;4958;741;4627;742
1181;2022-07-01;2200277;ALEGRETE DO PIAUÍ;22;PIAUÍ;NE;NORDESTE;7913958,44;34098;390257,27;685;7383935,83;28471;477178,55;1739;1711;41;1744;38
349;2022-07-01;4306502;DOM FELICIANO;43;RIO GRANDE DO SUL;SU;SUL;8631959,23;33391;2283975,08;2029;7328506,29;22224;2500836,72;5712;3216;174;2921;177
2264;2022-07-01;4304408;CANELA;43;RIO GRANDE DO SUL;SU;SUL;88021974,98;318653;74540503,03;55256;100319099,72;258692;88908211,58;105094;22847;2797;22732;2568
4271;2022-07-01;2608057;JATOBÁ;26;PERNAMBUCO;NE;NORDESTE;13537559,34;78868;4567457,58;1557;12456747,0;60774;3766328,22;4467;4826;90;4814;88
3473;2022-07-01;1508159;URUARÁ;15;PARÁ;NO;NORTE;63990101,82;221048;27404694,07;17160;64659265,8;167968;26558731,39;47234;13109;533;13290;528
4900;2022-07-01;3524204;JABORANDI;35;SÃO PAULO;SE;SUDESTE;10718300,09;30569;1933292,53;2123;15970722,17;22331;2239129,23;3364;2484;155;2369;138
5834;2022-07-01;2516755;TENÓRIO;25;PARAÍBA;NE;NORDESTE;2359613,17;12564;506479,78;441;2340502,1;11053;345291,66;640;859;29;948;21
3692;2022-07-01;2913705;INHAMBUPE;29;BAHIA;NE;NORDESTE;33518233,28;172338;15070406,56;8794;33529383,02;143278;12245951,7;19632;10914;474;11713;462
569;2022-07-01;3515806;FLORA RICA;35;SÃO PAULO;SE;SUDESTE;1960613,04;7765;159617,37;157;1833692,55;5582;132631,4;665;604;15;580;16
4081;2022-07-01;4309704;HUMAITÁ;43;RIO GRANDE DO SUL;SU;SUL;5767229,99;14501;3756574,54;990;5402601,72;9057;4738530,13;3359;1542;122;1337;136
5931;2022-07-01;2926806;RIO DO ANTÔNIO;29;BAHIA;NE;NORDESTE;10355226,43;39056;1872968,71;1372;10025399,25;27758;1874116,75;2692;2955;95;2943;89
576;2022-07-01;2307254;JIJOCA DE JERICOACOARA;23;CEARÁ;NE;NORDESTE;42751390,83;206886;25682337,45;29625;46514685,2;198793;27231703,66;98418;8774;1046;8884;985
3466;2022-07-01;2910750;FÁTIMA;29;BAHIA;NE;NORDESTE;15175457,36;64969;4496274,57;2104;15409520,29;56060;2914760,95;4796;4544;152;4889;138
5270;2022-07-01;2612406;SANHARÓ;26;PERNAMBUCO;NE;NORDESTE;15561664,71;64277;3139653,97;2634;16119867,03;54320;2294916,17;6971;4545;161;4879;145
1949;2022-07-01;3519055;HOLAMBRA;35;SÃO PAULO;SE;SUDESTE;52649030,37;109470;54633472,57;16109;49573883,38;80378;49105995,49;35139;7789;935;7590;916
5106;2022-07-01;1503457;IPIXUNA DO PARÁ;15;PARÁ;NO;NORTE;24727714,1;138148;8865934,2;5857;24827410,96;114978;7617120,59;15750;7434;269;7531;259
3046;2022-07-01;2920601;MARAGOGIPE;29;BAHIA;NE;NORDESTE;34431962,17;241019;3708378,64;4406;35194504,71;210108;3688585,38;8676;11850;263;12657;283
2315;2022-07-01;4219150;VARGEM;42;SANTA CATARINA;SU;SUL;2107997,57;6505;556014,24;465;2228012,75;4542;535825,27;932;710;42;654;45
4420;2022-07-01;2602803;BUÍQUE;26;PERNAMBUCO;NE;NORDESTE;26768107,81;127559;4135752,9;3740;28975509,09;109143;6478899,08;9575;9838;244;10664;232
1489;2022-07-01;1702703;AURORA DO TOCANTINS;17;TOCANTINS;NO;NORTE;3234496,98;14897;459710,69;601;3141230,55;11858;413492,76;1445;914;38;946;36
5262;2022-07-01;4123303;SANTA CRUZ DE MONTE CASTELO;41;PARANÁ;SU;SUL;15843352,55;38811;5490973,93;3613;17475395,71;28357;6255859,03;9408;3143;247;3020;250
3126;2022-07-01;2300408;AIUABA;23;CEARÁ;NE;NORDESTE;11077774,6;65381;790587,8;1194;11049382,16;58984;954555,79;2789;4130;101;4186;98
652;2022-07-01;4311734;MAMPITUBA;43;RIO GRANDE DO SUL;SU;SUL;2761266,68;8810;1391027,52;633;2752991,35;7098;678373,07;1620;820;39;768;40
2469;2022-07-01;2506103;FAGUNDES;25;PARAÍBA;NE;NORDESTE;8136069,94;45675;741753,62;783;8288104,91;40404;967658,52;2987;3264;65;3504;61
5408;2022-07-01;3135308;JAPARAÍBA;31;MINAS GERAIS;SE;SUDESTE;5740755,27;16807;895559,84;1039;5771525,55;12914;1069911,69;3675;1407;109;1306;112
1069;2022-07-01;3139003;MACHADO;31;MINAS GERAIS;SE;SUDESTE;62004193,22;176175;91371348,07;17629;65687700,77;145024;99868236,81;28083;14376;1202;14613;1191
547;2022-07-01;3133204;ITANHOMI;31;MINAS GERAIS;SE;SUDESTE;15775911,95;45747;2710516,09;1942;18593807,51;35904;3365879,35;6325;3671;191;3824;219
3802;2022-07-01;1200054;ASSIS BRASIL;12;ACRE;NO;NORTE;5897642,5;24249;1766657,84;977;5948479,65;19681;588855,72;1480;1689;61;1769;57
4371;2022-07-01;2615904;TUPARETAMA;26;PERNAMBUCO;NE;NORDESTE;9851396,69;42033;1715190,85;1107;9331044,26;36390;1602658,11;3389;2891;93;2958;85
95;2022-07-01;4306353;DEZESSEIS DE NOVEMBRO;43;RIO GRANDE DO SUL;SU;SUL;1622577,58;6775;1724162,73;365;1374570,2;4229;1557720,73;769;695;28;621;37
4047;2022-07-01;3135001;JAGUARAÇU;31;MINAS GERAIS;SE;SUDESTE;3911397,36;16662;5153637,14;966;3702637,86;13021;5148598,3;2895;1191;67;1207;60
1890;2022-07-01;3550803;SÃO SEBASTIÃO DA GRAMA;35;SÃO PAULO;SE;SUDESTE;11655082,86;36405;10624991,88;3956;12153355,24;28114;12460372,23;6981;3461;310;3372;327
5986;2022-07-01;3148509;PAVÃO;31;MINAS GERAIS;SE;SUDESTE;6795465,2;29790;3168720,52;1620;7071938,9;24450;2036661,02;2409;2348;102;2430;115
101;2022-07-01;2411205;SANTA CRUZ;24;RIO GRANDE DO NORTE;NE;NORDESTE;53652916,72;282955;17042258,1;14498;53432295,54;246552;13530120,26;44147;15099;664;15534;654
522;2022-07-01;3103108;ANTÔNIO PRADO DE MINAS;31;MINAS GERAIS;SE;SUDESTE;1775334,56;6991;135451,47;172;1722663,95;6142;123684,45;416;483;24;466;20
2391;2022-07-01;2108009;PASTOS BONS;21;MARANHÃO;NE;NORDESTE;19809964,41;104586;8631522,65;3329;18767333,04;86656;8334377,6;11410;5594;163;5749;157
5715;2022-07-01;2410306;SERRA CAIADA;24;RIO GRANDE DO NORTE;NE;NORDESTE;7978598,02;43529;4433754,84;2488;7807781,56;38802;3411532,66;5717;2709;97;2857;89
3548;2022-07-01;4321857;TRÊS PALMEIRAS;43;RIO GRANDE DO SUL;SU;SUL;4075307,67;12048;2695961,35;1404;4206122,52;8497;2831872,56;2728;1312;125;1190;121
5959;2022-07-01;1400407;NORMANDIA;14;RORAIMA;NO;NORTE;5956108,22;31832;2981712,59;1563;4942274,11;23315;2032673,89;3907;1652;37;1611;43
1864;2022-07-01;2102200;BURITI;21;MARANHÃO;NE;NORDESTE;18420225,34;95887;3212335,97;2156;17057245,17;77837;1767987,19;5849;6481;105;6192;104
5624;2022-07-01;3114907;CASA GRANDE;31;MINAS GERAIS;SE;SUDESTE;3323003,77;6224;418213,55;349;3507996,07;4437;556621,94;884;642;32;603;27
190;2022-07-01;4107108;DIAMANTE DO NORTE;41;PARANÁ;SU;SUL;6944580,93;26891;6654647,79;1927;7451611,57;19811;7790301,5;5643;2166;122;2111;116
5856;2022-07-01;4113007;JUSSARA;41;PARANÁ;SU;SUL;8400995,12;33344;19741963,56;3005;8584797,16;24173;7232856,03;4492;2828;172;2664;170
2400;2022-07-01;2605509;FERREIROS;26;PERNAMBUCO;NE;NORDESTE;9820883,93;52977;1290987,56;1792;9583234,45;45988;849662,52;3629;3390;95;3510;96
189;2022-07-01;2907558;CATURAMA;29;BAHIA;NE;NORDESTE;3958775,49;16020;401009,05;382;4235577,86;12429;320558,84;616;1369;51;1422;40
1918;2022-07-01;2513943;SÃO DOMINGOS DO CARIRI;25;PARAÍBA;NE;NORDESTE;2450595,64;11010;59497,75;147;2577176,56;9532;113084,83;316;738;10;767;12
3691;2022-07-01;2801306;CAPELA;28;SERGIPE;NE;NORDESTE;26551593,17;144473;7692593,68;3869;26289547,87;124584;7112862,07;12312;9267;255;9783;239
4606;2022-07-01;2304269;DEPUTADO IRAPUAN PINHEIRO;23;CEARÁ;NE;NORDESTE;6823556,14;33425;1790032,94;890;7019930,86;28827;1267270,96;2917;2333;62;2437;62
976;2022-07-01;1702901;AXIXÁ DO TOCANTINS;17;TOCANTINS;NO;NORTE;17884708,08;76393;2126199,65;2203;17090206,55;61215;4801910,71;6179;4082;109;4416;101
5513;2022-07-01;5002001;BATAYPORÃ;50;MATO GROSSO DO SUL;CO;CENTRO-OESTE;12886642,15;53927;9415625,03;4852;13358436,17;38797;8940288,95;10301;4267;302;4321;299
3358;2022-07-01;2414001;TANGARÁ;24;RIO GRANDE DO NORTE;NE;NORDESTE;18079521,52;106650;3869575,11;3245;18081746,06;96290;3565058,91;11309;5463;171;5724;156
1072;2022-07-01;3518107;GUARANTÃ;35;SÃO PAULO;SE;SUDESTE;6572614,11;34381;1498203,43;1785;7095108,94;26971;2253983,64;4533;2661;134;2570;145
4975;2022-07-01;5219704;SANTA TEREZINHA DE GOIÁS;52;GOIÁS;CO;CENTRO-OESTE;26678215,04;54123;5410492,68;4947;26239445,29;42925;5101796,22;12008;3562;268;3711;261
592;2022-07-01;1718303;PRAIA NORTE;17;TOCANTINS;NO;NORTE;7064452,06;47443;560271,46;439;7703801,6;42200;512843,05;1624;2538;35;2702;31
5025;2022-07-01;2210201;SÃO JOSÉ DO PIAUÍ;22;PIAUÍ;NE;NORDESTE;3812218,92;18249;727304,98;541;3576086,63;15848;774207,97;1179;1521;38;1559;31
1777;2022-07-01;5212501;LUZIÂNIA;52;GOIÁS;CO;CENTRO-OESTE;399538020,09;1785409;294181389,33;122468;438163036,59;1572975;212086397,58;266712;94481;5240;100341;4925
1985;2022-07-01;3553906;TARABAI;35;SÃO PAULO;SE;SUDESTE;9009084,5;38650;4039696,6;3164;10124019,62;29495;4307362,07;5585;2738;181;2733;155
1773;2022-07-01;3104700;ATALÉIA;31;MINAS GERAIS;SE;SUDESTE;13977180,94;52252;2262558,09;1818;14409381,15;42006;3417802,98;4990;3845;143;3838;154
2266;2022-07-01;2702405;DELMIRO GOUVEIA;27;ALAGOAS;NE;NORDESTE;58033582,3;312227;13456537,06;13731;58360366,47;252259;12308520,41;32914;18624;716;19836;636
624;2022-07-01;4204194;CHAPADÃO DO LAGEADO;42;SANTA CATARINA;SU;SUL;3987657,37;8263;744382,01;783;2522067,39;4825;1124494,42;2037;829;70;720;70
629;2022-07-01;2205540;LAGOINHA DO PIAUÍ;22;PIAUÍ;NE;NORDESTE;1847945,69;9623;300626,25;422;1610940,82;8032;934581,96;871;678;15;747;14
893;2022-07-01;1501253;BANNACH;15;PARÁ;NO;NORTE;6897794,44;19489;1051245,28;657;6820844,21;13919;2284054,32;2227;1324;52;1266;49
369;2022-07-01;3110707;CAMBUQUIRA;31;MINAS GERAIS;SE;SUDESTE;14160755,71;57031;3491248,53;4069;14687682,42;48077;3715860,07;9443;4357;329;4442;346
4527;2022-07-01;5214838;NOVA CRIXÁS;52;GOIÁS;CO;CENTRO-OESTE;28157800,81;65387;22995364,74;11548;26370311,57;58096;16942392,82;16591;4167;309;4442;291
1403;2022-07-01;3540606;PORTO FELIZ;35;SÃO PAULO;SE;SUDESTE;90269560,55;344146;81383115,47;38325;105442668,05;276647;85857800,9;76485;24883;1993;24741;1891
3982;2022-07-01;4315602;RIO GRANDE;43;RIO GRANDE DO SUL;SU;SUL;311811291,29;1430150;211860226,56;121101;314199945,91;1164253;247676922,75;229349;99090;5986;96431;5643
362;2022-07-01;5204706;CAMPINORTE;52;GOIÁS;CO;CENTRO-OESTE;32862185,5;82323;31140116,95;5190;28777986,53;65820;29629464,75;23559;4861;314;4976;339
5850;2022-07-01;5103502;DIAMANTINO;51;MATO GROSSO;CO;CENTRO-OESTE;69295375,95;181298;38679602,98;19411;55027373,92;131065;43595220,21;43279;11382;1006;11005;937
5019;2022-07-01;2915908;ITANAGRA;29;BAHIA;NE;NORDESTE;6209647,45;44195;1289166,67;1458;6550284,28;35043;1044508,48;2974;2362;82;2486;74
2898;2022-07-01;3503307;ARARAS;35;SÃO PAULO;SE;SUDESTE;240409391,34;794766;185350238,14;92804;250029098,66;655781;174247090,95;244087;61973;5297;60365;4981
5893;2022-07-01;2100832;APICUM-AÇU;21;MARANHÃO;NE;NORDESTE;13626079,8;75047;2238315,62;1115;13426916,75;63452;2399051,52;2808;4220;82;4197;82
4274;2022-07-01;2203503;ELESBÃO VELOSO;22;PIAUÍ;NE;NORDESTE;9810688,05;63373;1439993,74;1137;9796405,31;52217;1151494,59;4155;4113;97;4289;96
5813;2022-07-01;2804300;MURIBECA;28;SERGIPE;NE;NORDESTE;5662119,61;27884;707803,87;759;5453538,55;22952;2400216,12;2167;2057;41;2124;42
5930;2022-07-01;2703700;JARAMATAIA;27;ALAGOAS;NE;NORDESTE;4572667,96;19016;1384056,62;520;4588932,06;15070;914555,67;658;1360;27;1458;26
3848;2022-07-01;2202778;COLÔNIA DO PIAUÍ;22;PIAUÍ;NE;NORDESTE;4840316,64;26577;602953,71;603;5568714,27;21767;243105,34;1171;1675;38;1997;36
2858;2022-07-01;1718402;PRESIDENTE KENNEDY;17;TOCANTINS;NO;NORTE;5261447,86;23877;944176,65;1089;5613419,61;19158;3726305,8;2841;1327;50;1389;50
4096;2022-07-01;2926301;RIACHÃO DO JACUÍPE;29;BAHIA;NE;NORDESTE;47974744,81;211167;32450738,44;11795;51171828,04;182915;33936861,0;27459;11855;674;12442;636
3117;2022-07-01;3549102;SÃO JOÃO DA BOA VISTA;35;SÃO PAULO;SE;SUDESTE;180390796,99;518086;140486655,92;60690;212559635,78;431210;154911507,72;114300;40626;3935;39836;3806
4602;2022-07-01;2703205;IGREJA NOVA;27;ALAGOAS;NE;NORDESTE;13334117,93;67270;1068726,79;1083;13276884,09;54577;980543,69;1750;5532;83;5760;79
2816;2022-07-01;4317251;SANTA TEREZA;43;RIO GRANDE DO SUL;SU;SUL;1049814,61;3174;279709,85;125;1124325,49;1929;325541,86;487;377;26;341;32
4674;2022-07-01;2409407;PAU DOS FERROS;24;RIO GRANDE DO NORTE;NE;NORDESTE;48516025,79;218052;25464798,42;12783;48041837,75;191325;28849995,02;43204;12509;726;12661;711
1090;2022-07-01;3156809;SABINÓPOLIS;31;MINAS GERAIS;SE;SUDESTE;15703598,17;53664;3970673,43;3116;15897111,0;42722;3875873,64;7553;4475;228;4651;228
4645;2022-07-01;2702603;FEIRA GRANDE;27;ALAGOAS;NE;NORDESTE;14713618,26;65490;3079181,36;1593;14833225,63;53822;1836671,12;2018;4850;105;4994;93
3009;2022-07-01;2611309;POMBOS;26;PERNAMBUCO;NE;NORDESTE;28155174,16;118432;13389005,54;7400;30721203,06;110038;13542930,05;14069;7643;284;8138;261
3050;2022-07-01;2111078;SÃO JOÃO DO SOTER;21;MARANHÃO;NE;NORDESTE;11940857,47;65914;1181494,85;960;10454052,71;51414;1394251,63;2212;3736;59;3865;57
2819;2022-07-01;2704104;LAGOA DA CANOA;27;ALAGOAS;NE;NORDESTE;14728520,63;64501;4121324,85;2073;14317596,41;52134;1721267,53;3217;4687;123;4824;101
3010;2022-07-01;1705508;COLINAS DO TOCANTINS;17;TOCANTINS;NO;NORTE;91532383,81;291313;39212441,6;24919;92321130,05;234291;45126009,55;67721;15734;1020;16577;1002
2881;2022-08-01;2108009;PASTOS BONS;21;MARANHÃO;NE;NORDESTE;21113355,58;110160;10889555,86;3805;20199653,1;88321;10397509,41;13680;5881;174;6009;168
3752;2022-08-01;2615904;TUPARETAMA;26;PERNAMBUCO;NE;NORDESTE;10336775,74;46123;1949656,9;1342;10585762,28;37396;1604824,31;3406;2996;94;3016;80
5638;2022-08-01;2103901;DUQUE BACELAR;21;MARANHÃO;NE;NORDESTE;6685901,38;45614;1112926,47;1133;5988327,99;35633;1030726,64;3001;2743;54;2754;53
23;2022-08-01;4107108;DIAMANTE DO NORTE;41;PARANÁ;SU;SUL;7401922,78;27964;8195288,25;2313;7451443,4;20468;8513085,85;6185;2231;130;2179;129
1501;2022-08-01;2506103;FAGUNDES;25;PARAÍBA;NE;NORDESTE;8566233,29;49446;1118421,55;933;9402166,52;43302;1246551,03;3226;3356;62;3660;57
1520;2022-08-01;2605509;FERREIROS;26;PERNAMBUCO;NE;NORDESTE;10925938,2;57292;1426254,07;1986;10988200,52;48252;1131184,22;3570;3528;106;3685;101
1259;2022-08-01;1718303;PRAIA NORTE;17;TOCANTINS;NO;NORTE;8063474,53;51189;456872,21;489;8424847,94;44045;641348,51;1606;2643;39;2813;38
1561;2022-08-01;4311791;MARATÁ;43;RIO GRANDE DO SUL;SU;SUL;2271744,18;7131;2638215,49;806;2316751,8;5087;2641814,7;2220;763;79;663;79
1514;2022-08-01;3534807;OURO VERDE;35;SÃO PAULO;SE;SUDESTE;8135326,17;36866;2632855,25;2656;8624419,03;27299;5082702,84;5221;2820;175;2838;162
3894;2022-08-01;3501806;AMÉRICO DE CAMPOS;35;SÃO PAULO;SE;SUDESTE;8322981,51;28277;1829255,95;1819;8854510,42;21631;1833153,77;4156;2318;138;2217;143
5633;2022-08-01;4321600;TRAMANDAÍ;43;RIO GRANDE DO SUL;SU;SUL;96970406,3;430097;53403100,92;55991;107504321,87;363190;44807512,73;109548;25169;2441;25298;2183
3785;2022-08-01;2704104;LAGOA DA CANOA;27;ALAGOAS;NE;NORDESTE;15545243,2;73967;4528866,9;2530;15895794,4;57511;1875449,94;3517;4934;120;5031;103
5609;2022-08-01;2414001;TANGARÁ;24;RIO GRANDE DO NORTE;NE;NORDESTE;18782884,76;113189;3776542,22;3104;18994245,81;101444;3758588,53;11523;5664;173;5873;157
5575;2022-08-01;1701002;ANANÁS;17;TOCANTINS;NO;NORTE;17789420,35;84950;3692159,06;4029;17133778,76;69823;3665079,9;8319;4570;183;4604;178
5635;2022-08-01;2202778;COLÔNIA DO PIAUÍ;22;PIAUÍ;NE;NORDESTE;4838043,36;28359;722761,73;697;5633984,14;22756;237094,75;1337;1758;39;2014;39
5606;2022-08-01;3536257;PARISI;35;SÃO PAULO;SE;SUDESTE;4217652,8;11066;860722,71;949;4203422,25;9001;532380,4;1949;893;60;892;61
3889;2022-08-01;2903003;BARRA DO MENDES;29;BAHIA;NE;NORDESTE;10881707,1;59350;1565010,29;1811;11198546,12;48079;1913587,67;5242;4392;121;4332;121
3710;2022-08-01;1705508;COLINAS DO TOCANTINS;17;TOCANTINS;NO;NORTE;99809959,08;323077;54040548,08;29202;104852942,16;260145;51450132,41;80568;16271;1057;17048;1022
1503;2022-08-01;2702405;DELMIRO GOUVEIA;27;ALAGOAS;NE;NORDESTE;64464040,6;347141;15932452,68;15736;64141094,54;274696;14534973,37;39092;19424;749;20505;684
4917;2022-08-01;2204550;GUARIBAS;22;PIAUÍ;NE;NORDESTE;5760998,43;20968;3031450,48;1017;4646529,54;16176;3181108,6;1579;1213;54;1238;39
5380;2022-08-01;3517604;GUAPIARA;35;SÃO PAULO;SE;SUDESTE;19188149,89;79654;9175919,25;4441;18788088,85;61179;8476507,37;8027;6301;259;6159;264
4171;2022-08-01;2703205;IGREJA NOVA;27;ALAGOAS;NE;NORDESTE;15679149,11;75448;1207588,98;1297;15366332,45;58574;1194319,85;2126;5837;95;6072;91
4179;2022-08-01;2106904;MONÇÃO;21;MARANHÃO;NE;NORDESTE;17090256,68;119244;2749887,28;1934;15764036,55;91743;2493996,19;8045;6823;102;6852;102
780;2022-08-01;3156809;SABINÓPOLIS;31;MINAS GERAIS;SE;SUDESTE;16601449,8;58298;4553884,4;3517;18601353,93;46208;4526830,9;8631;4628;234;4848;234
2665;2022-08-01;5214838;NOVA CRIXÁS;52;GOIÁS;CO;CENTRO-OESTE;29918298,91;72284;16711868,63;9798;27236409,09;61466;14569380,09;17603;4297;319;4533;302
2087;2022-08-01;2205151;JACOBINA DO PIAUÍ;22;PIAUÍ;NE;NORDESTE;3882169,3;19433;1659881,39;1264;3923476,07;14253;1390913,16;2531;1127;55;1164;48
3392;2022-08-01;1200054;ASSIS BRASIL;12;ACRE;NO;NORTE;5735410,26;25749;2179753,51;1126;6065077,57;20499;788699,06;1700;1751;67;1803;60
2974;2022-08-01;2307254;JIJOCA DE JERICOACOARA;23;CEARÁ;NE;NORDESTE;46278915,08;217426;29008889,68;33368;49484094,18;202964;27541735,12;101741;8995;1067;9040;1014
3400;2022-08-01;2703700;JARAMATAIA;27;ALAGOAS;NE;NORDESTE;5235004,94;21079;1330941,44;538;5028662,09;16641;869922,43;880;1448;27;1552;27
5866;2022-08-01;2516755;TENÓRIO;25;PARAÍBA;NE;NORDESTE;2601647,79;14154;633521,84;501;2590233,58;12374;414669,11;725;936;30;1000;23
4988;2022-08-01;2609501;NAZARÉ DA MATA;26;PERNAMBUCO;NE;NORDESTE;32609429,83;200630;7473913,15;5702;34732836,94;166082;47180142,1;14308;11196;322;11823;307
5372;2022-08-01;4100301;AGUDOS DO SUL;41;PARANÁ;SU;SUL;13770217,6;34412;6131967,43;4493;13092373,55;27506;7489085,96;7546;2877;267;2835;261
2441;2022-08-01;5106703;PONTE BRANCA;51;MATO GROSSO;CO;CENTRO-OESTE;3305563,92;11761;595801,79;521;3416267,73;8766;621451,48;1100;725;37;730;43
4413;2022-08-01;5103502;DIAMANTINO;51;MATO GROSSO;CO;CENTRO-OESTE;87849393,3;188617;41971454,31;21753;85830115,53;135035;82807953,66;47452;11576;1027;11192;974
5378;2022-08-01;2926806;RIO DO ANTÔNIO;29;BAHIA;NE;NORDESTE;11391885,73;49798;1978646,85;1508;10690305,36;30026;2518619,81;2969;3123;100;3106;90
3372;2022-08-01;1702703;AURORA DO TOCANTINS;17;TOCANTINS;NO;NORTE;3449050,34;15868;538232,73;722;3441855,04;12241;463319,83;1430;969;41;992;32
5759;2022-08-01;3165206;SÃO TOMÉ DAS LETRAS;31;MINAS GERAIS;SE;SUDESTE;7878132,6;31977;6343449,45;6521;8891648,8;31672;5394031,67;12381;2268;350;2435;316
2644;2022-08-01;4315602;RIO GRANDE;43;RIO GRANDE DO SUL;SU;SUL;327674640,14;1523448;362333282,45;135337;334717171,64;1244156;432735341,56;258198;101193;6156;99589;5784
5384;2022-08-01;2611309;POMBOS;26;PERNAMBUCO;NE;NORDESTE;31892236,04;134949;15528421,99;7735;34915862,17;120807;15232601,46;15831;8100;297;8533;274
4132;2022-08-01;2300408;AIUABA;23;CEARÁ;NE;NORDESTE;12050806,39;70879;981192,35;1043;11758278,71;62512;1045357,7;3025;4235;98;4315;95
2467;2022-08-01;4200705;ALFREDO WAGNER;42;SANTA CATARINA;SU;SUL;12856883,43;32121;6936830,5;5206;12621288,16;21692;7144159,89;11562;3110;372;2884;365
391;2022-08-01;3165800;SENADOR JOSÉ BENTO;31;MINAS GERAIS;SE;SUDESTE;2048216,68;5395;181332,06;292;1677907,41;4148;364944,55;458;498;25;463;28
4444;2022-08-01;2410306;SERRA CAIADA;24;RIO GRANDE DO NORTE;NE;NORDESTE;7795520,13;46598;6842751,65;2669;7767157,31;40290;5382744,2;5858;2762;99;2922;89
4676;2022-08-01;2920601;MARAGOGIPE;29;BAHIA;NE;NORDESTE;38704483,94;264842;4377985,66;4718;39079744,71;230784;5615448,37;10206;12372;278;13104;265
4983;2022-08-01;4123303;SANTA CRUZ DE MONTE CASTELO;41;PARANÁ;SU;SUL;15950334,83;41416;6947454,01;4392;14641762,68;29330;7396039,79;10215;3220;253;3094;252
3444;2022-08-01;4304408;CANELA;43;RIO GRANDE DO SUL;SU;SUL;96757044,48;342359;84587079,64;58426;111922725,49;267913;99233372,21;108381;23367;2883;23395;2662
873;2022-08-01;5204706;CAMPINORTE;52;GOIÁS;CO;CENTRO-OESTE;32006439,49;87538;33051103,26;6603;29523294,5;65722;31905138,87;26638;5009;329;5100;351
5105;2022-08-01;3121506;DESTERRO DO MELO;31;MINAS GERAIS;SE;SUDESTE;2250615,62;8331;630532,31;371;2907068,97;7700;549814,54;741;813;34;816;34
894;2022-08-01;3169406;TRÊS PONTAS;31;MINAS GERAIS;SE;SUDESTE;110478394,76;297151;222916391,51;28079;111029380,23;241544;213168116,09;52693;21134;1642;21733;1585
898;2022-08-01;2411205;SANTA CRUZ;24;RIO GRANDE DO NORTE;NE;NORDESTE;59576589,87;307294;18603015,2;16877;59286727,69;266279;15154111,75;47607;15574;669;15973;661
2043;2022-08-01;2111078;SÃO JOÃO DO SOTER;21;MARANHÃO;NE;NORDESTE;11232132,06;70311;1244922,17;991;10297285,17;53840;1135078,34;2099;3943;61;4049;63
1979;2022-08-01;4219150;VARGEM;42;SANTA CATARINA;SU;SUL;2286086,88;7311;620918,52;514;2201926,51;4997;740158,47;988;755;46;710;45
771;2022-08-01;4215307;SALETE;42;SANTA CATARINA;SU;SUL;10330976,94;32185;29003491,81;6746;10670210,48;19330;20871032,3;11798;2972;441;2769;428
2118;2022-08-01;2608057;JATOBÁ;26;PERNAMBUCO;NE;NORDESTE;14480636,55;85319;4879514,14;1627;13551397,36;65137;3580196,15;5073;4981;87;4966;97
3016;2022-08-01;5207600;FAZENDA NOVA;52;GOIÁS;CO;CENTRO-OESTE;9179263,32;30438;3182839,2;1788;8487936,68;23473;2718956,1;4110;2002;113;1962;116
4317;2022-08-01;1718501;RECURSOLÂNDIA;17;TOCANTINS;NO;NORTE;3774914,8;17369;699497,89;682;3653903,62;13218;775313,27;1122;1047;24;1053;26
176;2022-08-01;3103108;ANTÔNIO PRADO DE MINAS;31;MINAS GERAIS;SE;SUDESTE;1916286,56;7259;128109,17;189;1866883,22;6417;164267,26;443;503;27;492;20
3237;2022-08-01;2202075;CAJAZEIRAS DO PIAUÍ;22;PIAUÍ;NE;NORDESTE;1803511,01;13779;635432,48;380;1791533,5;10718;366975,1;688;812;20;918;20
4287;2022-08-01;3165701;SENADOR FIRMINO;31;MINAS GERAIS;SE;SUDESTE;8287602,25;27295;2504036,64;2231;9074506,86;21071;2946191,84;4328;2254;165;2200;167
5838;2022-08-01;2112233;TRIZIDELA DO VALE;21;MARANHÃO;NE;NORDESTE;24278640,24;137863;16631790,22;7579;24869923,44;116006;9048004,85;15126;7000;283;7246;263
633;2022-08-01;3520608;INDIANA;35;SÃO PAULO;SE;SUDESTE;7967487,67;27535;3174688,82;2583;8319387,42;22220;3856169,78;4605;2131;152;2090;150
5181;2022-08-01;3104106;ARCEBURGO;31;MINAS GERAIS;SE;SUDESTE;8656443,4;36807;13856206,08;3845;9430717,0;27594;15251337,88;9818;3156;237;3066;255
5039;2022-08-01;2804300;MURIBECA;28;SERGIPE;NE;NORDESTE;6299385,1;30946;1094861,06;861;6340300,26;25016;3194414,43;2099;2158;38;2226;43
158;2022-08-01;2907558;CATURAMA;29;BAHIA;NE;NORDESTE;5136236,16;19170;466669,09;393;5559512,73;13290;493358,44;710;1432;53;1477;42
3286;2022-08-01;3136306;JOÃO PINHEIRO;31;MINAS GERAIS;SE;SUDESTE;100951893,99;324165;127955567,57;31505;105386292,83;252114;107412774,72;68225;20772;1637;21507;1583
5046;2022-08-01;3135001;JAGUARAÇU;31;MINAS GERAIS;SE;SUDESTE;3911055,39;17214;5864586,7;1082;4037039,82;13465;3783035,12;3218;1201;69;1224;56
3293;2022-08-01;2910750;FÁTIMA;29;BAHIA;NE;NORDESTE;16114096,72;71006;4830765,93;2152;16119696,58;59608;3322357,52;5416;4729;146;5063;138
769;2022-08-01;3515194;ESPÍRITO SANTO DO TURVO;35;SÃO PAULO;SE;SUDESTE;4590318,02;20241;2311507,97;1549;4870656,73;15206;1703880,79;2321;1775;95;1805;84
152;2022-08-01;4306353;DEZESSEIS DE NOVEMBRO;43;RIO GRANDE DO SUL;SU;SUL;2317963,69;7085;1884268,8;413;1958736,66;4791;1844395,92;750;714;31;678;42
5844;2022-08-01;5202353;ARENÓPOLIS;52;GOIÁS;CO;CENTRO-OESTE;9002474,83;16246;1755031,6;1258;7162755,89;11238;2148525,09;3542;1183;68;1183;63
4254;2022-08-01;2207405;PALMEIRA DO PIAUÍ;22;PIAUÍ;NE;NORDESTE;5673027,48;28651;839449,44;966;5700344,11;21225;951466,1;2193;1826;56;1843;54
3322;2022-08-01;3148509;PAVÃO;31;MINAS GERAIS;SE;SUDESTE;7679191,41;32498;3039349,87;1717;7618005,94;26570;2359850,49;2863;2442;99;2481;115
3195;2022-08-01;2304269;DEPUTADO IRAPUAN PINHEIRO;23;CEARÁ;NE;NORDESTE;7561091,01;35478;2200428,2;1045;8045340,71;30822;1506410,02;3184;2394;66;2533;63
5570;2022-08-01;3148806;PEDRA DO ANTA;31;MINAS GERAIS;SE;SUDESTE;2711429,06;10656;407190,98;350;2746134,42;8986;278456,74;706;854;43;865;40
505;2022-08-01;3202603;ICONHA;32;ESPÍRITO SANTO;SE;SUDESTE;18612613,8;68492;21187334,29;7649;19510472,87;54311;21642932,95;17916;4899;503;4660;477
3343;2022-08-01;1501253;BANNACH;15;PARÁ;NO;NORTE;7097361,23;20073;872064,1;682;6749355,69;14861;2095289,63;2556;1367;55;1306;49
4715;2022-08-01;4110052;IGUATU;41;PARANÁ;SU;SUL;2067667,02;8597;856138,37;550;2530160,18;6252;1176140,1;1322;743;44;672;44
2139;2022-08-01;2400604;ALMINO AFONSO;24;RIO GRANDE DO NORTE;NE;NORDESTE;6760362,19;36285;1034666,74;995;5676762,33;33252;1384008,69;2477;1887;50;1797;44
3168;2022-08-01;2801306;CAPELA;28;SERGIPE;NE;NORDESTE;27932747,72;161454;9792979,84;4403;27690397,69;130635;9539492,86;13414;9705;259;10247;241
3348;2022-08-01;3503307;ARARAS;35;SÃO PAULO;SE;SUDESTE;247697866,09;822720;188920266,97;100425;267388670,87;679768;195233162,83;272760;63160;5449;61522;5084
3354;2022-08-01;3549102;SÃO JOÃO DA BOA VISTA;35;SÃO PAULO;SE;SUDESTE;187895883,9;539422;157882695,47;66334;234276652,78;449225;181958197,82;127333;41353;3985;40545;3935
5197;2022-08-01;4100400;ALMIRANTE TAMANDARÉ;41;PARANÁ;SU;SUL;178822194,38;838443;133691270,24;81095;212779739,2;722425;136876101,6;125690;55093;3592;57068;3454
2206;2022-08-01;2511707;PILÕEZINHOS;25;PARAÍBA;NE;NORDESTE;3266297,59;17230;310566,14;529;3256640,38;14848;191551,9;599;1197;29;1299;25
4699;2022-08-01;2602803;BUÍQUE;26;PERNAMBUCO;NE;NORDESTE;28991003,12;140330;4005842,74;4223;30937467,04;119759;6546295,12;10952;10384;257;11117;249
2508;2022-08-01;4106001;CONGONHINHAS;41;PARANÁ;SU;SUL;9333909,0;32886;2369532,12;2541;8701851,07;24152;3001088,54;5392;2702;159;2701;156
4107;2022-08-01;5002001;BATAYPORÃ;50;MATO GROSSO DO SUL;CO;CENTRO-OESTE;14804387,29;60087;15895013,65;5314;15237741,51;41856;26103897,79;11614;4473;324;4421;315
4024;2022-08-01;3553906;TARABAI;35;SÃO PAULO;SE;SUDESTE;9575148,75;40108;3865016,75;3333;10999970,48;30228;3189388,75;5491;2780;189;2784;162
5128;2022-08-01;4211504;NOVA TRENTO;42;SANTA CATARINA;SU;SUL;22666912,64;54414;30273336,96;10444;23267577,77;39185;29065012,22;15853;5037;767;4686;766
242;2022-08-01;3123528;DURANDÉ;31;MINAS GERAIS;SE;SUDESTE;9002173,84;25017;2143756,98;1361;7071111,54;17650;1098995,56;3350;2224;112;2044;101
5694;2022-08-01;3114907;CASA GRANDE;31;MINAS GERAIS;SE;SUDESTE;3356744,74;6609;546633,85;345;2960709,4;4649;668477,74;864;662;33;633;27
2814;2022-08-01;4114401;MANGUEIRINHA;41;PARANÁ;SU;SUL;32469998,91;70742;56547508,18;9188;27009323,75;47989;32465896,29;17275;6117;540;6004;544
3563;2022-08-01;4321857;TRÊS PALMEIRAS;43;RIO GRANDE DO SUL;SU;SUL;3827906,39;12504;2059866,86;1605;3480480,15;8733;2104079,44;2922;1362;135;1250;132
4695;2022-08-01;2926301;RIACHÃO DO JACUÍPE;29;BAHIA;NE;NORDESTE;53347638,15;238144;31060847,37;13062;58658996,93;198204;32200793,59;29920;12259;701;12817;657
4003;2022-08-01;3524204;JABORANDI;35;SÃO PAULO;SE;SUDESTE;9084556,7;31632;2394853,14;2145;12472281,75;22656;2167752,28;3478;2574;153;2440;140
5963;2022-08-01;2302404;BOA VIAGEM;23;CEARÁ;NE;NORDESTE;53117952,02;268606;11886904,39;8987;52197573,42;233220;12232061,55;25150;16253;462;16790;428
1771;2022-08-01;2513943;SÃO DOMINGOS DO CARIRI;25;PARAÍBA;NE;NORDESTE;2924520,78;12694;87402,41;189;3091160,68;10328;86181,2;295;762;12;780;16
295;2022-08-01;3110707;CAMBUQUIRA;31;MINAS GERAIS;SE;SUDESTE;15523683,99;62292;4273221,73;4438;16230132,52;49674;5039317,54;10482;4456;343;4592;348
2566;2022-08-01;1506112;QUATIPURU;15;PARÁ;NO;NORTE;8827461,9;61297;2235835,11;2122;8676632,54;50336;1536982,92;4394;3607;82;3762;75
289;2022-08-01;4204194;CHAPADÃO DO LAGEADO;42;SANTA CATARINA;SU;SUL;4457393,32;8875;1120076,2;808;3015244,74;5174;1258972,63;2151;852;71;737;72
4490;2022-08-01;5212501;LUZIÂNIA;52;GOIÁS;CO;CENTRO-OESTE;417952023,72;1885331;276473515,36;134911;467288631,76;1645861;229870787,46;298177;96805;5363;102298;5058
4630;2022-08-01;4309704;HUMAITÁ;43;RIO GRANDE DO SUL;SU;SUL;7422043,45;15841;4987758,26;1227;6063097,8;10099;3877966,33;3843;1592;130;1399;150
1733;2022-08-01;3527256;LOURDES;35;SÃO PAULO;SE;SUDESTE;2519644,88;10177;248775,65;459;3694847,59;6982;186673,86;1521;816;34;787;37
1727;2022-08-01;2918506;JUSSARA;29;BAHIA;NE;NORDESTE;12768466,94;63845;2202247,5;1644;12869923,87;54071;1825261,05;3597;4555;105;4629;91
1714;2022-08-01;3139003;MACHADO;31;MINAS GERAIS;SE;SUDESTE;64715847,84;189404;145095177,75;19615;75096861,75;152795;150712746,12;32832;14763;1252;14996;1212
5655;2022-08-01;4120309;PORTO VITÓRIA;41;PARANÁ;SU;SUL;2489284,8;10469;2020436,07;1383;3277912,13;7925;1697602,22;1790;1107;87;1117;84
266;2022-08-01;4311734;MAMPITUBA;43;RIO GRANDE DO SUL;SU;SUL;2911304,29;9218;1364883,17;786;2908664,36;7067;558446,42;1552;830;42;790;37
2927;2022-08-01;2203503;ELESBÃO VELOSO;22;PIAUÍ;NE;NORDESTE;10152170,85;66845;3259329,72;1367;10221462,63;54597;1299482,69;4644;4257;94;4349;105
4853;2022-08-01;1503457;IPIXUNA DO PARÁ;15;PARÁ;NO;NORTE;25258088,97;146803;11356342,72;6981;25880431,0;120568;9218376,99;18175;7732;274;7736;271
3937;2022-08-01;3135308;JAPARAÍBA;31;MINAS GERAIS;SE;SUDESTE;5214309,14;16846;949646,85;1042;5638894,08;13248;1273306,91;3224;1399;119;1321;116
1675;2022-08-01;2102200;BURITI;21;MARANHÃO;NE;NORDESTE;18040571,48;98679;3606250,02;2238;17307475,38;79963;1705977,04;6265;6690;104;6381;107
2840;2022-08-01;3170909;VARZELÂNDIA;31;MINAS GERAIS;SE;SUDESTE;20277304,47;105973;4548882,56;4604;20166055,28;84561;3962664,11;14143;6592;229;6345;215
4517;2022-08-01;3509106;CAIUÁ;35;SÃO PAULO;SE;SUDESTE;4744980,91;20395;745338,0;1209;4868634,44;14410;731989,16;2254;1487;60;1459;62
1659;2022-08-01;5201405;APARECIDA DE GOIÂNIA;52;GOIÁS;CO;CENTRO-OESTE;1459542942,99;5883759;1286701563,08;504010;1639748912,09;5272977;1313489978,59;1135576;284107;18941;298461;17596
3551;2022-08-01;2701100;BRANQUINHA;27;ALAGOAS;NE;NORDESTE;6308613,58;42026;539719,6;880;6267132,79;32247;506001,58;948;2797;44;3052;39
324;2022-08-01;5106182;NOVA LACERDA;51;MATO GROSSO;CO;CENTRO-OESTE;11681370,55;31163;3884330,47;2478;12561870,26;22034;5412975,46;5843;2425;144;2301;141
4014;2022-08-01;1718402;PRESIDENTE KENNEDY;17;TOCANTINS;NO;NORTE;6038935,59;26855;1845719,84;1360;5830308,23;21100;6066470,19;3207;1376;56;1425;55
575;2022-08-01;3133204;ITANHOMI;31;MINAS GERAIS;SE;SUDESTE;15186020,59;45053;2714520,7;2291;17927370,03;35632;3350448,37;6489;3737;196;3900;213
929;2022-08-01;1600303;MACAPÁ;16;AMAPÁ;NO;NORTE;1039426956,81;6499151;444819686,02;377847;1053194828,23;5661898;443047979,92;796948;263355;10535;263217;9929
2533;2022-08-01;3540606;PORTO FELIZ;35;SÃO PAULO;SE;SUDESTE;97684733,62;359499;91661796,21;42072;106117484,64;285043;97755124,83;83155;25368;2071;25120;1939
950;2022-08-01;3515806;FLORA RICA;35;SÃO PAULO;SE;SUDESTE;1522617,65;7625;146909,06;208;1533803,22;5412;151936,93;714;606;17;593;19
1933;2022-08-01;4317251;SANTA TEREZA;43;RIO GRANDE DO SUL;SU;SUL;1063884,42;3164;205537,15;136;1317185,72;2070;366654,53;475;380;29;367;37
4064;2022-08-01;2105658;JUNCO DO MARANHÃO;21;MARANHÃO;NE;NORDESTE;7364415,12;34503;842245,64;805;6808315,13;29673;1022225,71;1908;1898;27;1907;25
4967;2022-08-01;2913705;INHAMBUPE;29;BAHIA;NE;NORDESTE;34448365,8;182857;14862753,15;9656;34976400,35;152893;10728649,56;21339;11370;495;12164;477
4974;2022-08-01;2915908;ITANAGRA;29;BAHIA;NE;NORDESTE;6454610,6;47087;1539358,49;1562;6805873,71;36438;1348754,02;3547;2443;89;2559;73
2534;2022-08-01;3519055;HOLAMBRA;35;SÃO PAULO;SE;SUDESTE;51701052,27;112877;57019755,91;17953;50948891,75;82447;53090287,3;37213;7946;961;7716;911
2781;2022-08-01;4302584;BOZANO;43;RIO GRANDE DO SUL;SU;SUL;2634421,16;5205;1043003,25;483;1767789,13;3097;972381,82;569;532;35;445;35
1909;2022-08-01;1702901;AXIXÁ DO TOCANTINS;17;TOCANTINS;NO;NORTE;18623738,98;80681;2552808,18;2267;17318030,7;64948;5335412,6;7316;4259;117;4573;109
5167;2022-08-01;2408953;RIO DO FOGO;24;RIO GRANDE DO NORTE;NE;NORDESTE;11126139,35;71905;3509444,52;2849;12341832,39;60951;6688615,23;4997;3803;119;3863;105
1901;2022-08-01;3144409;NATÉRCIA;31;MINAS GERAIS;SE;SUDESTE;5195326,87;14067;1758827,2;984;4848450,64;10102;5889214,13;1871;1395;99;1277;102
917;2022-08-01;3104700;ATALÉIA;31;MINAS GERAIS;SE;SUDESTE;14068625,42;56417;2997279,8;2232;14934339,74;44987;1947833,75;5656;3974;155;3976;163
97;2022-08-01;4306502;DOM FELICIANO;43;RIO GRANDE DO SUL;SU;SUL;9023642,91;35712;2956236,96;2368;7689251,3;23188;2929262,14;6490;3333;170;2969;181
360;2022-08-01;3518107;GUARANTÃ;35;SÃO PAULO;SE;SUDESTE;7358972,33;34934;1371318,93;1918;7279146,27;26951;2181367,73;4627;2732;140;2640;141
4668;2022-08-01;2203420;DOMINGOS MOURÃO;22;PIAUÍ;NE;NORDESTE;3043448,84;18081;98326,25;255;2975762,68;14282;93458,93;461;1179;18;1254;17
3529;2022-08-01;2409407;PAU DOS FERROS;24;RIO GRANDE DO NORTE;NE;NORDESTE;52829067,69;240241;28514695,01;14556;51178369,69;215279;35589899,07;54391;12881;745;12959;735
4825;2022-08-01;2200277;ALEGRETE DO PIAUÍ;22;PIAUÍ;NE;NORDESTE;8035103,68;35922;540375,65;812;7618774,21;29199;594194,03;1795;1737;41;1816;37
325;2022-08-01;2504207;CATINGUEIRA;25;PARAÍBA;NE;NORDESTE;4466696,97;21791;901536,39;644;4674337,57;17923;373367,54;1266;1372;37;1491;32
2539;2022-08-01;3542503;REGINÓPOLIS;35;SÃO PAULO;SE;SUDESTE;9160364,98;37471;3506611,56;3009;9805929,94;29593;2653722,95;5532;2686;168;2588;168
1935;2022-08-01;2205540;LAGOINHA DO PIAUÍ;22;PIAUÍ;NE;NORDESTE;1759179,22;10234;251789,58;384;1779391,85;8775;1058336,74;973;708;16;778;15
2512;2022-09-01;2910750;FÁTIMA;29;BAHIA;NE;NORDESTE;15974648,78;75456;4469008,62;2460;16319339,74;63672;3551796,13;6313;4861;148;5195;149
2506;2022-09-01;1506112;QUATIPURU;15;PARÁ;NO;NORTE;9295473,46;64355;1846708,63;2225;9428428,39;52463;1336116,56;4959;3648;79;3811;72
5083;2022-09-01;2903003;BARRA DO MENDES;29;BAHIA;NE;NORDESTE;10648315,54;60840;1549410,38;2019;11369048,72;49018;2720647,56;5607;4515;118;4464;135
3055;2022-09-01;4200705;ALFREDO WAGNER;42;SANTA CATARINA;SU;SUL;12598748,4;31697;7910508,48;5409;12858000,78;22342;8601516,96;11995;3181;377;2956;378
1483;2022-09-01;2205540;LAGOINHA DO PIAUÍ;22;PIAUÍ;NE;NORDESTE;2255483,86;10749;266219,47;355;2108345,82;8842;729518,55;824;732;17;799;13
2625;2022-09-01;4321857;TRÊS PALMEIRAS;43;RIO GRANDE DO SUL;SU;SUL;4282918,23;13120;2620323,27;1651;3752752,8;8907;2620237,64;3203;1377;138;1244;135
2414;2022-09-01;5207600;FAZENDA NOVA;52;GOIÁS;CO;CENTRO-OESTE;9098744,59;31080;3016987,9;1823;9201736,67;24002;2940032,92;4496;2045;112;2028;116
2587;2022-09-01;2102200;BURITI;21;MARANHÃO;NE;NORDESTE;16892458,73;100679;3376278,02;2218;16571218,67;81541;1845959,5;6452;6927;105;6622;110
2581;2022-09-01;3136306;JOÃO PINHEIRO;31;MINAS GERAIS;SE;SUDESTE;96780978,22;335062;115396072,36;31023;100019009,54;259526;108379954,97;70126;21168;1648;21968;1594
5146;2022-09-01;1508159;URUARÁ;15;PARÁ;NO;NORTE;69683006,92;254586;29528714,05;18817;67184754,75;190257;26510560,12;56932;14257;557;14309;558
2682;2022-09-01;2701100;BRANQUINHA;27;ALAGOAS;NE;NORDESTE;7004604,66;44226;451990,31;757;6995722,43;33962;368567,59;853;2961;43;3193;40
2454;2022-09-01;1702703;AURORA DO TOCANTINS;17;TOCANTINS;NO;NORTE;3560480,6;16914;597049,51;724;3568395,66;12986;503235,24;1661;989;42;1012;34
5290;2022-09-01;2926806;RIO DO ANTÔNIO;29;BAHIA;NE;NORDESTE;11383427,78;52897;1384801,06;1314;10444796,87;31475;2270683,47;3032;3218;104;3216;100
5070;2022-09-01;1718501;RECURSOLÂNDIA;17;TOCANTINS;NO;NORTE;3960315,19;18386;667907,79;616;3863251,18;13915;872359,54;1223;1096;31;1108;31
3093;2022-09-01;2804300;MURIBECA;28;SERGIPE;NE;NORDESTE;6655751,01;34205;1760878,34;1056;6293307,69;26730;2630065,66;2310;2249;44;2341;40
5199;2022-09-01;2103901;DUQUE BACELAR;21;MARANHÃO;NE;NORDESTE;6865251,92;45222;1120625,69;1034;6301388,44;34600;1260752,7;2843;2825;60;2819;56
1450;2022-09-01;5106182;NOVA LACERDA;51;MATO GROSSO;CO;CENTRO-OESTE;12013193,57;32307;4606271,33;2551;11870764,62;22963;5432255,3;6007;2462;146;2341;140
3220;2022-09-01;2414001;TANGARÁ;24;RIO GRANDE DO NORTE;NE;NORDESTE;19407245,75;118400;3344708,83;3127;20042669,1;105943;3907346,89;12764;5837;183;6027;165
2580;2022-09-01;2111078;SÃO JOÃO DO SOTER;21;MARANHÃO;NE;NORDESTE;11979645,1;74974;911829,62;986;11202631,37;57016;648186,03;1998;4090;65;4202;63
1643;2022-09-01;3170909;VARZELÂNDIA;31;MINAS GERAIS;SE;SUDESTE;19824828,02;106069;4133236,72;4501;19513850,14;84226;3715280,37;14373;6763;226;6522;221
2310;2022-09-01;2915908;ITANAGRA;29;BAHIA;NE;NORDESTE;6530279,47;48530;1543600,04;1626;6795226,12;37434;1361567,15;3615;2540;93;2620;84
1965;2022-09-01;2400604;ALMINO AFONSO;24;RIO GRANDE DO NORTE;NE;NORDESTE;6626915,05;37550;1780584,44;884;6291894,45;33895;1439427,58;2600;1927;53;1824;49
3462;2022-09-01;5002001;BATAYPORÃ;50;MATO GROSSO DO SUL;CO;CENTRO-OESTE;15810312,03;62099;14713126,95;5406;15779161,98;43540;17158585,11;11893;4575;329;4558;314
1957;2022-09-01;3515194;ESPÍRITO SANTO DO TURVO;35;SÃO PAULO;SE;SUDESTE;4789960,34;21635;2173701,38;1564;5162469,93;16395;1487615,93;2687;1816;96;1870;86
1934;2022-09-01;1600303;MACAPÁ;16;AMAPÁ;NO;NORTE;1085797124,44;6675858;480781046,06;390799;1112547489,67;5777469;461710408,64;817179;267615;10755;268411;10083
5416;2022-09-01;2702603;FEIRA GRANDE;27;ALAGOAS;NE;NORDESTE;16103316,02;76221;2323720,87;1671;16192467,53;59411;2168321,65;2612;5253;107;5372;101
5419;2022-09-01;2305209;HIDROLÂNDIA;23;CEARÁ;NE;NORDESTE;16751880,34;102173;4906415,18;3663;16483784,56;88655;3723337,42;11974;6302;202;6255;187
1888;2022-09-01;4114401;MANGUEIRINHA;41;PARANÁ;SU;SUL;28898461,41;73276;45368230,3;9199;25574909,05;50720;22634900,96;17498;6347;553;6244;557
1846;2022-09-01;1718303;PRAIA NORTE;17;TOCANTINS;NO;NORTE;7899276,31;52378;570892,66;420;8392493,83;43751;689177,17;1785;2741;41;2930;39
1830;2022-09-01;3542503;REGINÓPOLIS;35;SÃO PAULO;SE;SUDESTE;8676067,88;39416;2912449,32;3040;9402278,31;29891;2246154,8;5381;2723;171;2698;172
2945;2022-09-01;2615904;TUPARETAMA;26;PERNAMBUCO;NE;NORDESTE;11451055,45;49849;2049984,84;1298;11058057,05;39064;1715695,08;3769;3081;94;3134;88
1818;2022-09-01;4106001;CONGONHINHAS;41;PARANÁ;SU;SUL;9206887,01;32819;3056642,5;2709;9393903,61;24290;2989221,11;5542;2757;163;2781;159
1813;2022-09-01;3549102;SÃO JOÃO DA BOA VISTA;35;SÃO PAULO;SE;SUDESTE;192317204,68;563206;168821851,01;67959;227349320,11;466082;188103933,39;130446;42135;4074;41457;3964
1798;2022-09-01;4311791;MARATÁ;43;RIO GRANDE DO SUL;SU;SUL;2146760,22;7484;2130713,75;860;2577061,83;5392;1975834,73;2273;794;78;692;84
1760;2022-09-01;3540606;PORTO FELIZ;35;SÃO PAULO;SE;SUDESTE;98522925,8;369828;89478697,68;42799;112023473,66;291741;92609959,71;85978;25725;2089;25657;1991
1759;2022-09-01;4317251;SANTA TEREZA;43;RIO GRANDE DO SUL;SU;SUL;1001655,97;3381;176343,46;123;873092,07;2044;360911,77;486;402;28;361;32
2820;2022-09-01;3501806;AMÉRICO DE CAMPOS;35;SÃO PAULO;SE;SUDESTE;9110855,42;30177;2241604,86;1764;9966354,56;22779;1900765,7;4287;2357;144;2306;146
1741;2022-09-01;4302584;BOZANO;43;RIO GRANDE DO SUL;SU;SUL;2657659,26;5379;1154400,46;489;3436236,09;3757;777729,56;616;569;39;469;35
3609;2022-09-01;4304408;CANELA;43;RIO GRANDE DO SUL;SU;SUL;95633009,09;347603;81470834,27;57531;107799434,17;267901;89602840,06;105880;23738;2879;23550;2653
1614;2022-09-01;2200277;ALEGRETE DO PIAUÍ;22;PIAUÍ;NE;NORDESTE;8883777,18;38007;602512,27;881;8116002,18;30027;612464,33;1816;1803;44;1867;46
2826;2022-09-01;2511707;PILÕEZINHOS;25;PARAÍBA;NE;NORDESTE;3217445,99;18041;339329,24;530;3402194,6;16345;191261,27;637;1259;29;1365;24
5470;2022-09-01;5219704;SANTA TEREZINHA DE GOIÁS;52;GOIÁS;CO;CENTRO-OESTE;24492982,22;62313;6414535,3;5914;23268568,58;48265;6141141,54;14679;3793;269;3994;257
3637;2022-09-01;4315602;RIO GRANDE;43;RIO GRANDE DO SUL;SU;SUL;334727940,94;1571109;344586891,48;137616;341219919,34;1269022;448226165,89;262762;102897;6214;100832;5929
5490;2022-09-01;4107504;ENGENHEIRO BELTRÃO;41;PARANÁ;SU;SUL;24414764,14;76264;14475637,85;8871;23505023,98;52965;13300701,9;17945;5572;472;5536;477
1977;2022-09-01;5106703;PONTE BRANCA;51;MATO GROSSO;CO;CENTRO-OESTE;3368612,13;12333;623928,51;602;3463365,79;9203;410075,26;1263;737;38;754;38
1978;2022-09-01;5201405;APARECIDA DE GOIÂNIA;52;GOIÁS;CO;CENTRO-OESTE;1435254075,19;6005086;1198187136,38;503235;1632950359,26;5444869;1195946819,23;1250909;288025;19293;302357;17994
1559;2022-09-01;2504207;CATINGUEIRA;25;PARAÍBA;NE;NORDESTE;4652091,01;23140;729500,8;540;5217861,88;18672;456363,66;1383;1410;34;1534;28
1984;2022-09-01;2605509;FERREIROS;26;PERNAMBUCO;NE;NORDESTE;11054894,12;57907;1319496,22;1788;11022304,78;49958;1262138,89;3781;3648;110;3759;101
5998;2022-09-01;4110052;IGUATU;41;PARANÁ;SU;SUL;2326779,57;9191;1171638,64;646;2033189,07;6583;1276257,88;1728;755;45;697;44
5320;2022-09-01;2207405;PALMEIRA DO PIAUÍ;22;PIAUÍ;NE;NORDESTE;5530175,87;29265;800348,1;996;5861775,25;22139;933241,87;2276;1858;52;1908;49
5149;2022-09-01;2302404;BOA VIAGEM;23;CEARÁ;NE;NORDESTE;54070932,26;281410;12963524,36;9038;53143953,58;243176;12035272,49;24719;16719;469;17176;435
2721;2022-09-01;2204550;GUARIBAS;22;PIAUÍ;NE;NORDESTE;5318556,54;22249;2892690,83;904;4387158,72;16768;3206859,59;1499;1244;56;1271;46
3302;2022-09-01;2913705;INHAMBUPE;29;BAHIA;NE;NORDESTE;36295444,85;194437;15617169,49;9982;37169482,51;162096;13061450,34;21681;11756;497;12516;479
2189;2022-09-01;2105658;JUNCO DO MARANHÃO;21;MARANHÃO;NE;NORDESTE;7113404,67;36918;1255444,92;720;6430799,65;31156;1168086,41;1929;1955;32;1994;29
5546;2022-09-01;3148806;PEDRA DO ANTA;31;MINAS GERAIS;SE;SUDESTE;2412445,19;11198;423555,69;447;2660064,55;9714;376055,01;710;889;44;917;42
5341;2022-09-01;4113007;JUSSARA;41;PARANÁ;SU;SUL;9652442,28;38437;24109398,39;4217;9916310,54;26662;3946184,49;5353;2934;177;2761;184
3337;2022-09-01;2608057;JATOBÁ;26;PERNAMBUCO;NE;NORDESTE;15720605,74;93250;4494370,14;1820;14656873,69;70741;3350839,13;5680;5142;96;5137;97
2146;2022-09-01;2702405;DELMIRO GOUVEIA;27;ALAGOAS;NE;NORDESTE;64346465,34;365776;16151781,66;15590;64790969,27;283038;15223299,58;41505;19994;757;21113;690
3728;2022-09-01;2926301;RIACHÃO DO JACUÍPE;29;BAHIA;NE;NORDESTE;54881787,47;258926;28689179,74;12973;58379583,23;211670;30280676,13;30185;12626;703;13227;673
3753;2022-09-01;1200054;ASSIS BRASIL;12;ACRE;NO;NORTE;6692542,11;27544;1860815,55;1114;7068781,42;22115;760908,91;1905;1839;68;1912;61
2133;2022-09-01;1705508;COLINAS DO TOCANTINS;17;TOCANTINS;NO;NORTE;97976114,32;333567;45705739,88;29834;102214579,49;269231;52429456,86;83939;16657;1065;17490;1038
2739;2022-09-01;3148509;PAVÃO;31;MINAS GERAIS;SE;SUDESTE;7765260,83;34988;2838050,15;1707;7685806,83;28570;2263698,31;3060;2480;112;2494;113
2069;2022-09-01;3144409;NATÉRCIA;31;MINAS GERAIS;SE;SUDESTE;5457229,73;14580;2042840,84;918;4828303,83;10575;5530354,58;1972;1417;93;1335;103
4989;2022-09-01;3509106;CAIUÁ;35;SÃO PAULO;SE;SUDESTE;4668744,87;20897;803953,24;1155;4730839,98;15110;560565,99;2123;1521;65;1510;60
2057;2022-09-01;3519055;HOLAMBRA;35;SÃO PAULO;SE;SUDESTE;53260580,73;117108;56264132,41;19386;54865197,64;84941;48689223,11;42012;8019;966;7826;935
3412;2022-09-01;3550803;SÃO SEBASTIÃO DA GRAMA;35;SÃO PAULO;SE;SUDESTE;12504784,24;39562;13755969,09;4028;13848943,7;30715;14766256,64;7436;3598;316;3621;323
2036;2022-09-01;2513943;SÃO DOMINGOS DO CARIRI;25;PARAÍBA;NE;NORDESTE;3067652,61;13903;89225,89;169;3254120,57;11573;120047,85;344;793;14;821;16
5139;2022-09-01;5202353;ARENÓPOLIS;52;GOIÁS;CO;CENTRO-OESTE;7189227,01;16609;2382209,49;1601;7684604,18;11402;2819845,99;3553;1222;70;1205;66
5388;2022-09-01;5214838;NOVA CRIXÁS;52;GOIÁS;CO;CENTRO-OESTE;29874689,17;74811;11664559,97;6708;26710635,95;63771;16509662,55;17194;4394;332;4642;316
2868;2022-09-01;2108009;PASTOS BONS;21;MARANHÃO;NE;NORDESTE;21960739,27;119414;9001510,37;3951;20431033,91;94140;8253645,12;14937;6079;179;6194;169
5532;2022-09-01;2410306;SERRA CAIADA;24;RIO GRANDE DO NORTE;NE;NORDESTE;8396579,9;48706;5912010,51;2758;8418100,71;41865;4976447,15;6292;2845;102;3010;88
2000;2022-09-01;2506103;FAGUNDES;25;PARAÍBA;NE;NORDESTE;8506372,39;52394;976657,34;946;8922207,41;45423;1178338,93;3457;3464;70;3741;69
4921;2022-09-01;2611309;POMBOS;26;PERNAMBUCO;NE;NORDESTE;32960702,15;144407;13841527,05;7804;36102611,63;125410;14881616,71;17066;8412;311;8771;267
2612;2022-09-01;3527256;LOURDES;35;SÃO PAULO;SE;SUDESTE;2889878,96;10501;291305,09;436;3600074,41;7292;200274,58;1571;834;39;833;36
5297;2022-09-01;4321600;TRAMANDAÍ;43;RIO GRANDE DO SUL;SU;SUL;99749164,35;448922;53834600,91;57155;112426029,01;379618;43449593,5;113623;25658;2455;25748;2240
4529;2022-09-01;1706001;COUTO MAGALHÃES;17;TOCANTINS;NO;NORTE;8491889,95;27480;17575125,25;2445;7582852,73;20947;15682195,02;5543;1675;98;1740;92
980;2022-09-01;1718402;PRESIDENTE KENNEDY;17;TOCANTINS;NO;NORTE;5456311,51;26986;1194651,94;1233;5488095,65;21474;4523921,58;3236;1391;52;1440;57
4053;2022-09-01;2703205;IGREJA NOVA;27;ALAGOAS;NE;NORDESTE;16221684,63;80817;1361704,46;1362;15362588,81;61203;1223698,77;2409;6063;96;6277;92
986;2022-09-01;4204194;CHAPADÃO DO LAGEADO;42;SANTA CATARINA;SU;SUL;3990963,32;8877;850727,81;827;3036103,9;5223;1252541,54;2178;865;67;763;71
20;2022-09-01;3110707;CAMBUQUIRA;31;MINAS GERAIS;SE;SUDESTE;15342698,33;66297;4095897,28;4501;16942681,55;52113;8974158,55;11383;4589;343;4754;358
4050;2022-09-01;2203420;DOMINGOS MOURÃO;22;PIAUÍ;NE;NORDESTE;3224123,8;18744;158311,83;282;3104710,46;14578;81553,05;489;1218;22;1290;18
1374;2022-09-01;3156809;SABINÓPOLIS;31;MINAS GERAIS;SE;SUDESTE;16420735,23;59947;4592458,44;3800;18729140,47;46092;4397921,99;8844;4768;244;5012;242
511;2022-09-01;2411205;SANTA CRUZ;24;RIO GRANDE DO NORTE;NE;NORDESTE;60352818,07;317684;15898304,25;16349;58995876,89;274459;15236651,9;47729;15993;684;16330;660
5710;2022-09-01;4100400;ALMIRANTE TAMANDARÉ;41;PARANÁ;SU;SUL;180586251,61;862536;134361883,75;79899;214635752,12;736903;134819170,75;129766;55893;3642;58012;3462
1381;2022-09-01;2918506;JUSSARA;29;BAHIA;NE;NORDESTE;13291591,09;66788;1746368,56;1788;13469038,11;55167;1534263,99;3997;4663;116;4749;93
4860;2022-09-01;2703700;JARAMATAIA;27;ALAGOAS;NE;NORDESTE;5244530,88;22457;1328511,73;551;5264771,45;17315;1101011,38;1141;1505;28;1577;29
174;2022-09-01;2907558;CATURAMA;29;BAHIA;NE;NORDESTE;4511358,54;20341;722586,88;504;4699448,74;14074;557764,47;763;1519;56;1535;46
4818;2022-09-01;2602803;BUÍQUE;26;PERNAMBUCO;NE;NORDESTE;31270229,56;153600;4807501,08;4201;33609731,81;128437;8780565,47;11919;10844;271;11491;255
169;2022-09-01;4306353;DEZESSEIS DE NOVEMBRO;43;RIO GRANDE DO SUL;SU;SUL;2252395,04;7570;1754534,85;403;2132593,13;4876;1628950,04;941;720;32;679;42
862;2022-09-01;1702901;AXIXÁ DO TOCANTINS;17;TOCANTINS;NO;NORTE;16219241,43;80321;2263759,12;2249;15808301,67;65560;4520412,78;7682;4390;121;4713;106
85;2022-09-01;5204706;CAMPINORTE;52;GOIÁS;CO;CENTRO-OESTE;31239201,56;89499;27863925,75;7115;30743016,54;67657;27255240,48;26890;5089;332;5201;356
570;2022-09-01;3165800;SENADOR JOSÉ BENTO;31;MINAS GERAIS;SE;SUDESTE;1665455,38;5605;280716,45;333;1894093,38;3978;254111,29;502;523;23;476;26
3929;2022-09-01;1501253;BANNACH;15;PARÁ;NO;NORTE;8194128,35;20747;1059324,36;645;6603632,4;15124;1593668,41;2702;1397;50;1320;48
4059;2022-09-01;3135001;JAGUARAÇU;31;MINAS GERAIS;SE;SUDESTE;4255414,6;18212;5012791,21;1116;4990017,17;14119;4901645,66;3309;1217;69;1246;59
4882;2022-09-01;2506004;ESPERANÇA;25;PARAÍBA;NE;NORDESTE;39106079,6;172587;22090703,48;12397;40625042,89;147335;21982777,05;24486;10467;715;11126;646
4275;2022-09-01;4123303;SANTA CRUZ DE MONTE CASTELO;41;PARANÁ;SU;SUL;15139085,56;42096;5933825,63;4272;15302709,84;30106;5946485,16;10488;3277;255;3183;254
5735;2022-09-01;2202075;CAJAZEIRAS DO PIAUÍ;22;PIAUÍ;NE;NORDESTE;1866757,46;14903;477181,34;376;1873001,69;11570;382026,65;739;838;22;950;21
927;2022-09-01;3534807;OURO VERDE;35;SÃO PAULO;SE;SUDESTE;8779405,14;38535;2827410,95;2732;9438366,67;28991;3411284,35;5479;2955;184;2954;168
3828;2022-09-01;2203503;ELESBÃO VELOSO;22;PIAUÍ;NE;NORDESTE;10450706,37;69751;2818857,15;1442;10399238,5;56619;1484852,61;4956;4337;99;4488;99
3899;2022-09-01;3553906;TARABAI;35;SÃO PAULO;SE;SUDESTE;9442171,62;41099;3253977,65;3168;10259585,13;30997;4154568,45;5311;2856;188;2872;168
4808;2022-09-01;3165701;SENADOR FIRMINO;31;MINAS GERAIS;SE;SUDESTE;7456223,26;28291;2411901,35;2385;8431683,52;21934;2542152,23;4517;2343;163;2249;166
636;2022-09-01;3139003;MACHADO;31;MINAS GERAIS;SE;SUDESTE;63490506,16;188229;161194955,04;19764;68423558,04;153146;182968373,09;30983;15009;1263;15329;1224
930;2022-09-01;3169406;TRÊS PONTAS;31;MINAS GERAIS;SE;SUDESTE;114858985,6;308426;184101076,27;28029;119960617,35;246343;189056399,05;54147;21719;1669;22318;1620
4086;2022-09-01;2612406;SANHARÓ;26;PERNAMBUCO;NE;NORDESTE;18151362,89;77846;3186084,09;2744;18448861,11;64741;2343655,09;7500;5056;174;5314;163
4624;2022-09-01;3165206;SÃO TOMÉ DAS LETRAS;31;MINAS GERAIS;SE;SUDESTE;7595834,47;32792;6038943,33;6275;9540510,8;31474;5312732,33;12932;2332;358;2483;332
5744;2022-09-01;2106904;MONÇÃO;21;MARANHÃO;NE;NORDESTE;17506690,75;126032;2440731,19;2172;15910940,32;96969;2313370,0;8861;7121;101;7059;100
5909;2022-09-01;2304269;DEPUTADO IRAPUAN PINHEIRO;23;CEARÁ;NE;NORDESTE;7282287,15;36067;2560824,94;1020;7363652,14;31541;1697159,45;3541;2479;68;2575;63
5904;2022-09-01;3301157;CARDOSO MOREIRA;33;RIO DE JANEIRO;SE;SUDESTE;13844802,85;70957;10284433,64;4326;14488450,8;57436;8652258,82;10728;4903;281;4851;279
876;2022-09-01;2307254;JIJOCA DE JERICOACOARA;23;CEARÁ;NE;NORDESTE;44683700,37;216562;30301100,44;31747;47700203,77;200142;27254606,11;102857;9165;1093;9208;1032
4307;2022-09-01;2300408;AIUABA;23;CEARÁ;NE;NORDESTE;12599872,4;75544;691617,06;1110;13175174,44;66479;725153,27;3075;4364;102;4461;96
4060;2022-09-01;2202778;COLÔNIA DO PIAUÍ;22;PIAUÍ;NE;NORDESTE;5248439,14;30880;533322,72;711;6066031,52;24207;621044,37;1342;1850;38;2113;35
1202;2022-09-01;4311734;MAMPITUBA;43;RIO GRANDE DO SUL;SU;SUL;3012070,59;9873;1231320,75;883;3267336,48;7334;565568,88;1647;854;43;792;40
4492;2022-09-01;2704104;LAGOA DA CANOA;27;ALAGOAS;NE;NORDESTE;16795412,15;76416;3776815,75;2695;16432335,93;58812;1808089,2;3398;5134;123;5224;104
4823;2022-09-01;2920601;MARAGOGIPE;29;BAHIA;NE;NORDESTE;38038210,8;268943;4269287,62;4935;39407483,83;230902;5651278,41;10297;12743;282;13454;272
1112;2022-09-01;3515806;FLORA RICA;35;SÃO PAULO;SE;SUDESTE;1789310,09;7751;102374,02;212;2145379,64;5594;155669,35;646;628;16;609;17
3990;2022-09-01;3114907;CASA GRANDE;31;MINAS GERAIS;SE;SUDESTE;2923951,89;6415;363575,94;306;2848338,62;4474;679818,94;889;687;31;639;29
3944;2022-09-01;5212501;LUZIÂNIA;52;GOIÁS;CO;CENTRO-OESTE;409825813,42;1939452;305939646,79;135192;459412941,98;1677507;249841461,89;303460;98560;5454;104087;5147
733;2022-09-01;3520608;INDIANA;35;SÃO PAULO;SE;SUDESTE;8341769,68;28503;3290289,8;2690;9148620,93;22942;3802194,01;4757;2154;158;2126;161
3945;2022-09-01;2112233;TRIZIDELA DO VALE;21;MARANHÃO;NE;NORDESTE;24901868,29;144549;15310753,91;7682;25377655,62;120957;8564047,86;16403;7205;289;7460;268
1087;2022-09-01;3104700;ATALÉIA;31;MINAS GERAIS;SE;SUDESTE;13583152,49;57659;2426854,26;2273;14826995,08;45201;1727748,49;5441;4046;153;4037;159
208;2022-09-01;3133204;ITANHOMI;31;MINAS GERAIS;SE;SUDESTE;15422397,99;47269;2494991,35;2286;20884861,3;37442;3214444,09;6368;3874;200;4050;209
4542;2022-09-01;3524204;JABORANDI;35;SÃO PAULO;SE;SUDESTE;10694530,41;32596;3015733,1;2124;14644661,78;23003;2614645,29;3510;2607;160;2481;147
5693;2022-09-01;3135308;JAPARAÍBA;31;MINAS GERAIS;SE;SUDESTE;7214128,38;17919;1198555,48;1235;7738033,24;13721;1335221,29;4013;1435;117;1353;121
38;2022-09-01;4306502;DOM FELICIANO;43;RIO GRANDE DO SUL;SU;SUL;8753470,9;36470;2772770,35;2378;7844340,96;23748;2469756,23;6575;3403;185;3059;191
5953;2022-09-01;1200138;BUJARI;12;ACRE;NO;NORTE;10932158,89;57145;5191466,57;3065;10649598,33;44494;4350651,65;5794;3299;107;3427;96
451;2022-09-01;3202603;ICONHA;32;ESPÍRITO SANTO;SE;SUDESTE;18653439,6;69458;20081632,35;8000;19543916,47;54238;15863069,85;18025;5006;500;4785;476
206;2022-09-01;3123528;DURANDÉ;31;MINAS GERAIS;SE;SUDESTE;7499479,2;26167;2102982,2;1327;6168590,57;17838;942500,86;3020;2283;123;2106;104
249;2022-09-01;3103108;ANTÔNIO PRADO DE MINAS;31;MINAS GERAIS;SE;SUDESTE;2024177,62;7383;133411,29;211;2068620,47;6453;105910,72;369;518;23;502;19
5571;2022-09-01;3503307;ARARAS;35;SÃO PAULO;SE;SUDESTE;251202071,07;864264;197780945,03;102660;269818868,98;706545;194863617,16;277597;64197;5474;62865;5117
1032;2022-09-01;2205151;JACOBINA DO PIAUÍ;22;PIAUÍ;NE;NORDESTE;3981554,68;20001;1710884,62;1276;4033598,63;15501;1407417,72;2736;1188;57;1241;53
1133;2022-09-01;4219150;VARGEM;42;SANTA CATARINA;SU;SUL;2801290,53;7935;716996,19;555;2737532,41;5499;683070,98;1010;786;43;762;49
4133;2022-09-01;1503457;IPIXUNA DO PARÁ;15;PARÁ;NO;NORTE;27484354,73;155774;12864668,01;7466;28268216,83;127379;12147801,12;19673;8027;287;8015;274
5697;2022-09-01;5103502;DIAMANTINO;51;MATO GROSSO;CO;CENTRO-OESTE;84598820,03;193599;55125193,08;21953;79755455,3;139039;55898483,62;48125;11734;1052;11380;975
854;2022-09-01;3518107;GUARANTÃ;35;SÃO PAULO;SE;SUDESTE;7320598,41;37208;1378230,09;2045;7409712,25;27995;2719282,08;4907;2787;141;2716;148
402;2022-09-01;4215307;SALETE;42;SANTA CATARINA;SU;SUL;10370932,89;33500;42822690,4;6635;10119899,94;19695;40397544,02;11401;3015;442;2761;442
155;2022-09-01;4107108;DIAMANTE DO NORTE;41;PARANÁ;SU;SUL;7839636,6;30054;5480966,18;2152;8771860,77;21467;7955843,5;6463;2285;126;2244;123
5934;2022-10-01;3114907;CASA GRANDE;31;MINAS GERAIS;SE;SUDESTE;2415209,3;6586;466703,62;336;2305859,0;4747;662053,91;1015;685;33;667;27
52;2022-10-01;5204706;CAMPINORTE;52;GOIÁS;CO;CENTRO-OESTE;32202806,58;93591;26287643,45;8208;31992912,59;69744;25253162,68;27894;5222;340;5316;357
220;2022-10-01;2907558;CATURAMA;29;BAHIA;NE;NORDESTE;4874643,49;22373;556770,48;455;4881307,24;15179;491506,9;774;1572;57;1594;51
5174;2022-10-01;2913705;INHAMBUPE;29;BAHIA;NE;NORDESTE;42827580,64;216928;17721911,6;10822;44685441,5;177540;16779462,63;24798;12163;500;12932;475
2936;2022-10-01;3542503;REGINÓPOLIS;35;SÃO PAULO;SE;SUDESTE;9084307,09;44342;3283951,16;3213;9024309,63;32630;2713586,33;5619;2767;171;2714;180
5967;2022-10-01;4309704;HUMAITÁ;43;RIO GRANDE DO SUL;SU;SUL;5767809,97;17525;3263206,15;1255;4318849,82;11244;3627755,51;4276;1665;124;1468;160
4800;2022-10-01;3536257;PARISI;35;SÃO PAULO;SE;SUDESTE;3872365,82;12102;987750,57;982;3893521,81;10112;724037,41;2125;936;66;941;62
4877;2022-10-01;2611309;POMBOS;26;PERNAMBUCO;NE;NORDESTE;33186528,72;151928;13714675,04;7823;36446021,76;132593;14128343,87;18480;8557;302;8962;274
3035;2022-10-01;4114401;MANGUEIRINHA;41;PARANÁ;SU;SUL;28335733,3;79488;17729166,98;9469;25234929,38;53411;15710265,36;19186;6532;545;6457;555
5751;2022-10-01;2926806;RIO DO ANTÔNIO;29;BAHIA;NE;NORDESTE;11966752,55;63564;2074961,9;1622;11744395,17;35242;2435452,27;3755;3425;104;3343;104
2674;2022-10-01;2200277;ALEGRETE DO PIAUÍ;22;PIAUÍ;NE;NORDESTE;9635461,37;40611;484130,44;844;9061146,15;31241;691251,91;2069;1843;39;1884;45
3435;2022-10-01;2106904;MONÇÃO;21;MARANHÃO;NE;NORDESTE;18571870,41;139489;3033987,72;2694;16623351,2;105210;2778920,61;9655;7478;103;7423;103
1599;2022-10-01;2915908;ITANAGRA;29;BAHIA;NE;NORDESTE;7960822,35;57080;1429198,55;1663;8083895,7;42321;1219162,25;4489;2631;95;2724;83
858;2022-10-01;4215307;SALETE;42;SANTA CATARINA;SU;SUL;9892950,17;34536;36460483,19;6800;9170114,45;20171;31951322,43;11525;3096;441;2798;437
1241;2022-10-01;4311791;MARATÁ;43;RIO GRANDE DO SUL;SU;SUL;2427350,23;7905;2147581,37;936;2616149,61;5404;2016271,69;2417;800;80;677;88
1593;2022-10-01;3169406;TRÊS PONTAS;31;MINAS GERAIS;SE;SUDESTE;109155355,52;323361;162967677,73;29240;106362288,01;257043;165756278,74;59434;22261;1706;22729;1680
2830;2022-10-01;2513943;SÃO DOMINGOS DO CARIRI;25;PARAÍBA;NE;NORDESTE;3088412,15;14963;75244,46;191;3399724,57;12337;86615,29;336;840;13;852;17
5391;2022-10-01;4110052;IGUATU;41;PARANÁ;SU;SUL;1951426,36;9542;1547246,72;645;1969191,99;6378;1294119,11;1732;768;44;712;43
874;2022-10-01;2918506;JUSSARA;29;BAHIA;NE;NORDESTE;14413000,46;75893;1998155,91;1778;14206561,45;61260;2037853,17;4626;4810;109;4900;97
853;2022-10-01;5201405;APARECIDA DE GOIÂNIA;52;GOIÁS;CO;CENTRO-OESTE;1478807691,0;6301691;1291601839,71;562154;1679557068,0;5570019;1324747070,93;1309789;292399;19652;306569;18219
1605;2022-10-01;1702901;AXIXÁ DO TOCANTINS;17;TOCANTINS;NO;NORTE;16952878,51;85066;2157180,7;2216;16530804,92;66673;3573243,48;8131;4561;113;4828;105
4146;2022-10-01;2302404;BOA VIAGEM;23;CEARÁ;NE;NORDESTE;58195329,59;307828;10929388,0;8874;56839247,23;262660;11100173,71;26297;17317;457;17698;432
3434;2022-10-01;2204550;GUARIBAS;22;PIAUÍ;NE;NORDESTE;5767101,41;23838;2342585,96;782;4742758,91;17714;2841922,04;1533;1291;56;1318;46
1285;2022-10-01;2411205;SANTA CRUZ;24;RIO GRANDE DO NORTE;NE;NORDESTE;63621247,78;339744;15879677,61;17027;62977661,46;290395;15120409,4;49978;16401;675;16700;672
5204;2022-10-01;4100400;ALMIRANTE TAMANDARÉ;41;PARANÁ;SU;SUL;185757064,13;940320;131411590,28;83492;215322847,49;785906;125787874,57;140699;57063;3650;59089;3503
1288;2022-10-01;2400604;ALMINO AFONSO;24;RIO GRANDE DO NORTE;NE;NORDESTE;7245943,93;39563;1118133,53;854;6362373,72;35639;1174368,36;2802;1981;51;1849;47
5760;2022-10-01;1400407;NORMANDIA;14;RORAIMA;NO;NORTE;5895804,81;36779;3364423,96;1833;4796437,24;25768;2406199,81;4852;1831;45;1782;46
869;2022-10-01;4106001;CONGONHINHAS;41;PARANÁ;SU;SUL;10158649,87;36076;2655305,79;2915;9975981,79;26475;2460840,79;6244;2866;170;2879;163
2481;2022-10-01;2414001;TANGARÁ;24;RIO GRANDE DO NORTE;NE;NORDESTE;21353783,11;127338;3047018,71;3171;20912729,32;114056;4010794,26;13886;5986;185;6160;167
2480;2022-10-01;2702405;DELMIRO GOUVEIA;27;ALAGOAS;NE;NORDESTE;68499041,59;393344;20152398,68;16234;67428112,58;303022;15745460,94;45873;20575;772;21587;707
153;2022-10-01;4306502;DOM FELICIANO;43;RIO GRANDE DO SUL;SU;SUL;9071820,74;39602;2431373,99;2450;7375379,68;25611;2733500,72;7140;3495;190;3181;198
4611;2022-10-01;1508159;URUARÁ;15;PARÁ;NO;NORTE;73069387,75;278687;27968996,07;19287;70953329,85;206818;27346803,68;61107;14931;563;15015;550
4025;2022-10-01;2207405;PALMEIRA DO PIAUÍ;22;PIAUÍ;NE;NORDESTE;5760285,53;31515;1009222,83;907;6042236,0;23242;973994,27;2537;1933;55;1941;54
1070;2022-10-01;2205151;JACOBINA DO PIAUÍ;22;PIAUÍ;NE;NORDESTE;4010144,06;22127;1596511,71;1230;4095972,2;17324;1208364,38;3094;1226;57;1262;57
3938;2022-10-01;2615904;TUPARETAMA;26;PERNAMBUCO;NE;NORDESTE;11233285,38;55164;2150522,27;1469;10964353,98;43740;2123228,97;4728;3222;95;3258;85
3569;2022-10-01;2203420;DOMINGOS MOURÃO;22;PIAUÍ;NE;NORDESTE;3920077,28;21419;94325,62;261;4026675,36;16046;155350,13;613;1232;18;1311;19
5444;2022-10-01;2703700;JARAMATAIA;27;ALAGOAS;NE;NORDESTE;5493893,85;23948;1086436,2;560;5322943,13;18067;776149,28;1089;1560;30;1658;28
5683;2022-10-01;4211504;NOVA TRENTO;42;SANTA CATARINA;SU;SUL;19871643,95;58909;43718983,44;10123;21262892,14;42414;35324426,25;15996;5211;770;4929;762
4945;2022-10-01;3517604;GUAPIARA;35;SÃO PAULO;SE;SUDESTE;19487568,19;91618;7242476,22;4718;18812444,12;67513;7241096,0;9002;6613;254;6551;260
1107;2022-10-01;3515194;ESPÍRITO SANTO DO TURVO;35;SÃO PAULO;SE;SUDESTE;5239385,5;23653;2177597,71;1797;5908888,22;17636;1345895,91;3114;1874;100;1898;89
1774;2022-10-01;1718402;PRESIDENTE KENNEDY;17;TOCANTINS;NO;NORTE;5781951,22;29015;1067071,8;1175;5567430,99;22466;4401408,77;3418;1415;54;1463;54
130;2022-10-01;4107108;DIAMANTE DO NORTE;41;PARANÁ;SU;SUL;7805127,05;31982;7212458,51;2198;8004663,43;22991;8789300,16;6884;2344;128;2298;132
1753;2022-10-01;4317251;SANTA TEREZA;43;RIO GRANDE DO SUL;SU;SUL;898433,28;3439;189999,68;126;1069971,22;2415;222012,02;534;403;28;378;34
3976;2022-10-01;2801306;CAPELA;28;SERGIPE;NE;NORDESTE;31177962,68;185625;20424988,43;4845;30723713,95;145057;22193340,24;16720;10372;271;10914;260
1740;2022-10-01;5212501;LUZIÂNIA;52;GOIÁS;CO;CENTRO-OESTE;430042419,72;2073609;277859181,71;137734;492157205,91;1766196;240295328,68;322565;100607;5556;105714;5262
1143;2022-10-01;4311734;MAMPITUBA;43;RIO GRANDE DO SUL;SU;SUL;3094041,7;10647;1380256,54;947;2940914,22;7906;672794,49;1714;869;43;838;40
2769;2022-10-01;1200054;ASSIS BRASIL;12;ACRE;NO;NORTE;6665144,64;29850;1227658,99;1149;7020475,88;22821;834816,41;2002;1945;74;1988;66
4570;2022-10-01;2304269;DEPUTADO IRAPUAN PINHEIRO;23;CEARÁ;NE;NORDESTE;7851063,05;41165;2422066,86;1161;8158555,97;34834;1585133,82;3771;2557;73;2715;66
1841;2022-10-01;2111078;SÃO JOÃO DO SOTER;21;MARANHÃO;NE;NORDESTE;12637083,17;82126;829114,7;934;11756922,48;60978;877011,12;2137;4244;61;4349;66
1027;2022-10-01;4204194;CHAPADÃO DO LAGEADO;42;SANTA CATARINA;SU;SUL;3763288,36;9366;755401,2;819;2505727,61;5580;1078333,4;2543;876;70;772;68
3003;2022-10-01;4304408;CANELA;43;RIO GRANDE DO SUL;SU;SUL;96458694,89;374821;81626219,3;60329;108685838,07;284161;92816070,04;113886;24235;2912;24117;2701
4087;2022-10-01;1503457;IPIXUNA DO PARÁ;15;PARÁ;NO;NORTE;29217718,77;168838;13291825,0;7796;30041619,06;135670;9048423,07;20790;8405;298;8345;302
940;2022-10-01;2506103;FAGUNDES;25;PARAÍBA;NE;NORDESTE;9249934,41;56564;1088318,92;1070;9764097,45;48589;1120886,71;3758;3577;73;3888;70
953;2022-10-01;3520608;INDIANA;35;SÃO PAULO;SE;SUDESTE;8874722,89;31493;3143087,09;2640;9488474,36;25179;3537870,21;4874;2201;155;2165;154
958;2022-10-01;3165800;SENADOR JOSÉ BENTO;31;MINAS GERAIS;SE;SUDESTE;1716204,75;5858;223113,44;317;1763689,53;4069;250985,53;541;522;24;493;25
1638;2022-10-01;5106182;NOVA LACERDA;51;MATO GROSSO;CO;CENTRO-OESTE;12315007,36;34152;6669520,76;2487;12390626,13;24536;6989572,58;6509;2513;148;2402;138
1922;2022-10-01;3139003;MACHADO;31;MINAS GERAIS;SE;SUDESTE;67147425,69;203555;121834836,33;20585;68295375,59;162243;129579817,56;32814;15482;1296;15693;1223
5723;2022-10-01;2409407;PAU DOS FERROS;24;RIO GRANDE DO NORTE;NE;NORDESTE;54741906,45;256191;22703984,22;14577;51831751,28;220476;27774159,58;59894;13386;746;13434;737
5719;2022-10-01;2607752;ITAPISSUMA;26;PERNAMBUCO;NE;NORDESTE;33051923,59;254288;108997203,3;7052;33507718,71;227075;46608635,48;17319;10460;242;10779;229
5502;2022-10-01;2410306;SERRA CAIADA;24;RIO GRANDE DO NORTE;NE;NORDESTE;9014305,19;52578;5390526,53;2721;9036594,65;44797;4525946,2;6661;2954;100;3090;89
4919;2022-10-01;3104106;ARCEBURGO;31;MINAS GERAIS;SE;SUDESTE;9135915,74;41437;13821352,6;4050;9331261,64;30149;9712809,16;10672;3309;252;3223;253
1904;2022-10-01;4200705;ALFREDO WAGNER;42;SANTA CATARINA;SU;SUL;11976762,97;33359;5470476,59;5145;11911561,24;23704;6613058,27;12242;3241;383;3027;382
3496;2022-10-01;3136306;JOÃO PINHEIRO;31;MINAS GERAIS;SE;SUDESTE;97035839,05;353227;132289221,35;30468;102138226,76;270345;120605290,32;74520;21686;1659;22423;1616
1214;2022-10-01;2108009;PASTOS BONS;21;MARANHÃO;NE;NORDESTE;22261903,39;131479;10494022,85;3830;20968664,71;102176;9835508,93;16055;6341;185;6397;177
5939;2022-10-01;5205059;CASTELÂNDIA;52;GOIÁS;CO;CENTRO-OESTE;5692549,91;21220;2510613,93;1205;5642580,18;16286;2177694,01;2466;1452;62;1424;59
1016;2022-10-01;3110707;CAMBUQUIRA;31;MINAS GERAIS;SE;SUDESTE;15501742,62;70478;5817125,78;4494;16826890,6;55051;10395912,01;11974;4734;335;4905;355
1022;2022-10-01;1600303;MACAPÁ;16;AMAPÁ;NO;NORTE;1136320958,88;7090314;468999089,15;388594;1132831363,83;6063941;455364580,5;870574;273334;10652;273601;10131
2710;2022-10-01;3534807;OURO VERDE;35;SÃO PAULO;SE;SUDESTE;9542341,98;41829;2712785,47;2735;10120149,74;31047;3032850,5;6388;3042;183;3026;177
1204;2022-10-01;1702703;AURORA DO TOCANTINS;17;TOCANTINS;NO;NORTE;3474642,06;16686;628113,12;700;3670126,35;12738;596843,93;1688;1012;43;1052;35
1648;2022-10-01;3540606;PORTO FELIZ;35;SÃO PAULO;SE;SUDESTE;100829128,0;399940;90644596,15;45198;115165033,58;311198;91183842,67;92817;26242;2114;26173;2022
3655;2022-10-01;2931053;TANQUE NOVO;29;BAHIA;NE;NORDESTE;14305395,92;66788;5677160,9;3564;14284145,42;43745;7376447,31;8593;4233;262;4112;223
4539;2022-10-01;3503307;ARARAS;35;SÃO PAULO;SE;SUDESTE;259723552,5;920007;209199891,26;107369;274150316,96;742209;202709912,31;293071;65364;5544;64081;5204
5823;2022-10-01;3135001;JAGUARAÇU;31;MINAS GERAIS;SE;SUDESTE;4011888,26;19172;8425955,73;1366;4220786,26;14999;8172408,25;3702;1257;75;1278;66
507;2022-10-01;3123528;DURANDÉ;31;MINAS GERAIS;SE;SUDESTE;7413875,17;27396;1865263,2;1443;6651521,7;18824;989953,43;3309;2328;123;2160;106
5240;2022-10-01;2311900;SABOEIRO;23;CEARÁ;NE;NORDESTE;17900854,04;86072;1510274,53;1385;17879499,91;76481;1339010,95;4177;4721;75;4858;73
3102;2022-10-01;1506112;QUATIPURU;15;PARÁ;NO;NORTE;10091047,34;72222;1635936,05;2054;9518865,4;57765;1366707,0;4918;3865;79;3982;70
4887;2022-10-01;4120309;PORTO VITÓRIA;41;PARANÁ;SU;SUL;2618218,99;11647;1550374,31;1339;3375124,83;9346;2189649,68;2213;1201;95;1186;87
524;2022-10-01;3518107;GUARANTÃ;35;SÃO PAULO;SE;SUDESTE;7507132,05;42171;1595710,2;2317;7794784,34;31680;2412677,57;5747;2877;135;2777;147
3749;2022-10-01;3165206;SÃO TOMÉ DAS LETRAS;31;MINAS GERAIS;SE;SUDESTE;7533566,73;34289;5827702,85;6549;8810336,51;33228;5559611,94;14358;2423;362;2535;321
5900;2022-10-01;5202353;ARENÓPOLIS;52;GOIÁS;CO;CENTRO-OESTE;11087034,06;17867;1888590,92;1231;9649443,34;12315;2259202,5;3600;1230;71;1241;67
2311;2022-10-01;2701100;BRANQUINHA;27;ALAGOAS;NE;NORDESTE;7476966,44;50621;472969,47;732;7304994,24;37828;505649,14;1012;3087;40;3274;38
2551;2022-10-01;2102200;BURITI;21;MARANHÃO;NE;NORDESTE;18424241,78;113775;2859472,22;2220;17427229,74;89227;1698165,45;6637;7372;102;7084;107
5895;2022-10-01;3509106;CAIUÁ;35;SÃO PAULO;SE;SUDESTE;4918497,33;23076;901027,71;1298;4575146,31;16402;746405,05;2482;1556;60;1553;58
3851;2022-10-01;2203503;ELESBÃO VELOSO;22;PIAUÍ;NE;NORDESTE;10668227,73;74062;4295335,11;1411;10792381,75;58146;2173036,76;5549;4440;97;4583;100
610;2022-10-01;3515806;FLORA RICA;35;SÃO PAULO;SE;SUDESTE;2009001,55;8596;145929,68;195;1765709,78;5668;197890,24;776;644;16;628;17
5314;2022-10-01;5220702;SÍTIO D'ABADIA;52;GOIÁS;CO;CENTRO-OESTE;3626105,14;15446;939791,51;375;3255339,64;11154;420646,91;1171;948;29;941;27
4286;2022-10-01;1705508;COLINAS DO TOCANTINS;17;TOCANTINS;NO;NORTE;98905777,87;350453;52528370,08;30162;103066403,93;278393;54161132,8;87262;16995;1090;17661;1086
620;2022-10-01;3156809;SABINÓPOLIS;31;MINAS GERAIS;SE;SUDESTE;20236648,72;65009;4176688,84;3690;18412497,98;48937;4885244,7;9631;4943;261;5127;246
5911;2022-10-01;2112233;TRIZIDELA DO VALE;21;MARANHÃO;NE;NORDESTE;26721829,26;153540;14012772,51;8078;26760193,4;127191;8394650,16;17413;7409;285;7683;275
2262;2022-10-01;3144409;NATÉRCIA;31;MINAS GERAIS;SE;SUDESTE;5487313,29;15400;1713375,2;1044;4608357,15;11148;3928947,23;2602;1439;94;1377;105
3285;2022-10-01;2926301;RIACHÃO DO JACUÍPE;29;BAHIA;NE;NORDESTE;56834440,45;284388;26341241,8;13334;60141048,21;230483;27849066,72;33401;12977;719;13551;694
5324;2022-10-01;2202075;CAJAZEIRAS DO PIAUÍ;22;PIAUÍ;NE;NORDESTE;2044380,69;15874;394022,6;362;1961188,99;12020;260175,3;774;873;17;980;21
5325;2022-10-01;2803203;ITAPORANGA D'AJUDA;28;SERGIPE;NE;NORDESTE;34472308,04;244245;35462790,72;9270;35651036,58;192293;44234032,92;25689;12218;379;12943;354
4291;2022-10-01;5002001;BATAYPORÃ;50;MATO GROSSO DO SUL;CO;CENTRO-OESTE;15104434,58;67099;17889626,56;5815;14854736,63;46182;35312518,16;13784;4692;325;4657;315
4352;2022-10-01;4321857;TRÊS PALMEIRAS;43;RIO GRANDE DO SUL;SU;SUL;4287939,6;14063;2428922,96;1719;3884971,47;9365;2202007,9;3385;1450;146;1298;132
5288;2022-10-01;4127304;TERRA RICA;41;PARANÁ;SU;SUL;28647812,52;81973;7134924,13;6939;30374356,08;60153;6950646,29;16459;6076;414;6161;423
5049;2022-10-01;5214838;NOVA CRIXÁS;52;GOIÁS;CO;CENTRO-OESTE;31317022,18;78446;10787956,28;7130;27126727,85;67183;11564983,56;18307;4498;352;4730;330
1434;2022-10-01;5106703;PONTE BRANCA;51;MATO GROSSO;CO;CENTRO-OESTE;3931165,38;13476;1143421,03;731;3721919,05;9886;732461,07;1424;752;38;749;43
5574;2022-10-01;2604809;CORTÊS;26;PERNAMBUCO;NE;NORDESTE;13539195,58;79942;6798067,25;1479;13730522,64;63929;7429744,94;3760;4448;81;4805;79
2465;2022-10-01;3553906;TARABAI;35;SÃO PAULO;SE;SUDESTE;9256062,6;44872;3986649,1;3435;10472072,12;33415;3822731,91;6118;2918;180;2914;168
412;2022-10-01;1718303;PRAIA NORTE;17;TOCANTINS;NO;NORTE;8534499,28;56080;515414,91;475;8724790,35;45247;728213,88;1780;2820;46;2979;42
1443;2022-10-01;2307254;JIJOCA DE JERICOACOARA;23;CEARÁ;NE;NORDESTE;44269016,0;223514;25016696,7;31778;48924873,05;201557;25807110,84;108635;9305;1104;9382;1018
2490;2022-10-01;2605509;FERREIROS;26;PERNAMBUCO;NE;NORDESTE;11912840,46;63431;1329141,59;1767;11535208,52;54892;1157882,16;4171;3742;107;3834;100
5254;2022-10-01;2506004;ESPERANÇA;25;PARAÍBA;NE;NORDESTE;41091485,73;186723;23609527,09;12794;43147919,53;157154;21329677,1;26789;10740;726;11357;647
4449;2022-10-01;1504752;MOJUÍ DOS CAMPOS;15;PARÁ;NO;NORTE;8938529,66;24778;8044613,99;5293;7012497,84;17453;7176011,49;15700;1199;215;1152;217
2500;2022-10-01;2511707;PILÕEZINHOS;25;PARAÍBA;NE;NORDESTE;3450070,51;19597;445977,04;703;3524896,19;17563;235156,01;683;1330;28;1419;24
1454;2022-10-01;2910750;FÁTIMA;29;BAHIA;NE;NORDESTE;20029474,74;85705;4801512,14;2662;20530195,57;70047;3900268,14;6867;5115;151;5379;153
3164;2022-10-01;3170909;VARZELÂNDIA;31;MINAS GERAIS;SE;SUDESTE;21386443,48;115971;3801479,3;4134;20682293,77;90037;3823164,57;15737;6972;225;6758;225
2505;2022-10-01;4219150;VARGEM;42;SANTA CATARINA;SU;SUL;2252702,36;8246;612542,46;584;2229816,37;5395;673604,68;1142;813;42;777;48
366;2022-10-01;3202603;ICONHA;32;ESPÍRITO SANTO;SE;SUDESTE;19149521,32;75640;20501827,74;8330;19944011,04;57601;18996449,15;18988;5129;504;4916;483
365;2022-10-01;2205540;LAGOINHA DO PIAUÍ;22;PIAUÍ;NE;NORDESTE;2625245,51;12675;1719219,62;235;2275370,05;10165;781110,9;913;752;15;815;13
3764;2022-10-01;2703205;IGREJA NOVA;27;ALAGOAS;NE;NORDESTE;16833270,03;89640;1181443,93;1334;15867374,21;66842;923714,35;2612;6340;93;6517;80
2889;2022-10-01;5207600;FAZENDA NOVA;52;GOIÁS;CO;CENTRO-OESTE;9255859,03;32070;3725155,44;1735;9729436,82;25059;2771383,31;4323;2096;117;2051;123
463;2022-10-01;3133204;ITANHOMI;31;MINAS GERAIS;SE;SUDESTE;15862476,91;48550;2400672,01;2123;21131496,38;38820;2922254,59;6401;3987;192;4147;210
5278;2022-10-01;3527256;LOURDES;35;SÃO PAULO;SE;SUDESTE;3440194,47;11803;271364,09;525;3734344,86;7988;264879,12;1876;849;39;850;38
4716;2022-10-01;3550803;SÃO SEBASTIÃO DA GRAMA;35;SÃO PAULO;SE;SUDESTE;12277257,42;43714;12188820,31;4457;13288673,07;32676;13878041,77;8207;3737;322;3757;339
4457;2022-10-01;3549102;SÃO JOÃO DA BOA VISTA;35;SÃO PAULO;SE;SUDESTE;198735967,32;595475;161236654,0;70274;229518094,07;485324;166232895,92;135700;42933;4089;42237;4029
1471;2022-10-01;3519055;HOLAMBRA;35;SÃO PAULO;SE;SUDESTE;54602984,3;122865;68487689,08;19014;54223030,25;87158;54731424,45;39831;8202;995;7988;951
5539;2022-10-01;2202778;COLÔNIA DO PIAUÍ;22;PIAUÍ;NE;NORDESTE;5561578,56;33793;835980,2;663;6519258,44;25737;259252,48;1258;1920;34;2187;38
4257;2022-10-01;4123303;SANTA CRUZ DE MONTE CASTELO;41;PARANÁ;SU;SUL;15270998,96;45278;6873277,79;4656;14685180,45;33038;6009896,14;11384;3342;257;3261;258
5665;2022-10-01;2103901;DUQUE BACELAR;21;MARANHÃO;NE;NORDESTE;7640957,96;52575;1172292,74;1157;6798057,81;39515;1268541,64;3008;2982;57;2989;48
680;2022-10-01;2504207;CATINGUEIRA;25;PARAÍBA;NE;NORDESTE;5010700,82;25510;841686,11;609;5438817,11;20239;430314,67;1692;1434;32;1553;32
3373;2022-10-01;3524204;JABORANDI;35;SÃO PAULO;SE;SUDESTE;10398752,23;35546;2353342,79;2349;14722128,16;25603;1856634,23;4029;2702;170;2571;150
2922;2022-10-01;3148509;PAVÃO;31;MINAS GERAIS;SE;SUDESTE;8354935,87;39571;2980411,07;1773;8583888,95;30600;1988915,59;3301;2600;110;2639;118
4521;2022-10-01;4110409;INDIANÓPOLIS;41;PARANÁ;SU;SUL;5847075,14;23299;4795665,1;1838;6381244,65;16885;4673039,68;4124;1894;100;1799;108
3707;2022-10-01;3165701;SENADOR FIRMINO;31;MINAS GERAIS;SE;SUDESTE;8071328,4;29924;2469975,02;2472;8265340,47;23299;2687673,08;4899;2408;165;2347;178
2618;2022-10-01;4302584;BOZANO;43;RIO GRANDE DO SUL;SU;SUL;2962820,13;5567;1050950,55;455;4748272,11;3708;960796,86;614;571;36;476;37
2604;2022-10-01;2608057;JATOBÁ;26;PERNAMBUCO;NE;NORDESTE;15918466,24;101355;4190273,81;1794;14925722,3;74692;3072572,93;5824;5252;98;5220;101
5081;2022-10-01;4315602;RIO GRANDE;43;RIO GRANDE DO SUL;SU;SUL;351238317,36;1699800;369455524,01;146681;353916710,18;1352433;461345078,64;288062;104872;6306;102473;6081
262;2022-10-01;4306353;DEZESSEIS DE NOVEMBRO;43;RIO GRANDE DO SUL;SU;SUL;2167820,22;8231;1680322,39;386;2023244,9;5357;1367786,03;938;742;30;690;40
2191;2022-10-01;3104700;ATALÉIA;31;MINAS GERAIS;SE;SUDESTE;14537640,22;62732;3188307,15;2248;15484009,82;48370;2525383,87;6125;4125;156;4180;164
5158;2022-10-01;3501806;AMÉRICO DE CAMPOS;35;SÃO PAULO;SE;SUDESTE;8814868,2;31636;2063422,17;1896;9588753,55;24236;1884871,15;5001;2413;145;2331;143
4247;2022-10-01;2300408;AIUABA;23;CEARÁ;NE;NORDESTE;13843091,49;83923;667918,3;1399;13725935,1;71754;641037,57;3351;4533;107;4606;103
265;2022-10-01;3103108;ANTÔNIO PRADO DE MINAS;31;MINAS GERAIS;SE;SUDESTE;1765200,21;7981;143669,6;237;1807084,61;6982;93108,38;433;540;22;531;22
246;2022-10-01;1501253;BANNACH;15;PARÁ;NO;NORTE;6673909,93;21724;964376,15;726;6372821,18;15680;2019059,46;2995;1438;50;1340;49
3307;2022-10-01;2105658;JUNCO DO MARANHÃO;21;MARANHÃO;NE;NORDESTE;6985642,4;39316;1285025,46;802;6861492,6;33910;1250470,78;2039;2008;28;2023;29
641;2022-11-01;4219150;VARGEM;42;SANTA CATARINA;SU;SUL;2548134,95;8407;737834,6;586;3047270,06;5652;628986,14;1100;817;53;793;50
812;2022-11-01;2411205;SANTA CRUZ;24;RIO GRANDE DO NORTE;NE;NORDESTE;66349456,58;356376;17106585,78;18041;63927564,83;300290;15596370,38;52186;16829;710;16952;685
3160;2022-11-01;5207600;FAZENDA NOVA;52;GOIÁS;CO;CENTRO-OESTE;10043772,06;33690;4392772,91;1641;11039031,52;25413;2766398,69;4062;2106;117;2088;125
5437;2022-11-01;4211504;NOVA TRENTO;42;SANTA CATARINA;SU;SUL;20776148,06;61655;38739701,71;11273;22440773,48;42753;36349368,76;17147;5280;801;4964;777
5770;2022-11-01;5103502;DIAMANTINO;51;MATO GROSSO;CO;CENTRO-OESTE;72244692,78;203831;40762506,09;22650;62697331,89;142205;44682559,17;50470;12004;1084;11642;996
4391;2022-11-01;5212501;LUZIÂNIA;52;GOIÁS;CO;CENTRO-OESTE;432914723,95;2145742;321419774,48;144008;486230721,0;1770453;258809315,08;330380;101865;5545;106606;5283
4829;2022-11-01;2602803;BUÍQUE;26;PERNAMBUCO;NE;NORDESTE;34588907,64;174237;5178390,84;4449;35901501,91;143604;4936488,0;13340;11594;282;12292;267
3456;2022-11-01;3104106;ARCEBURGO;31;MINAS GERAIS;SE;SUDESTE;9853620,13;42804;10506473,83;4268;10155264,62;30552;8141756,7;10499;3375;258;3317;263
4202;2022-11-01;3136306;JOÃO PINHEIRO;31;MINAS GERAIS;SE;SUDESTE;99903183,66;366342;103123871,86;33069;105747262,05;274362;85467936,96;77775;22108;1716;22877;1625
3360;2022-11-01;1718501;RECURSOLÂNDIA;17;TOCANTINS;NO;NORTE;3907531,84;20515;556468,74;669;3450384,57;14970;852313,4;1329;1150;31;1155;31
5761;2022-11-01;1701002;ANANÁS;17;TOCANTINS;NO;NORTE;16581083,1;96546;3371127,14;3777;15828989,53;76138;4438378,18;8123;4912;190;4877;186
5701;2022-11-01;2208502;PORTO;22;PIAUÍ;NE;NORDESTE;8660871,18;63074;2758702,06;2320;8508081,15;47442;1418106,0;5002;3435;98;3628;92
2647;2022-11-01;2102200;BURITI;21;MARANHÃO;NE;NORDESTE;20278440,5;128391;3381924,23;2288;19098417,28;97225;1925844,65;7788;7715;111;7436;113
5777;2022-11-01;2607752;ITAPISSUMA;26;PERNAMBUCO;NE;NORDESTE;34051286,02;264240;146854064,27;7584;33415030,35;228150;90412700,14;18669;10790;245;11027;234
461;2022-11-01;1702901;AXIXÁ DO TOCANTINS;17;TOCANTINS;NO;NORTE;16239111,02;87988;2157557,78;2498;15654213,18;68075;3542413,66;8523;4644;126;4846;116
3105;2022-11-01;4321857;TRÊS PALMEIRAS;43;RIO GRANDE DO SUL;SU;SUL;4832830,26;15135;2756725,35;1776;4435563,29;10090;3136209,34;3732;1494;145;1324;136
3059;2022-11-01;2703205;IGREJA NOVA;27;ALAGOAS;NE;NORDESTE;18136766,82;92961;1056357,18;1469;17177629,3;70268;1286523,9;2768;6555;98;6696;82
4148;2022-11-01;2300408;AIUABA;23;CEARÁ;NE;NORDESTE;13317661,66;84766;708298,81;1380;13161877,61;71089;639176,49;3189;4670;112;4667;104
1023;2022-11-01;3170909;VARZELÂNDIA;31;MINAS GERAIS;SE;SUDESTE;21076995,47;117862;4188011,11;4222;20259409,16;89435;3787866,75;15009;7139;234;6860;215
202;2022-11-01;2907558;CATURAMA;29;BAHIA;NE;NORDESTE;5248347,46;22255;578349,64;487;5153954,75;15087;402836,82;865;1635;57;1645;48
5739;2022-11-01;3122207;DIVINOLÂNDIA DE MINAS;31;MINAS GERAIS;SE;SUDESTE;12544923,66;34335;2076797,87;1482;15442329,52;26675;2451588,31;4763;2691;114;2843;115
378;2022-11-01;4311791;MARATÁ;43;RIO GRANDE DO SUL;SU;SUL;2389755,76;8457;1742406,97;1019;2734476,16;6142;1869197,89;2557;812;89;724;87
2627;2022-11-01;3501806;AMÉRICO DE CAMPOS;35;SÃO PAULO;SE;SUDESTE;8408027,96;32121;1846939,23;1834;9107987,45;24125;2093252,46;4903;2496;150;2402;150
394;2022-11-01;3123528;DURANDÉ;31;MINAS GERAIS;SE;SUDESTE;7017696,04;28692;2096219,96;1508;6420865,01;19935;1154050,89;3311;2432;120;2234;111
4525;2022-11-01;3135308;JAPARAÍBA;31;MINAS GERAIS;SE;SUDESTE;6250198,88;20559;1478842,35;1406;6421245,85;15023;1946148,18;4686;1531;120;1427;124
2964;2022-11-01;2511707;PILÕEZINHOS;25;PARAÍBA;NE;NORDESTE;3588559,9;20152;339409,84;635;3626116,77;17784;221808,19;772;1357;28;1448;29
801;2022-11-01;1718303;PRAIA NORTE;17;TOCANTINS;NO;NORTE;8695364,31;58906;638727,09;629;8841349,97;46827;850101,64;1990;2889;46;2988;39
2475;2022-11-01;4302584;BOZANO;43;RIO GRANDE DO SUL;SU;SUL;2615714,22;5788;1289590,38;488;1683491,45;3473;1625867,15;711;573;39;479;40
5879;2022-11-01;2609501;NAZARÉ DA MATA;26;PERNAMBUCO;NE;NORDESTE;36858747,35;229587;7680372,35;6619;39784881,19;183149;26233336,08;17763;12124;334;12702;320
1748;2022-11-01;2108009;PASTOS BONS;21;MARANHÃO;NE;NORDESTE;22080678,68;133192;7155178,6;4048;20737367,43;99609;7253757,04;16255;6600;192;6621;183
404;2022-11-01;3542503;REGINÓPOLIS;35;SÃO PAULO;SE;SUDESTE;8978430,38;44397;3002303,65;3143;8743161,18;32338;2628247,47;5997;2816;171;2718;183
3595;2022-11-01;1705508;COLINAS DO TOCANTINS;17;TOCANTINS;NO;NORTE;102974081,06;353547;51662228,12;31225;99231970,99;279668;54101762,69;85128;17217;1102;17951;1061
2079;2022-11-01;1506112;QUATIPURU;15;PARÁ;NO;NORTE;10282108,35;75170;1650318,46;2212;9876920,5;59616;1110825,62;5303;3973;80;4070;69
4438;2022-11-01;1200054;ASSIS BRASIL;12;ACRE;NO;NORTE;6980607,2;30487;1133426,91;1088;6863977,27;22808;945191,75;2065;1998;69;2012;66
4589;2022-11-01;4123303;SANTA CRUZ DE MONTE CASTELO;41;PARANÁ;SU;SUL;14816258,34;47189;7362733,75;4784;15865878,1;33341;6538160,91;11893;3406;269;3353;272
2215;2022-11-01;2111078;SÃO JOÃO DO SOTER;21;MARANHÃO;NE;NORDESTE;12424773,51;84157;693892,19;923;11651230,2;61203;810645,61;1950;4372;67;4444;69
5369;2022-11-01;4315602;RIO GRANDE;43;RIO GRANDE DO SUL;SU;SUL;365961266,68;1775026;395629745,68;155382;367636242,09;1387378;481892902,43;307596;106456;6433;104242;6118
2457;2022-11-01;4200705;ALFREDO WAGNER;42;SANTA CATARINA;SU;SUL;13562339,25;34429;6122898,04;5230;13221694,71;24501;7133144,98;11925;3317;378;3105;378
4837;2022-11-01;2112233;TRIZIDELA DO VALE;21;MARANHÃO;NE;NORDESTE;26769652,68;156717;14883589,1;8128;27268223,18;125802;7912787,97;19062;7613;284;7851;278
5878;2022-11-01;2211704;WALL FERRAZ;22;PIAUÍ;NE;NORDESTE;3547386,52;21519;425210,45;381;3493541,34;15445;252561,42;1309;1243;31;1245;31
4412;2022-11-01;5202353;ARENÓPOLIS;52;GOIÁS;CO;CENTRO-OESTE;10203294,87;18283;3629136,76;1293;9454550,51;12496;3128767,09;3490;1240;72;1225;68
5088;2022-11-01;2410306;SERRA CAIADA;24;RIO GRANDE DO NORTE;NE;NORDESTE;9105877,5;54969;4682286,27;2701;9000758,09;46430;3315380,22;7251;3012;97;3135;90
4443;2022-11-01;3144409;NATÉRCIA;31;MINAS GERAIS;SE;SUDESTE;5645528,82;15936;1496237,4;1234;5244687,76;11391;1635749,43;2481;1475;104;1383;100
644;2022-11-01;2918506;JUSSARA;29;BAHIA;NE;NORDESTE;13921482,19;80451;1851853,22;1960;13822377,94;62379;1800104,35;4886;4975;105;5074;102
5281;2022-11-01;2107407;OLHO D'ÁGUA DAS CUNHÃS;21;MARANHÃO;NE;NORDESTE;25963652,76;151735;2752562,74;2548;24797822,4;116547;4503080,0;11023;7038;125;6910;115
4768;2022-11-01;1706001;COUTO MAGALHÃES;17;TOCANTINS;NO;NORTE;7647853,45;30687;17130305,03;2310;6462760,31;23578;15978148,35;5506;1746;96;1786;94
2600;2022-11-01;3553906;TARABAI;35;SÃO PAULO;SE;SUDESTE;10888747,79;47344;3765070,05;3408;11372699,72;34391;3885003,95;5988;2966;188;2957;174
968;2022-11-01;2506103;FAGUNDES;25;PARAÍBA;NE;NORDESTE;9333580,74;59514;1080103,03;1044;9644586,46;50450;1056062,28;3851;3720;77;3961;66
195;2022-11-01;3156809;SABINÓPOLIS;31;MINAS GERAIS;SE;SUDESTE;16568911,88;66778;4588937,19;3891;18084201,98;49604;4488763,32;10047;5046;252;5200;254
5902;2022-11-01;3550704;SÃO SEBASTIÃO;35;SÃO PAULO;SE;SUDESTE;214527224,06;879296;117152061,85;101075;238700633,7;711236;107137715,77;217228;49406;4309;50038;4013
1920;2022-11-01;2704104;LAGOA DA CANOA;27;ALAGOAS;NE;NORDESTE;18824066,44;84018;6214099,69;2531;19313954,84;68322;2258357,84;4347;5536;122;5617;107
205;2022-11-01;3520608;INDIANA;35;SÃO PAULO;SE;SUDESTE;8500733,72;32099;3670009,49;2771;9169471,74;24506;4246470,77;5062;2227;151;2177;158
204;2022-11-01;4306353;DEZESSEIS DE NOVEMBRO;43;RIO GRANDE DO SUL;SU;SUL;2094612,37;8715;2250681,49;468;2217489,62;5578;1888931,87;997;763;31;719;40
4066;2022-11-01;3524204;JABORANDI;35;SÃO PAULO;SE;SUDESTE;12668748,3;38237;4316078,14;2486;14594242,19;27336;2068274,83;4202;2750;169;2642;145
5321;2022-11-01;1718402;PRESIDENTE KENNEDY;17;TOCANTINS;NO;NORTE;5784902,66;29823;1793216,17;1251;5382077,8;22510;1669572,92;3296;1455;54;1492;54
5821;2022-11-01;4321600;TRAMANDAÍ;43;RIO GRANDE DO SUL;SU;SUL;108366195,92;500411;58627720,77;64863;121269947,81;416672;48992857,86;138555;26612;2567;26697;2338
3075;2022-11-01;3550803;SÃO SEBASTIÃO DA GRAMA;35;SÃO PAULO;SE;SUDESTE;13529847,23;44594;11323464,3;4392;14766881,65;33151;11593641,34;8319;3826;328;3791;351
948;2022-11-01;4215307;SALETE;42;SANTA CATARINA;SU;SUL;10633690,42;36718;32190898,73;7033;10564042,55;21417;26931064,76;12051;3124;445;2884;436
646;2022-11-01;3103108;ANTÔNIO PRADO DE MINAS;31;MINAS GERAIS;SE;SUDESTE;1556251,69;7932;134846,33;278;1534340,49;6863;73246,13;383;560;27;544;21
5013;2022-11-01;2202075;CAJAZEIRAS DO PIAUÍ;22;PIAUÍ;NE;NORDESTE;2115959,23;15918;450092,96;361;2146910,05;11755;386903,54;753;878;20;973;20
192;2022-11-01;3169406;TRÊS PONTAS;31;MINAS GERAIS;SE;SUDESTE;110415976,58;337952;172438654,96;30968;108418659,99;265830;167823557,23;61727;22687;1752;23134;1688
3088;2022-11-01;2200277;ALEGRETE DO PIAUÍ;22;PIAUÍ;NE;NORDESTE;9699778,68;42810;482678,27;920;8910073,55;32853;658540,52;2018;1873;42;1928;47
934;2022-11-01;3515806;FLORA RICA;35;SÃO PAULO;SE;SUDESTE;1851324,95;8426;106852,5;173;2040634,84;5843;211747,21;709;655;16;629;20
4689;2022-11-01;3148509;PAVÃO;31;MINAS GERAIS;SE;SUDESTE;8655763,83;39321;3483667,66;1881;8366253,67;29969;2500013,55;3236;2594;113;2645;119
3274;2022-11-01;2203503;ELESBÃO VELOSO;22;PIAUÍ;NE;NORDESTE;11361368,77;78292;3196701,69;1553;11248856,8;61398;1488128,92;5989;4563;108;4691;102
1911;2022-11-01;5201405;APARECIDA DE GOIÂNIA;52;GOIÁS;CO;CENTRO-OESTE;1506047046,76;6467209;1269394193,08;549658;1668789713,17;5645352;1281008582,23;1270288;296232;19866;309497;18565
3180;2022-11-01;2414001;TANGARÁ;24;RIO GRANDE DO NORTE;NE;NORDESTE;21720581,42;132274;3331440,54;3170;21554664,74;115151;5247143,28;14508;6142;175;6279;157
4312;2022-11-01;2915908;ITANAGRA;29;BAHIA;NE;NORDESTE;8313475,07;57829;1502228,9;1396;8445095,09;42690;1266813,91;4398;2706;93;2797;80
2542;2022-11-01;4304408;CANELA;43;RIO GRANDE DO SUL;SU;SUL;104249191,02;395582;123890684,89;68168;118426386,57;301054;110007303,32;129771;24577;2981;24509;2786
485;2022-11-01;3518107;GUARANTÃ;35;SÃO PAULO;SE;SUDESTE;8794808,55;44033;1820986,12;2270;8491545,02;32294;2372257,83;6311;2967;146;2857;151
4726;2022-11-01;2204550;GUARIBAS;22;PIAUÍ;NE;NORDESTE;5596818,21;24294;2718380,71;925;4608106,79;17468;2975891,1;1574;1325;54;1349;48
4822;2022-11-01;5211503;ITUMBIARA;52;GOIÁS;CO;CENTRO-OESTE;317827737,9;1039164;333982336,44;126581;328090988,38;832220;294147939,39;257703;54054;4827;55474;4575
4144;2022-11-01;3165701;SENADOR FIRMINO;31;MINAS GERAIS;SE;SUDESTE;8701263,94;31079;2677311,3;2561;9320958,0;23189;3189281,01;4943;2476;165;2403;187
892;2022-11-01;3534807;OURO VERDE;35;SÃO PAULO;SE;SUDESTE;9775557,36;43363;3037798,2;2741;10071634,6;31766;3748769,35;6568;3065;188;3054;182
4795;2022-11-01;2103901;DUQUE BACELAR;21;MARANHÃO;NE;NORDESTE;7459857,84;54680;830466,49;1150;6804956,1;40385;903571,33;2810;3119;55;3074;52
4678;2022-11-01;2920601;MARAGOGIPE;29;BAHIA;NE;NORDESTE;43349740,06;309148;4091451,9;5161;43637176,6;255239;5525390,65;11322;13572;285;14162;283
5216;2022-11-01;2615904;TUPARETAMA;26;PERNAMBUCO;NE;NORDESTE;12752623,58;53822;2196132,46;1380;11569984,74;41907;1923967,41;4534;3273;93;3274;85
248;2022-11-01;3133204;ITANHOMI;31;MINAS GERAIS;SE;SUDESTE;16379826,02;50992;2513208,53;2225;21874045,64;40009;3405865,54;6558;4081;195;4276;216
2349;2022-11-01;4114401;MANGUEIRINHA;41;PARANÁ;SU;SUL;31029260,76;84544;19923630,31;10059;27357682,24;56328;15788472,79;20115;6722;554;6540;559
3505;2022-11-01;4110052;IGUATU;41;PARANÁ;SU;SUL;2117837,92;10216;1924042,69;668;2191855,62;7134;1433111,25;1685;782;44;718;44
999;2022-11-01;3104700;ATALÉIA;31;MINAS GERAIS;SE;SUDESTE;14406741,65;62898;2921893,34;2356;14763150,78;47533;2799150,75;5842;4265;148;4242;159
2156;2022-11-01;2910750;FÁTIMA;29;BAHIA;NE;NORDESTE;20644170,25;87721;3458318,05;2607;20911119,32;73160;4724759,3;7283;5292;154;5508;152
510;2022-11-01;4107108;DIAMANTE DO NORTE;41;PARANÁ;SU;SUL;8170131,74;33682;7020276,88;2407;8479215,31;23999;8323042,3;7240;2389;137;2316;125
4134;2022-11-01;2409407;PAU DOS FERROS;24;RIO GRANDE DO NORTE;NE;NORDESTE;56413339,89;264115;22772921,38;15252;54116682,26;225000;28267498,02;65626;13631;778;13599;749
2336;2022-11-01;1600303;MACAPÁ;16;AMAPÁ;NO;NORTE;1123011341,58;7112420;486938696,05;401629;1118269368,81;6031556;461682808,35;868493;276183;10709;275544;10211
4219;2022-11-01;3135001;JAGUARAÇU;31;MINAS GERAIS;SE;SUDESTE;4159509,82;20076;6196701,59;1329;4575441,48;15074;5095714,5;3408;1313;74;1309;67
660;2022-11-01;3202603;ICONHA;32;ESPÍRITO SANTO;SE;SUDESTE;21582370,86;77466;18428300,55;8222;20920606,32;56743;13178851,41;19308;5199;508;4995;495
2537;2022-11-01;1501253;BANNACH;15;PARÁ;NO;NORTE;6498238,74;22243;1236652,99;715;6561202,82;16134;1948326,63;3109;1460;50;1402;49
710;2022-11-01;4306502;DOM FELICIANO;43;RIO GRANDE DO SUL;SU;SUL;8904010,64;40976;2454849,84;2666;7827201,09;26919;3028366,03;7716;3558;187;3227;197
4178;2022-11-01;2913705;INHAMBUPE;29;BAHIA;NE;NORDESTE;46700402,15;218710;21033114,56;10974;51181902,36;176734;21221014,36;24526;12507;500;13171;490
5734;2022-11-01;2506004;ESPERANÇA;25;PARAÍBA;NE;NORDESTE;41901692,98;193420;20311538,09;13225;43455842,72;160549;19867656,56;27494;11011;734;11521;671
2801;2022-11-01;2701100;BRANQUINHA;27;ALAGOAS;NE;NORDESTE;7627164,03;51750;642949,78;888;7637234,56;39514;424089,94;1076;3204;44;3340;35
3723;2022-11-01;2202778;COLÔNIA DO PIAUÍ;22;PIAUÍ;NE;NORDESTE;5498075,41;34096;731499,07;756;6163793,03;25353;431446,46;1339;1980;39;2221;40
82;2022-11-01;3110707;CAMBUQUIRA;31;MINAS GERAIS;SE;SUDESTE;16991672,57;73059;4697021,28;5029;17935770,3;56471;3781720,06;12024;4829;364;4950;363
4923;2022-11-01;2100832;APICUM-AÇU;21;MARANHÃO;NE;NORDESTE;17305083,71;102662;1948526,58;1818;16141687,71;82112;2334654,57;4149;5074;91;4874;86
2786;2022-11-01;2605509;FERREIROS;26;PERNAMBUCO;NE;NORDESTE;12404086,38;66337;1643192,88;1835;11953434,62;54758;1332254,29;4366;3865;109;3912;98
3911;2022-11-01;4100301;AGUDOS DO SUL;41;PARANÁ;SU;SUL;14889229,06;39468;8510067,99;4798;14780083,81;31401;9528234,04;8546;3090;266;3041;263
1487;2022-11-01;2205540;LAGOINHA DO PIAUÍ;22;PIAUÍ;NE;NORDESTE;2514906,11;13584;3999195,04;264;2051344,11;10641;1094900,94;1120;778;17;834;14
3724;2022-11-01;2105658;JUNCO DO MARANHÃO;21;MARANHÃO;NE;NORDESTE;6678298,49;40560;1110982,8;785;6331401,34;33870;1004065,78;2053;2042;27;2043;29
5489;2022-11-01;5215256;NOVO PLANALTO;52;GOIÁS;CO;CENTRO-OESTE;7226552,01;23477;1212179,12;1467;7066031,2;17332;1433924,07;3899;1479;94;1527;91
3910;2022-11-01;1508159;URUARÁ;15;PARÁ;NO;NORTE;70658265,22;285252;28473727,47;19413;68557155,35;205665;26816821,18;62316;15277;561;15186;561
3876;2022-11-01;4120309;PORTO VITÓRIA;41;PARANÁ;SU;SUL;2790698,88;12463;1721575,26;1394;3784877,97;9938;2117547,42;2154;1235;96;1249;89
4669;2022-11-01;4107504;ENGENHEIRO BELTRÃO;41;PARANÁ;SU;SUL;23768071,71;84640;15864480,29;9364;23271608,02;56801;14211765,14;20002;5802;490;5772;484
5653;2022-11-01;4110409;INDIANÓPOLIS;41;PARANÁ;SU;SUL;6312346,63;23981;5845713,33;1868;6399426,36;16892;5343969,39;4027;1917;107;1839;106
5962;2022-11-01;4113007;JUSSARA;41;PARANÁ;SU;SUL;9684714,03;43084;23084268,17;4719;9803800,03;28799;4448681,09;7178;3033;177;2874;192
3772;2022-11-01;2611309;POMBOS;26;PERNAMBUCO;NE;NORDESTE;35342591,58;161141;14764290,82;8136;38601904,47;137937;16137476,78;19035;8819;293;9151;267
3829;2022-11-01;2801306;CAPELA;28;SERGIPE;NE;NORDESTE;32985453,08;194436;18629458,34;4811;32755502,18;149582;23822079,94;17167;10734;268;11150;261
1351;2022-11-01;2307254;JIJOCA DE JERICOACOARA;23;CEARÁ;NE;NORDESTE;46715545,2;236140;27261060,03;35247;49201688,83;214003;27413878,68;115620;9492;1120;9492;1044
1636;2022-11-01;5106703;PONTE BRANCA;51;MATO GROSSO;CO;CENTRO-OESTE;4097294,19;13839;731448,57;693;4025412,84;10460;681344,26;1390;770;44;761;46
3680;2022-11-01;5214838;NOVA CRIXÁS;52;GOIÁS;CO;CENTRO-OESTE;30020360,83;81837;12744472,96;7595;27981020,91;67376;12099185,83;18757;4606;361;4803;321
1497;2022-11-01;2702405;DELMIRO GOUVEIA;27;ALAGOAS;NE;NORDESTE;70422533,94;386669;22463154,19;16291;69177007,09;311210;17605879,64;48970;21019;767;22118;717
1634;2022-11-01;5106182;NOVA LACERDA;51;MATO GROSSO;CO;CENTRO-OESTE;11967896,99;34464;6257680,49;2740;11871912,18;24694;4534770,9;6605;2525;153;2424;138
4884;2022-11-01;2207405;PALMEIRA DO PIAUÍ;22;PIAUÍ;NE;NORDESTE;5873735,92;32358;666759,68;828;6223364,75;23517;1014398,5;2578;1983;54;2006;51
1402;2022-11-01;2205151;JACOBINA DO PIAUÍ;22;PIAUÍ;NE;NORDESTE;4172230,24;22566;2024830,24;1335;4316869,58;17627;1605789,43;2958;1290;61;1316;52
5964;2022-11-01;2703700;JARAMATAIA;27;ALAGOAS;NE;NORDESTE;5749251,49;23404;1247646,49;557;5401142,05;18153;851684,83;1273;1627;28;1706;28
5124;2022-11-01;4127304;TERRA RICA;41;PARANÁ;SU;SUL;27803446,67;84459;7399364,05;7062;28486804,03;61417;7682970,96;16307;6222;417;6219;422
28;2022-11-01;3165800;SENADOR JOSÉ BENTO;31;MINAS GERAIS;SE;SUDESTE;1678014,06;5998;289070,71;323;1748588,3;4221;369263,92;486;532;22;514;23
3888;2022-11-01;4309704;HUMAITÁ;43;RIO GRANDE DO SUL;SU;SUL;6299891,87;18438;3331052,38;1370;5067613,92;11270;4007004,86;4502;1724;137;1487;158
1398;2022-11-01;2513943;SÃO DOMINGOS DO CARIRI;25;PARAÍBA;NE;NORDESTE;3315004,93;15679;97066,94;166;3377943,6;12821;63417,33;337;839;14;844;14
2821;2022-11-01;3519055;HOLAMBRA;35;SÃO PAULO;SE;SUDESTE;58255685,97;128233;67255211,42;20325;54726574,31;89321;61780111,38;42241;8291;1003;8082;978
3940;2022-11-01;3503307;ARARAS;35;SÃO PAULO;SE;SUDESTE;273057706,68;947311;204203752,75;112380;279848543,58;756017;203146646,58;304932;66086;5611;64613;5221
3762;2022-11-01;2106904;MONÇÃO;21;MARANHÃO;NE;NORDESTE;19432694,75;145392;4558106,73;2705;17415279,3;108279;3604327,72;10039;7776;110;7705;100
3912;2022-11-01;2608057;JATOBÁ;26;PERNAMBUCO;NE;NORDESTE;15550197,58;96713;3907877,77;1941;14517200,98;73648;2616618,27;5636;5327;94;5298;96
2920;2022-11-01;1702703;AURORA DO TOCANTINS;17;TOCANTINS;NO;NORTE;3314209,68;16965;452072,12;813;3458963,33;12147;517326,65;1749;1040;44;1050;37
4653;2022-11-01;4100400;ALMIRANTE TAMANDARÉ;41;PARANÁ;SU;SUL;197746470,84;978088;141473767,11;85690;227288687,44;805404;133947413,76;145663;58070;3694;59768;3545
1665;2022-11-01;3515194;ESPÍRITO SANTO DO TURVO;35;SÃO PAULO;SE;SUDESTE;5385583,53;24618;2573291,27;1630;5913560,51;18527;1571873,57;3027;1918;103;1961;90
5620;2022-11-01;2311900;SABOEIRO;23;CEARÁ;NE;NORDESTE;18237282,46;86711;1369817,73;1427;17282784,54;75783;1409682,61;4112;4873;80;4904;69
1566;2022-11-01;2504207;CATINGUEIRA;25;PARAÍBA;NE;NORDESTE;5422723,17;26303;881011,61;667;5640414,92;20342;386060,61;1664;1461;38;1580;35
1164;2022-11-01;4317251;SANTA TEREZA;43;RIO GRANDE DO SUL;SU;SUL;949294,59;3818;98857,82;133;1046470,53;2483;430272,9;624;414;29;374;36
2956;2022-11-01;5002001;BATAYPORÃ;50;MATO GROSSO DO SUL;CO;CENTRO-OESTE;14636534,54;67403;12540314,71;6474;15820835,06;45966;12616700,61;14586;4745;327;4684;317
1543;2022-11-01;4106001;CONGONHINHAS;41;PARANÁ;SU;SUL;10609115,79;37715;2932000,28;3066;10180628,37;28245;2426300,15;6074;2895;171;2928;167
2900;2022-11-01;3549102;SÃO JOÃO DA BOA VISTA;35;SÃO PAULO;SE;SUDESTE;204413974,94;610755;187683696,42;72625;227667083,05;489243;183824713,83;135963;43522;4147;42593;4051
1210;2022-11-01;3540606;PORTO FELIZ;35;SÃO PAULO;SE;SUDESTE;107211301,87;422106;97213522,97;48155;119365209,7;322349;97842850,8;98124;26588;2148;26531;2057
19;2022-11-01;4204194;CHAPADÃO DO LAGEADO;42;SANTA CATARINA;SU;SUL;4234555,33;9976;849975,04;910;3009435,37;5459;1288921,62;2426;912;76;778;67
1412;2022-11-01;4311734;MAMPITUBA;43;RIO GRANDE DO SUL;SU;SUL;3397078,17;11195;1389721,86;1032;3531513,19;8173;593880,91;1868;882;42;850;43
3840;2022-11-01;2926301;RIACHÃO DO JACUÍPE;29;BAHIA;NE;NORDESTE;58218760,92;291379;28153154,04;13817;62571197,18;232700;29427410,74;34039;13328;737;13831;704
4597;2022-11-01;2304269;DEPUTADO IRAPUAN PINHEIRO;23;CEARÁ;NE;NORDESTE;8746767,74;43656;2649952,66;1088;8445652,19;36615;1675979,71;3692;2664;67;2749;67
1196;2022-11-01;5204706;CAMPINORTE;52;GOIÁS;CO;CENTRO-OESTE;32653252,77;95202;16598034,91;7562;32147965,92;69920;15894164,94;29185;5281;342;5356;357
2843;2022-11-01;3527256;LOURDES;35;SÃO PAULO;SE;SUDESTE;3254848,92;11558;276413,66;598;3405602,57;8260;239137,98;1871;869;38;850;43
1564;2022-11-01;2400604;ALMINO AFONSO;24;RIO GRANDE DO NORTE;NE;NORDESTE;6695018,22;39687;993152,92;894;6572022,59;33929;645765,09;2632;2053;54;1907;48
5567;2022-11-01;1503457;IPIXUNA DO PARÁ;15;PARÁ;NO;NORTE;27989217,3;171133;15514798,81;8862;27416707,48;134648;12048154,95;22695;8614;307;8503;303
1193;2022-11-01;3139003;MACHADO;31;MINAS GERAIS;SE;SUDESTE;71972910,57;213467;81314956,35;21715;75619453,43;168315;83418574,0;35064;15753;1311;16041;1261
3713;2022-11-01;2926806;RIO DO ANTÔNIO;29;BAHIA;NE;NORDESTE;13241724,97;49599;1667561,56;1524;11929152,21;34256;2318816,1;3794;3422;109;3383;109
3523;2022-12-01;2200277;ALEGRETE DO PIAUÍ;22;PIAUÍ;NE;NORDESTE;10302814,62;48832;829071,27;1230;9608798,69;38356;849832,85;2615;1950;45;1984;47
9;2022-12-01;4306502;DOM FELICIANO;43;RIO GRANDE DO SUL;SU;SUL;11111394,12;48119;2790291,18;3033;10023958,5;31915;2824957,3;9460;3688;197;3388;203
186;2022-12-01;4306353;DEZESSEIS DE NOVEMBRO;43;RIO GRANDE DO SUL;SU;SUL;2406672,84;10137;2060453,5;517;2219333,3;6556;1472777,81;1197;795;31;753;38
5033;2022-12-01;3542503;REGINÓPOLIS;35;SÃO PAULO;SE;SUDESTE;11454650,84;52468;3097647,45;3326;10633749,89;39367;2887301,58;7117;2903;169;2835;183
5824;2022-12-01;3135001;JAGUARAÇU;31;MINAS GERAIS;SE;SUDESTE;4652809,45;22543;4741745,72;1457;4911082,84;17120;4217492,13;4113;1342;71;1351;68
939;2022-12-01;1501253;BANNACH;15;PARÁ;NO;NORTE;8094098,11;25993;985559,1;764;7151232,12;18570;2244310,66;3464;1522;45;1456;46
5894;2022-12-01;2410306;SERRA CAIADA;24;RIO GRANDE DO NORTE;NE;NORDESTE;10522175,67;65148;7960648,65;3460;10731246,01;55949;5678320,45;8973;3133;102;3270;96
4466;2022-12-01;3550803;SÃO SEBASTIÃO DA GRAMA;35;SÃO PAULO;SE;SUDESTE;14417169,56;52581;13450771,27;4936;15352535,52;38824;15189294,35;9707;3955;346;3944;361
2294;2022-12-01;2307254;JIJOCA DE JERICOACOARA;23;CEARÁ;NE;NORDESTE;51289893,83;263066;29499734,45;39099;54770239,52;233368;31493861,33;134478;9700;1132;9644;1065
4083;2022-12-01;3148509;PAVÃO;31;MINAS GERAIS;SE;SUDESTE;9486754,48;44544;3438823,86;2226;9476477,05;33987;2973923,82;4199;2713;113;2778;120
2344;2022-12-01;2702405;DELMIRO GOUVEIA;27;ALAGOAS;NE;NORDESTE;82321124,12;441962;23739194,4;18697;80769433,9;357531;20430239,05;60145;21566;797;22609;734
1014;2022-12-01;3165800;SENADOR JOSÉ BENTO;31;MINAS GERAIS;SE;SUDESTE;1937101,19;6920;417220,47;378;1889078,07;4691;465699,04;655;535;27;523;26
334;2022-12-01;5201405;APARECIDA DE GOIÂNIA;52;GOIÁS;CO;CENTRO-OESTE;1705985978,63;7423396;1365049431,67;590531;1909625623,64;6407210;1359194335,65;1323062;301468;20218;315868;18891
3917;2022-12-01;2702603;FEIRA GRANDE;27;ALAGOAS;NE;NORDESTE;24492728,35;97656;2320928,73;2077;24164284,45;78609;2356131,98;3954;5948;123;6012;103
4963;2022-12-01;2300408;AIUABA;23;CEARÁ;NE;NORDESTE;14727863,68;92884;789613,41;1644;14853336,31;80781;801458,84;4467;4823;112;4819;106
3500;2022-12-01;3515194;ESPÍRITO SANTO DO TURVO;35;SÃO PAULO;SE;SUDESTE;6676667,35;29076;3006345,88;1847;7306720,38;21417;1961378,81;3548;1987;99;2036;92
520;2022-12-01;3515806;FLORA RICA;35;SÃO PAULO;SE;SUDESTE;1870585,68;9849;158277,5;221;1820125,72;6838;224515,99;886;676;18;654;20
3497;2022-12-01;3165701;SENADOR FIRMINO;31;MINAS GERAIS;SE;SUDESTE;10802415,33;35945;3024001,39;2721;10564170,67;27660;3057818,86;6091;2557;174;2511;188
5425;2022-12-01;2107407;OLHO D'ÁGUA DAS CUNHÃS;21;MARANHÃO;NE;NORDESTE;28249355,75;169212;2842683,43;2762;26901218,5;138530;4380103,76;13220;7240;121;7126;119
2283;2022-12-01;2203503;ELESBÃO VELOSO;22;PIAUÍ;NE;NORDESTE;13455714,58;91338;3015071,62;1785;13362878,06;72701;1912755,58;7954;4842;105;4902;100
5421;2022-12-01;1508159;URUARÁ;15;PARÁ;NO;NORTE;86831881,45;340453;33081883,98;20993;83817661,95;240627;32217186,97;75435;15909;572;15953;580
5190;2022-12-01;2100832;APICUM-AÇU;21;MARANHÃO;NE;NORDESTE;19120377,82;117293;2506632,03;2080;17993100,13;94650;3311952,19;5357;5275;100;5118;91
5990;2022-12-01;2204550;GUARIBAS;22;PIAUÍ;NE;NORDESTE;6466403,01;28004;2901445,07;1041;5412936,63;20272;3179296,37;1813;1377;62;1400;45
5427;2022-12-01;3536257;PARISI;35;SÃO PAULO;SE;SUDESTE;4711657,36;14722;1971639,55;1328;4437314,97;11932;5283404,53;2617;974;70;994;65
4334;2022-12-01;5220702;SÍTIO D'ABADIA;52;GOIÁS;CO;CENTRO-OESTE;4440643,79;18876;1421938,46;541;4043261,9;13334;1293568,81;1280;988;28;964;28
541;2022-12-01;2504207;CATINGUEIRA;25;PARAÍBA;NE;NORDESTE;5839828,76;29742;1202413,35;999;6193081,12;23453;542358,4;2275;1533;34;1635;32
4869;2022-12-01;2615904;TUPARETAMA;26;PERNAMBUCO;NE;NORDESTE;14459933,85;64091;1962293,3;1470;13590106,81;50034;1894626,53;5629;3422;96;3410;87
3902;2022-12-01;3165206;SÃO TOMÉ DAS LETRAS;31;MINAS GERAIS;SE;SUDESTE;9055300,59;40294;5787755,08;6903;10545666,51;37675;4953381,95;16750;2514;368;2660;332
4349;2022-12-01;3135308;JAPARAÍBA;31;MINAS GERAIS;SE;SUDESTE;7248416,65;24859;2121063,13;1482;7928043,23;17772;2172437,97;5327;1580;117;1482;118
2910;2022-12-01;2608057;JATOBÁ;26;PERNAMBUCO;NE;NORDESTE;18681855,7;115421;4876752,39;2321;17875867,83;88422;3291751,55;7668;5520;103;5530;107
4103;2022-12-01;2511707;PILÕEZINHOS;25;PARAÍBA;NE;NORDESTE;4241592,32;24087;396519,6;728;4415060,34;20687;299524,37;842;1421;29;1517;31
3654;2022-12-01;2704104;LAGOA DA CANOA;27;ALAGOAS;NE;NORDESTE;22306397,13;98956;3621017,89;2597;22427654,05;79532;2649500,6;5412;5726;133;5805;113
4905;2022-12-01;2106904;MONÇÃO;21;MARANHÃO;NE;NORDESTE;23285893,21;179166;3557548,97;3169;21369722,87;133618;2470981,64;13215;8146;104;8034;102
848;2022-12-01;3133204;ITANHOMI;31;MINAS GERAIS;SE;SUDESTE;18869506,2;59818;3335677,46;2431;23474064,66;47114;3399957,04;7940;4235;202;4384;227
277;2022-12-01;4204194;CHAPADÃO DO LAGEADO;42;SANTA CATARINA;SU;SUL;5405069,62;11834;1001087,19;978;4058897,27;6796;1467392,16;3091;925;73;829;71
4496;2022-12-01;3527256;LOURDES;35;SÃO PAULO;SE;SUDESTE;3350964,78;13970;300586,65;637;3636959,35;9517;299893,4;2477;914;43;896;47
1339;2022-12-01;2910750;FÁTIMA;29;BAHIA;NE;NORDESTE;22398682,16;101405;3142283,67;2859;22812168,23;84830;4945823,75;8809;5509;159;5723;150
4255;2022-12-01;2211704;WALL FERRAZ;22;PIAUÍ;NE;NORDESTE;4262884,79;25215;490000,44;463;4121688,49;18711;315188,65;1640;1266;34;1282;29
2202;2022-12-01;4114401;MANGUEIRINHA;41;PARANÁ;SU;SUL;34835970,04;97659;28079695,62;11196;31032576,67;64474;23920332,08;25227;6872;564;6803;577
4544;2022-12-01;4123303;SANTA CRUZ DE MONTE CASTELO;41;PARANÁ;SU;SUL;17832428,76;55409;6852691,08;5282;18522675,39;39766;6953748,01;14252;3541;272;3477;270
33;2022-12-01;2918506;JUSSARA;29;BAHIA;NE;NORDESTE;16035945,61;94857;2216287,51;2220;16294320,95;75800;1997213,63;5247;5215;122;5276;98
4235;2022-12-01;2602803;BUÍQUE;26;PERNAMBUCO;NE;NORDESTE;39400320,52;204384;6719901,98;5382;42046236,01;167337;6557283,31;18041;12175;285;12868;288
823;2022-12-01;5106182;NOVA LACERDA;51;MATO GROSSO;CO;CENTRO-OESTE;13944652,83;39960;5458618,62;2908;13315975,5;28554;8574648,8;7658;2607;154;2546;149
1539;2022-12-01;3518107;GUARANTÃ;35;SÃO PAULO;SE;SUDESTE;9350013,48;50602;1652411,54;2489;9325802,49;37286;2935403,27;7574;3008;148;2940;152
3402;2022-12-01;2701100;BRANQUINHA;27;ALAGOAS;NE;NORDESTE;9519402,9;59246;634639,6;895;9390783,88;45479;603385,47;1352;3321;44;3530;39
4531;2022-12-01;2202778;COLÔNIA DO PIAUÍ;22;PIAUÍ;NE;NORDESTE;6161542,56;40774;651929,17;785;6729392,74;29318;461416,02;1880;2066;43;2301;43
1569;2022-12-01;2400604;ALMINO AFONSO;24;RIO GRANDE DO NORTE;NE;NORDESTE;7807582,86;45833;1273752,67;1147;7391015,28;37328;956419,76;3484;2102;58;1989;53
2631;2022-12-01;3170909;VARZELÂNDIA;31;MINAS GERAIS;SE;SUDESTE;25297629,73;137812;4996039,49;5348;24881515,26;106812;4977023,24;19940;7319;233;7118;229
3382;2022-12-01;3503307;ARARAS;35;SÃO PAULO;SE;SUDESTE;317149905,26;1107767;224962120,83;122928;328056069,6;868363;217961805,21;345172;67589;5705;66500;5281
1552;2022-12-01;3534807;OURO VERDE;35;SÃO PAULO;SE;SUDESTE;10947409,5;51836;3085919,22;3017;11567316,53;37323;3407301,65;8517;3213;184;3187;182
4208;2022-12-01;5212501;LUZIÂNIA;52;GOIÁS;CO;CENTRO-OESTE;497010943,17;2502017;331741110,69;157262;555789536,37;2027164;266118915,71;388329;104110;5670;109260;5350
742;2022-12-01;5204706;CAMPINORTE;52;GOIÁS;CO;CENTRO-OESTE;39217447,64;109537;24307839,52;9315;35375384,35;78822;22469615,54;35133;5359;356;5484;372
743;2022-12-01;4311791;MARATÁ;43;RIO GRANDE DO SUL;SU;SUL;2652359,97;10193;1946143,21;1178;2918539,2;6862;2098860,07;3103;845;91;735;91
2128;2022-12-01;4302584;BOZANO;43;RIO GRANDE DO SUL;SU;SUL;2635006,59;6895;1298196,89;656;1995223,65;3964;1651871,25;1008;604;41;512;42
5355;2022-12-01;3114907;CASA GRANDE;31;MINAS GERAIS;SE;SUDESTE;3861178,25;9024;526554,21;373;3657210,78;6321;769002,22;1184;760;29;729;31
4193;2022-12-01;2203420;DOMINGOS MOURÃO;22;PIAUÍ;NE;NORDESTE;4170557,25;24699;192661,84;362;3985071,21;18330;194801,67;764;1323;21;1404;20
3424;2022-12-01;5002001;BATAYPORÃ;50;MATO GROSSO DO SUL;CO;CENTRO-OESTE;18062643,69;81985;24198883,3;7284;18167429,77;56640;28800926,19;18476;4909;327;4922;316
3041;2022-12-01;2915908;ITANAGRA;29;BAHIA;NE;NORDESTE;10317478,16;70222;1636798,34;1763;10115031,72;52337;1322454,2;5358;2830;93;2869;85
1341;2022-12-01;4311734;MAMPITUBA;43;RIO GRANDE DO SUL;SU;SUL;3779581,79;12956;1563392,97;1154;3754055,18;9268;574918,85;2084;914;42;877;41
2579;2022-12-01;3104700;ATALÉIA;31;MINAS GERAIS;SE;SUDESTE;17441817,81;73480;2500842,3;2436;17674285,16;56418;4195295,55;7070;4365;153;4413;167
5504;2022-12-01;2913705;INHAMBUPE;29;BAHIA;NE;NORDESTE;54524261,82;259298;23235409,77;13111;59729327,89;208413;20927483,65;30518;13002;526;13768;528
69;2022-12-01;2907558;CATURAMA;29;BAHIA;NE;NORDESTE;5599275,07;24801;577118,71;496;5331375,69;17897;441507,53;1098;1691;53;1733;43
2867;2022-12-01;4200705;ALFREDO WAGNER;42;SANTA CATARINA;SU;SUL;16690875,5;41572;7040684,99;5482;17219670,17;28287;7952445,11;14218;3386;386;3265;390
5506;2022-12-01;1718501;RECURSOLÂNDIA;17;TOCANTINS;NO;NORTE;5354538,01;24422;1681182,83;906;4925296,16;17814;2102147,19;1831;1188;35;1248;31
5194;2022-12-01;3104106;ARCEBURGO;31;MINAS GERAIS;SE;SUDESTE;11379986,79;51608;11477531,96;4673;11339088,05;37073;10562927,38;13050;3439;261;3407;265
1610;2022-12-01;5106703;PONTE BRANCA;51;MATO GROSSO;CO;CENTRO-OESTE;4618200,97;15980;1133368,27;921;4836549,89;12837;825239,18;1816;785;46;798;48
1990;2022-12-01;3519055;HOLAMBRA;35;SÃO PAULO;SE;SUDESTE;66451669,46;142835;80503646,39;21861;66261411,48;99794;68428233,1;47180;8425;1040;8261;981
880;2022-12-01;1718303;PRAIA NORTE;17;TOCANTINS;NO;NORTE;9846763,49;68225;611257,79;610;10181493,94;53881;870075,49;2264;2967;40;3136;39
1195;2022-12-01;2205151;JACOBINA DO PIAUÍ;22;PIAUÍ;NE;NORDESTE;5169213,05;27086;1470300,88;1272;4961495,22;20450;1101540,85;3411;1357;59;1377;50
5230;2022-12-01;3548302;SANTO EXPEDITO;35;SÃO PAULO;SE;SUDESTE;3764426,82;19844;2398538,34;1106;3830232,01;13220;1996647,12;2810;1280;61;1226;59
3734;2022-12-01;2102200;BURITI;21;MARANHÃO;NE;NORDESTE;24414055,52;153104;3412080,94;2727;22497536,38;115267;2157830,11;10222;8157;112;7770;110
2912;2022-12-01;4304408;CANELA;43;RIO GRANDE DO SUL;SU;SUL;120666685,19;463502;99920346,77;72701;134931096,13;345226;115890389,68;149495;25162;3051;25173;2804
293;2022-12-01;2506103;FAGUNDES;25;PARAÍBA;NE;NORDESTE;11593687,45;71611;995739,28;1092;11790514,28;59667;1295851,88;4674;3894;71;4132;67
2915;2022-12-01;2703700;JARAMATAIA;27;ALAGOAS;NE;NORDESTE;6832934,38;27133;1096749,36;657;6451137,0;21364;966589,41;1637;1668;29;1749;27
4692;2022-12-01;2804300;MURIBECA;28;SERGIPE;NE;NORDESTE;8601575,31;46770;1350005,85;1168;7829259,24;35621;3651171,81;3611;2546;45;2620;43
4273;2022-12-01;2801306;CAPELA;28;SERGIPE;NE;NORDESTE;38398874,84;231310;17711104,7;5838;37643530,53;176916;21374558,31;22543;11183;273;11636;281
5630;2022-12-01;3551306;SEBASTIANÓPOLIS DO SUL;35;SÃO PAULO;SE;SUDESTE;5588023,85;17189;3940176,39;1601;4922043,69;13272;4001418,14;3163;1389;113;1250;100
2572;2022-12-01;2108009;PASTOS BONS;21;MARANHÃO;NE;NORDESTE;25621660,67;162482;14190181,7;4624;24889326,76;122965;13545942,93;20860;6824;192;6883;187
280;2022-12-01;3103108;ANTÔNIO PRADO DE MINAS;31;MINAS GERAIS;SE;SUDESTE;2126692,17;9739;135721,43;296;2193659,81;8095;131218,66;437;574;28;577;21
5077;2022-12-01;1503457;IPIXUNA DO PARÁ;15;PARÁ;NO;NORTE;36815221,42;215526;16982192,01;9888;35902236,5;168248;16019135,23;30606;9056;307;9004;320
3433;2022-12-01;4110052;IGUATU;41;PARANÁ;SU;SUL;2694893,89;12083;2103156,71;755;2839506,3;8556;1914776,8;2005;811;47;770;47
3288;2022-12-01;2513943;SÃO DOMINGOS DO CARIRI;25;PARAÍBA;NE;NORDESTE;4043579,17;18423;106509,97;236;4188608,21;15521;101663,63;456;880;15;893;18
2930;2022-12-01;2111078;SÃO JOÃO DO SOTER;21;MARANHÃO;NE;NORDESTE;15281678,49;98621;789934,95;1089;14347611,02;73708;953480,05;2697;4579;71;4690;65
855;2022-12-01;4215307;SALETE;42;SANTA CATARINA;SU;SUL;12559838,26;41962;41333595,38;7472;12456727,58;24813;38797296,08;14204;3251;455;2992;443
2567;2022-12-01;1702703;AURORA DO TOCANTINS;17;TOCANTINS;NO;NORTE;3772805,65;19890;451336,37;739;3969654,06;15134;554803,2;2079;1086;42;1101;36
3270;2022-12-01;2304269;DEPUTADO IRAPUAN PINHEIRO;23;CEARÁ;NE;NORDESTE;9729238,69;50647;2325381,03;1230;10068686,33;41197;1492440,06;4565;2743;69;2860;69
1310;2022-12-01;4106001;CONGONHINHAS;41;PARANÁ;SU;SUL;11974838,68;45075;3778532,19;3293;11459629,26;33148;3814756,07;8038;2963;174;3018;177
3576;2022-12-01;2105658;JUNCO DO MARANHÃO;21;MARANHÃO;NE;NORDESTE;8787088,68;47972;1219120,89;930;8310953,29;39752;1073135,34;2371;2105;31;2166;30
2447;2022-12-01;4219150;VARGEM;42;SANTA CATARINA;SU;SUL;3085537,66;10278;1135541,05;640;3184842,77;6820;784959,33;1337;865;50;841;52
1121;2022-12-01;1702901;AXIXÁ DO TOCANTINS;17;TOCANTINS;NO;NORTE;20522175,83;105605;2749855,48;2777;20357266,25;83045;4287310,23;10918;4821;122;5107;117
3138;2022-12-01;3144409;NATÉRCIA;31;MINAS GERAIS;SE;SUDESTE;6528058,46;17981;1705325,27;1220;5912046,39;12911;1427334,42;2526;1509;99;1421;100
4591;2022-12-01;2210201;SÃO JOSÉ DO PIAUÍ;22;PIAUÍ;NE;NORDESTE;5024089,19;28655;849725,17;696;5152435,33;21454;1299124,65;1917;1863;41;1933;39
2955;2022-12-01;1200054;ASSIS BRASIL;12;ACRE;NO;NORTE;8056510,67;36336;1287913,79;1213;7816624,75;27819;999966,54;2343;2084;73;2159;65
3946;2022-12-01;2703205;IGREJA NOVA;27;ALAGOAS;NE;NORDESTE;21327668,43;109468;1542477,43;1747;20219554,86;83585;1833560,08;3453;6821;97;7036;93
1762;2022-12-01;3169406;TRÊS PONTAS;31;MINAS GERAIS;SE;SUDESTE;123683605,32;397869;116408455,95;34070;120361658,72;311677;119724606,17;73957;23335;1777;24109;1728
2398;2022-12-01;2205540;LAGOINHA DO PIAUÍ;22;PIAUÍ;NE;NORDESTE;2466319,34;15654;3505643,66;272;2282762,9;12104;722382,22;1407;820;17;877;14
3977;2022-12-01;2414001;TANGARÁ;24;RIO GRANDE DO NORTE;NE;NORDESTE;25784261,87;150526;3959727,29;3303;25232567,7;132239;5067398,69;17064;6285;172;6414;165
4671;2022-12-01;3501806;AMÉRICO DE CAMPOS;35;SÃO PAULO;SE;SUDESTE;11992493,81;37633;2072862,43;2114;12780124,41;28229;2625072,84;6389;2524;149;2478;152
4935;2022-12-01;2926301;RIACHÃO DO JACUÍPE;29;BAHIA;NE;NORDESTE;69122496,83;336630;30741373,21;15684;72219818,92;268625;32179676,53;41306;13692;745;14247;711
2389;2022-12-01;1718402;PRESIDENTE KENNEDY;17;TOCANTINS;NO;NORTE;6817406,71;34703;2138327,21;1491;6910537,84;25983;3356173,22;4996;1500;59;1560;51
5279;2022-12-01;2611309;POMBOS;26;PERNAMBUCO;NE;NORDESTE;40921597,36;189209;20634443,17;9219;44267028,33;160903;17308185,33;23383;9155;304;9471;280
88;2022-12-01;3123528;DURANDÉ;31;MINAS GERAIS;SE;SUDESTE;7725721,98;33226;1825229,62;1597;6687667,5;22259;1214521,57;4137;2510;130;2295;120
5276;2022-12-01;1701002;ANANÁS;17;TOCANTINS;NO;NORTE;20787453,39;113600;5191990,36;4670;20365701,7;91766;5830050,43;10809;5056;194;5111;191
4718;2022-12-01;2302404;BOA VIAGEM;23;CEARÁ;NE;NORDESTE;66694638,66;363444;14857490,75;10228;65214066,5;308008;15212321,97;32372;18400;472;18724;445
5475;2022-12-01;1200138;BUJARI;12;ACRE;NO;NORTE;12392732,35;72865;5084024,44;3666;12902975,94;56213;3944386,19;7233;3586;104;3750;96
4608;2022-12-01;4107504;ENGENHEIRO BELTRÃO;41;PARANÁ;SU;SUL;28245620,25;100049;17186637,74;10181;26968445,71;65721;15588929,86;24186;5992;486;5989;494
1855;2022-12-01;2605509;FERREIROS;26;PERNAMBUCO;NE;NORDESTE;14805790,08;78956;1350230,08;1892;14483673,65;66514;1279444,06;5113;3971;111;4107;95
4392;2022-12-01;2207405;PALMEIRA DO PIAUÍ;22;PIAUÍ;NE;NORDESTE;7321057,0;39282;1280354,64;1024;7608236,4;29715;966694,07;3640;2064;56;2100;52
371;2022-12-01;3110707;CAMBUQUIRA;31;MINAS GERAIS;SE;SUDESTE;18903924,16;85768;4801890,66;5247;19029527,13;65906;3929831,61;14234;4978;365;5138;369
1094;2022-12-01;3156809;SABINÓPOLIS;31;MINAS GERAIS;SE;SUDESTE;19371456,94;79327;5724965,1;4381;20739755,39;59611;4419504,38;12402;5278;260;5411;255
3144;2022-12-01;5214838;NOVA CRIXÁS;52;GOIÁS;CO;CENTRO-OESTE;36646400,88;96318;10403379,56;7870;33868353,01;78766;11425726,6;21800;4803;361;5035;321
3770;2022-12-01;1705508;COLINAS DO TOCANTINS;17;TOCANTINS;NO;NORTE;117304921,99;414172;58495154,13;34241;112826957,58;318783;58822055,07;101378;17671;1115;18535;1083
5677;2022-12-01;4110409;INDIANÓPOLIS;41;PARANÁ;SU;SUL;7581590,97;30947;5945162,93;1971;7503764,84;21999;5818813,26;5214;1988;99;1915;110
3580;2022-12-01;4315602;RIO GRANDE;43;RIO GRANDE DO SUL;SU;SUL;434316864,17;2118179;266590616,78;174406;432210597,91;1644538;443422532,22;369192;109151;6566;107688;6236
2440;2022-12-01;3136306;JOÃO PINHEIRO;31;MINAS GERAIS;SE;SUDESTE;112908079,38;426757;128258557,37;36877;116861061,15;317280;111161621,44;94319;22699;1749;23469;1675
5473;2022-12-01;5219704;SANTA TEREZINHA DE GOIÁS;52;GOIÁS;CO;CENTRO-OESTE;28610963,4;77559;6961836,9;6777;29228298,55;59159;6703060,71;19238;3995;276;4185;269
1460;2022-12-01;3540606;PORTO FELIZ;35;SÃO PAULO;SE;SUDESTE;123839741,84;489182;111271577,49;54082;138159364,8;371171;110322230,28;115902;27127;2157;27246;2098
4586;2022-12-01;2920601;MARAGOGIPE;29;BAHIA;NE;NORDESTE;49888672,52;353639;5203269,65;5797;50896663,72;300035;6344418,91;14689;14121;285;14642;297
2754;2022-12-01;3524204;JABORANDI;35;SÃO PAULO;SE;SUDESTE;13562783,33;44461;2592806,66;2671;11600139,35;30535;2450626,28;5293;2840;174;2740;149
4010;2022-12-01;4100400;ALMIRANTE TAMANDARÉ;41;PARANÁ;SU;SUL;227415609,35;1134463;159789265,01;92508;265684107,42;922148;148013512,35;164815;59168;3722;61244;3559
2893;2022-12-01;3553906;TARABAI;35;SÃO PAULO;SE;SUDESTE;11704972,79;55312;4826568,13;3995;12227495,23;40585;5211053,64;7200;3071;186;3056;169
159;2022-12-01;4107108;DIAMANTE DO NORTE;41;PARANÁ;SU;SUL;10456302,1;41540;7855640,95;2613;10296517,58;28869;10121725,09;9410;2462;132;2393;131
1124;2022-12-01;3520608;INDIANA;35;SÃO PAULO;SE;SUDESTE;10445875,15;36386;4302763,7;2921;11006343,62;28109;5290709,16;5863;2278;163;2258;161
3540;2022-12-01;5207600;FAZENDA NOVA;52;GOIÁS;CO;CENTRO-OESTE;12239084,32;39117;3625136,09;2106;11449761,63;29970;2539671,39;5458;2185;128;2135;127
4721;2022-12-01;2903003;BARRA DO MENDES;29;BAHIA;NE;NORDESTE;13049454,01;79654;2339915,5;2080;13472632,46;61260;2328262,37;7666;4872;128;4865;129
5663;2022-12-01;2208502;PORTO;22;PIAUÍ;NE;NORDESTE;10883001,05;74686;3376934,24;2751;10762159,37;57351;1934570,62;6471;3569;104;3760;97
87;2022-12-01;3202603;ICONHA;32;ESPÍRITO SANTO;SE;SUDESTE;24385465,78;90853;21934794,05;9358;23931058,01;68110;16246122,99;23923;5364;512;5223;506
2477;2022-12-01;4321857;TRÊS PALMEIRAS;43;RIO GRANDE DO SUL;SU;SUL;5968006,81;18939;4018116,02;2120;5060096,32;12157;7393361,74;5010;1561;147;1444;144
5659;2022-12-01;2305209;HIDROLÂNDIA;23;CEARÁ;NE;NORDESTE;20621887,96;129879;5531269,03;4173;20031446,61;107374;4162601,25;15607;6806;216;6698;197
3533;2022-12-01;2506004;ESPERANÇA;25;PARAÍBA;NE;NORDESTE;48207375,09;228865;20858679,59;14602;50300632,99;191416;20499803,7;34395;11422;736;12083;665
2520;2022-12-01;4317251;SANTA TEREZA;43;RIO GRANDE DO SUL;SU;SUL;1475263,47;4367;140716,82;171;1336606,34;2893;511757,2;758;426;32;387;39
5284;2022-12-01;2609501;NAZARÉ DA MATA;26;PERNAMBUCO;NE;NORDESTE;43862574,86;268994;10174026,18;7197;44446560,08;214578;17147610,37;20401;12616;347;13121;321
1036;2022-12-01;3139003;MACHADO;31;MINAS GERAIS;SE;SUDESTE;89246570,07;251391;77100701,39;23654;91135759,85;198928;79124671,59;41244;16266;1336;16600;1287
5050;2022-12-01;2202075;CAJAZEIRAS DO PIAUÍ;22;PIAUÍ;NE;NORDESTE;2600804,95;19052;506004,82;460;2424885,33;13880;456418,63;1029;940;17;1012;17
2799;2022-12-01;1506112;QUATIPURU;15;PARÁ;NO;NORTE;13023972,62;90364;1822448,38;2530;12582111,28;72122;1393708,11;6809;4151;75;4302;82
1136;2022-12-01;2411205;SANTA CRUZ;24;RIO GRANDE DO NORTE;NE;NORDESTE;75875048,09;410233;18876187,12;21008;73738214,43;344499;17898236,46;62065;17207;728;17483;705
3534;2022-12-01;3549102;SÃO JOÃO DA BOA VISTA;35;SÃO PAULO;SE;SUDESTE;230815068,91;699431;172118813,46;79131;249843040,54;556033;168466870,31;154976;44377;4188;43844;4101
1838;2022-12-01;1600303;MACAPÁ;16;AMAPÁ;NO;NORTE;1341406218,82;8148142;569750463,62;445574;1344463203,15;6884921;564810617,27;1032434;281259;10882;282051;10374
5600;2023-01-01;2703700;JARAMATAIA;27;ALAGOAS;NE;NORDESTE;6527088,46;25776;1315280,3;819;6034624,76;19519;1131238,45;1626;1721;30;1791;28
861;2023-01-01;4114401;MANGUEIRINHA;41;PARANÁ;SU;SUL;32247753,76;85810;16791501,97;10683;31602533,37;53787;16683568,32;21397;6981;576;6716;585
5868;2023-01-01;2506004;ESPERANÇA;25;PARAÍBA;NE;NORDESTE;44278294,43;210384;22652770,37;13548;45241159,11;168931;22353156,47;33321;11534;760;12047;676
1544;2023-01-01;4219150;VARGEM;42;SANTA CATARINA;SU;SUL;2889772,1;8943;873569,27;505;2795891,85;5682;554447,31;913;875;51;839;50
1703;2023-01-01;2307254;JIJOCA DE JERICOACOARA;23;CEARÁ;NE;NORDESTE;50404344,82;253979;32894871,97;41297;56286624,57;240967;31989269,26;149706;9788;1166;9721;1098
5884;2023-01-01;4215604;SANTA ROSA DE LIMA;42;SANTA CATARINA;SU;SUL;2799457,39;5821;3331043,95;983;3327661,89;4334;2918271,26;1525;670;98;630;93
1701;2023-01-01;3519055;HOLAMBRA;35;SÃO PAULO;SE;SUDESTE;60133323,99;129908;83109874,38;20217;59927047,29;90441;75636163,73;42380;8488;1047;8251;973
4440;2023-01-01;2207405;PALMEIRA DO PIAUÍ;22;PIAUÍ;NE;NORDESTE;6928740,64;36639;958462,35;968;6571840,31;25300;988143,9;3210;2099;59;2085;56
3778;2023-01-01;1200054;ASSIS BRASIL;12;ACRE;NO;NORTE;7278024,13;32016;1416709,33;1153;7121316,32;23974;959294,31;2356;2128;78;2136;66
5577;2023-01-01;3509106;CAIUÁ;35;SÃO PAULO;SE;SUDESTE;5338523,38;25363;766821,45;1523;5008508,55;16999;601293,67;2700;1640;68;1631;63
3783;2023-01-01;2105658;JUNCO DO MARANHÃO;21;MARANHÃO;NE;NORDESTE;6969883,78;42661;1067953,79;959;6364250,46;34582;1025921,2;2318;2104;31;2130;29
5131;2023-01-01;2311900;SABOEIRO;23;CEARÁ;NE;NORDESTE;17484422,22;92998;1789510,88;1758;16790455,61;80294;1562902,64;5664;5059;80;5078;73
2097;2023-01-01;1702901;AXIXÁ DO TOCANTINS;17;TOCANTINS;NO;NORTE;18997156,11;101368;2380168,89;2780;19095421,08;79447;4299030,7;10255;4895;129;5150;128
2238;2023-01-01;2504207;CATINGUEIRA;25;PARAÍBA;NE;NORDESTE;5447901,77;28073;951901,35;874;5914849,74;21821;614493,19;2451;1585;34;1694;32
2007;2023-01-01;1600303;MACAPÁ;16;AMAPÁ;NO;NORTE;1133572961,76;7293831;478294403,04;408277;1111957559,63;6017182;495248448,56;932668;281911;10962;280314;10470
4204;2023-01-01;3148509;PAVÃO;31;MINAS GERAIS;SE;SUDESTE;8988985,23;42479;2904532,3;1895;8756139,18;31988;2660528,08;4223;2758;115;2802;118
5352;2023-01-01;2204550;GUARIBAS;22;PIAUÍ;NE;NORDESTE;6263023,07;25773;3501740,5;1061;4914809,82;18690;4012016,8;1831;1390;55;1407;50
3365;2023-01-01;3135001;JAGUARAÇU;31;MINAS GERAIS;SE;SUDESTE;4352348,23;20575;2631716,01;1293;4532050,53;15371;2623653,37;4114;1340;76;1334;63
3265;2023-01-01;2801306;CAPELA;28;SERGIPE;NE;NORDESTE;35061312,62;212310;18706854,98;5395;34375251,29;161342;26459329,98;20807;11418;283;11741;272
3884;2023-01-01;3550803;SÃO SEBASTIÃO DA GRAMA;35;SÃO PAULO;SE;SUDESTE;14161792,82;47413;13607786,19;4788;14542521,04;34416;12431047,1;8685;3952;345;3958;355
2744;2023-01-01;4106001;CONGONHINHAS;41;PARANÁ;SU;SUL;9519966,53;38536;4234246,09;2821;8868186,44;26974;4088691,93;6140;2997;165;2989;160
241;2023-01-01;3165800;SENADOR JOSÉ BENTO;31;MINAS GERAIS;SE;SUDESTE;1635509,93;5915;332674,06;287;1613623,97;3982;199648,08;493;544;26;488;25
774;2023-01-01;5204706;CAMPINORTE;52;GOIÁS;CO;CENTRO-OESTE;37184849,76;99074;18904874,7;8756;33974743,66;71288;12609348,62;32704;5438;376;5520;382
1152;2023-01-01;2605509;FERREIROS;26;PERNAMBUCO;NE;NORDESTE;13195777,77;69720;1243346,39;1625;12173721,52;56490;1535273,08;4200;4005;108;4071;101
4126;2023-01-01;2513943;SÃO DOMINGOS DO CARIRI;25;PARAÍBA;NE;NORDESTE;3362221,91;16433;113656,54;195;3331650,13;13812;126848,21;420;923;13;904;16
5578;2023-01-01;5215256;NOVO PLANALTO;52;GOIÁS;CO;CENTRO-OESTE;7541686,93;24927;1314027,2;1564;8327942,23;17829;1434891,22;3780;1552;100;1604;91
2976;2023-01-01;3542503;REGINÓPOLIS;35;SÃO PAULO;SE;SUDESTE;9591914,81;46985;3367525,74;3127;9454257,77;34437;3232818,57;6316;2898;168;2812;184
2240;2023-01-01;1501253;BANNACH;15;PARÁ;NO;NORTE;6571193,99;23284;2229930,82;799;6488454,68;16305;2327695,99;3526;1515;50;1426;54
5091;2023-01-01;2607653;ITAMBÉ;26;PERNAMBUCO;NE;NORDESTE;40409863,46;210193;10370196,73;6976;40813446,32;167148;12998719,3;23354;11429;379;11842;371
398;2023-01-01;1718303;PRAIA NORTE;17;TOCANTINS;NO;NORTE;9963029,77;67042;565927,41;768;10357114,01;51941;660545,73;2118;3063;48;3180;44
3943;2023-01-01;5220702;SÍTIO D'ABADIA;52;GOIÁS;CO;CENTRO-OESTE;3501918,77;16218;1199605,46;374;3144743,46;11324;1204304,89;1043;1004;28;979;26
2578;2023-01-01;2200277;ALEGRETE DO PIAUÍ;22;PIAUÍ;NE;NORDESTE;8606645,14;42388;597505,86;1141;8056051,69;32698;767377,92;2229;1948;44;1986;43
57;2023-01-01;4306353;DEZESSEIS DE NOVEMBRO;43;RIO GRANDE DO SUL;SU;SUL;2145599,27;9054;2396885,97;387;2257311,06;5189;1843734,09;1034;803;31;742;36
3294;2023-01-01;1718402;PRESIDENTE KENNEDY;17;TOCANTINS;NO;NORTE;6691451,98;32855;7004582,27;1348;6431251,25;22982;1843896,11;4667;1527;55;1569;52
4593;2023-01-01;2414001;TANGARÁ;24;RIO GRANDE DO NORTE;NE;NORDESTE;22223402,68;135009;3590772,27;3171;21092782,07;116268;4534575,56;15573;6387;179;6439;159
2172;2023-01-01;3144409;NATÉRCIA;31;MINAS GERAIS;SE;SUDESTE;5199529,95;16273;1398290,45;1222;4501448,47;11183;2249981,27;2459;1514;104;1407;101
5082;2023-01-01;5002001;BATAYPORÃ;50;MATO GROSSO DO SUL;CO;CENTRO-OESTE;15825517,89;70339;14767624,83;6685;15446019,11;47424;9117148,84;15514;4959;337;4892;314
1315;2023-01-01;4215307;SALETE;42;SANTA CATARINA;SU;SUL;10986014,11;33972;50171058,49;6681;9364636,02;19436;46200674,14;11076;3235;438;2879;426
1541;2023-01-01;2704104;LAGOA DA CANOA;27;ALAGOAS;NE;NORDESTE;20805113,29;89334;7439729,71;2355;20568087,25;69784;2444294,43;4944;5804;121;5874;105
4425;2023-01-01;1701002;ANANÁS;17;TOCANTINS;NO;NORTE;19489257,99;102586;4220407,82;4263;16884761,28;78081;5769086,28;9987;5095;210;5057;196
1127;2023-01-01;4311734;MAMPITUBA;43;RIO GRANDE DO SUL;SU;SUL;4300509,09;11668;1326487,2;809;4185750,2;8285;632640,65;2102;920;41;890;39
3118;2023-01-01;2511707;PILÕEZINHOS;25;PARAÍBA;NE;NORDESTE;4242066,37;21834;333347,86;663;4141205,19;25896;190600,65;822;1455;30;1535;27
255;2023-01-01;4306502;DOM FELICIANO;43;RIO GRANDE DO SUL;SU;SUL;9991234,74;43139;2682526,11;2671;8065894,96;27091;2482364,8;7721;3700;194;3326;210
2070;2023-01-01;5207600;FAZENDA NOVA;52;GOIÁS;CO;CENTRO-OESTE;9900357,1;35577;3103084,51;2036;10150079,47;26698;2548755,55;4928;2220;134;2140;127
3335;2023-01-01;2409407;PAU DOS FERROS;24;RIO GRANDE DO NORTE;NE;NORDESTE;61149907,96;285282;32563829,6;16405;57195703,5;233578;45920399,68;65110;14161;803;14051;774
4165;2023-01-01;3501806;AMÉRICO DE CAMPOS;35;SÃO PAULO;SE;SUDESTE;9313981,27;34020;1815014,7;1863;10295328,0;24721;2638775,79;5440;2577;153;2474;154
4513;2023-01-01;3536257;PARISI;35;SÃO PAULO;SE;SUDESTE;3941580,1;12888;2396764,3;1142;4344504,56;10340;4737362,52;2244;976;65;956;60
4785;2023-01-01;2803203;ITAPORANGA D'AJUDA;28;SERGIPE;NE;NORDESTE;38699584,4;270896;46135847,55;9389;39056231,42;211165;85902028,22;28847;13275;389;13857;366
5345;2023-01-01;3121506;DESTERRO DO MELO;31;MINAS GERAIS;SE;SUDESTE;2812653,34;10476;619446,69;376;3100679,92;8995;707386,61;960;951;43;913;45
5792;2023-01-01;2915908;ITANAGRA;29;BAHIA;NE;NORDESTE;7503450,91;60976;1449057,46;1661;7709183,22;43634;1265319,47;4751;2874;92;2894;86
2598;2023-01-01;5214838;NOVA CRIXÁS;52;GOIÁS;CO;CENTRO-OESTE;32309997,55;87852;10092575,82;7226;27102256,36;71405;10346594,54;20898;4843;365;4971;322
3325;2023-01-01;2304269;DEPUTADO IRAPUAN PINHEIRO;23;CEARÁ;NE;NORDESTE;9046862,62;46294;2475053,53;1116;8875499,54;36695;1580001,74;4221;2802;72;2813;64
891;2023-01-01;3169406;TRÊS PONTAS;31;MINAS GERAIS;SE;SUDESTE;109139960,19;351247;83604289,33;32347;110287614,94;266234;88239627,52;69481;23450;1788;23873;1731
5780;2023-01-01;3135308;JAPARAÍBA;31;MINAS GERAIS;SE;SUDESTE;6089743,05;21530;2614538,14;1330;5913276,32;14056;2150792,09;4622;1579;127;1454;117
5871;2023-01-01;5103502;DIAMANTINO;51;MATO GROSSO;CO;CENTRO-OESTE;61505749,8;209762;47354959,9;22487;56564785,16;139226;52406066,81;50438;12211;1077;11848;1003
4170;2023-01-01;4211504;NOVA TRENTO;42;SANTA CATARINA;SU;SUL;20923253,62;62738;31384228,29;10244;22158902,32;42495;28825464,78;17304;5369;766;5042;787
4259;2023-01-01;3524204;JABORANDI;35;SÃO PAULO;SE;SUDESTE;11829914,54;39784;2383750,64;2360;11466855,05;26130;2313694,67;4873;2862;172;2707;159
5143;2023-01-01;4100301;AGUDOS DO SUL;41;PARANÁ;SU;SUL;14124431,8;42240;7105319,55;5272;14005842,81;32226;8735243,18;9889;3214;275;3180;277
5765;2023-01-01;2103901;DUQUE BACELAR;21;MARANHÃO;NE;NORDESTE;8053298,52;59977;1230681,04;1305;7218726,12;43572;1148642,86;2693;3344;60;3297;53
3082;2023-01-01;4304408;CANELA;43;RIO GRANDE DO SUL;SU;SUL;111080738,31;427544;91379972,12;66883;122023371,14;301057;84048726,13;129033;25314;3055;24995;2810
3792;2023-01-01;2611309;POMBOS;26;PERNAMBUCO;NE;NORDESTE;38520599,11;175271;17310220,47;8772;40427878,45;150555;15560164,4;22573;9313;309;9558;278
1337;2023-01-01;3518107;GUARANTÃ;35;SÃO PAULO;SE;SUDESTE;8251222,61;45218;1412760,95;2336;8209305,22;32877;2920821,33;6679;3030;152;2950;155
2660;2023-01-01;2111078;SÃO JOÃO DO SOTER;21;MARANHÃO;NE;NORDESTE;14333375,64;93163;777426,43;1292;12115926,88;68568;1196304,47;2315;4722;70;4738;69
2144;2023-01-01;4204194;CHAPADÃO DO LAGEADO;42;SANTA CATARINA;SU;SUL;4605511,74;9780;616396,18;794;4198389,86;5233;1611028,14;2340;935;71;840;68
2658;2023-01-01;2615904;TUPARETAMA;26;PERNAMBUCO;NE;NORDESTE;13879571,98;59651;2006302,62;1454;13012202,75;45274;1872052,57;5330;3460;100;3438;91
1751;2023-01-01;2205540;LAGOINHA DO PIAUÍ;22;PIAUÍ;NE;NORDESTE;2189163,81;14910;2905290,46;268;2648899,64;11274;624922,37;1427;837;16;873;15
215;2023-01-01;4107108;DIAMANTE DO NORTE;41;PARANÁ;SU;SUL;8969386,54;34763;8562901,26;2727;8616582,63;23094;9900219,7;7630;2469;136;2381;131
4249;2023-01-01;1702703;AURORA DO TOCANTINS;17;TOCANTINS;NO;NORTE;3980497,09;18451;557560,84;826;3794863,87;14035;574861,41;2177;1107;45;1117;39
5263;2023-01-01;2100832;APICUM-AÇU;21;MARANHÃO;NE;NORDESTE;16435092,59;105727;3146735,34;2017;15673672,53;83669;3602590,97;5134;5271;99;5128;101
2040;2023-01-01;3549102;SÃO JOÃO DA BOA VISTA;35;SÃO PAULO;SE;SUDESTE;211072400,44;626936;187802179,91;75402;229442909,11;487405;198938341,67;145430;44519;4242;43345;4136
1982;2023-01-01;4317251;SANTA TEREZA;43;RIO GRANDE DO SUL;SU;SUL;1058275,12;3865;167196,92;163;941342,44;2195;295504,18;689;428;30;360;34
5847;2023-01-01;3165206;SÃO TOMÉ DAS LETRAS;31;MINAS GERAIS;SE;SUDESTE;8243197,17;37373;6638598,76;7311;9884104,7;36414;5629303,7;17566;2500;359;2644;340
5767;2023-01-01;2112233;TRIZIDELA DO VALE;21;MARANHÃO;NE;NORDESTE;28612133,47;173489;13104172,69;8703;28081046,76;133918;8425750,0;21483;8065;303;8261;283
955;2023-01-01;2918506;JUSSARA;29;BAHIA;NE;NORDESTE;15025832,39;89478;2147648,83;2141;14530210,2;69711;1917211,76;5467;5331;117;5264;100
4453;2023-01-01;4100400;ALMIRANTE TAMANDARÉ;41;PARANÁ;SU;SUL;197506877,78;1017460;151288672,2;87737;221225046,55;797245;132845516,41;154015;59504;3746;61018;3558
5901;2023-01-01;4107504;ENGENHEIRO BELTRÃO;41;PARANÁ;SU;SUL;24360923,75;88322;14731850,33;9679;22941393,18;56123;14353732,42;20243;6067;488;5937;485
4045;2023-01-01;2926301;RIACHÃO DO JACUÍPE;29;BAHIA;NE;NORDESTE;64529166,89;320327;25713206,01;14518;66884672,88;248742;26979863,02;38246;13910;767;14357;724
1065;2023-01-01;3202603;ICONHA;32;ESPÍRITO SANTO;SE;SUDESTE;22241082,08;84789;20705981,31;8771;23049067,67;63251;17562635,55;22482;5434;520;5182;509
5983;2023-01-01;1400407;NORMANDIA;14;RORAIMA;NO;NORTE;6836778,93;40634;3422348,29;2194;5271723,54;26424;2373350,0;5334;1990;51;1930;51
4862;2023-01-01;2913705;INHAMBUPE;29;BAHIA;NE;NORDESTE;48038285,29;240154;18741740,59;11653;50999246,52;187421;17805359,1;27086;13182;521;13842;534
2308;2023-01-01;3553906;TARABAI;35;SÃO PAULO;SE;SUDESTE;10286646,77;48751;3597773,13;3419;10540407,1;34456;3890038,76;6577;3088;191;3041;166
145;2023-01-01;4311791;MARATÁ;43;RIO GRANDE DO SUL;SU;SUL;2449357,92;9276;1726863,95;1007;2357991,61;5594;2433129,02;2951;844;89;697;82
3812;2023-01-01;1503457;IPIXUNA DO PARÁ;15;PARÁ;NO;NORTE;29049754,61;183357;14068151,19;9593;28759210,71;139489;11576856,04;29084;9162;321;8974;327
4560;2023-01-01;3527256;LOURDES;35;SÃO PAULO;SE;SUDESTE;3334709,29;12533;249582,8;648;3292975,57;8282;294699,06;2103;906;40;897;47
1942;2023-01-01;2910750;FÁTIMA;29;BAHIA;NE;NORDESTE;22218162,11;97522;3247997,68;2883;22837665,56;81329;4119243,19;8571;5599;160;5748;159
4694;2023-01-01;2208502;PORTO;22;PIAUÍ;NE;NORDESTE;9671694,77;68179;2890991,31;2471;8978441,71;51796;1809524,68;6363;3641;102;3759;98
2297;2023-01-01;2400604;ALMINO AFONSO;24;RIO GRANDE DO NORTE;NE;NORDESTE;7976585,67;42828;975461,12;1078;7217266,17;34737;858327,53;3156;2127;59;2002;52
3012;2023-01-01;3114907;CASA GRANDE;31;MINAS GERAIS;SE;SUDESTE;2881269,01;7792;338919,02;361;2943236,8;5567;631271,28;1019;755;33;716;28
959;2023-01-01;3515806;FLORA RICA;35;SÃO PAULO;SE;SUDESTE;1710316,14;8353;287346,85;268;1646142,32;5595;355224,7;860;667;17;651;19
4679;2023-01-01;2608057;JATOBÁ;26;PERNAMBUCO;NE;NORDESTE;16240005,9;99453;3900228,83;2174;14825733,18;73729;2941294,53;6651;5522;100;5485;108
2731;2023-01-01;4302584;BOZANO;43;RIO GRANDE DO SUL;SU;SUL;2521271,02;6033;934345,54;504;3448025,73;3169;855691,88;744;598;36;490;38
1907;2023-01-01;2108009;PASTOS BONS;21;MARANHÃO;NE;NORDESTE;21840687,99;157338;7411068,14;5122;21213855,22;113617;6945395,24;19849;6929;192;6927;186
2989;2023-01-01;2703205;IGREJA NOVA;27;ALAGOAS;NE;NORDESTE;19795618,36;101893;1338655,49;1704;18559021,83;77012;1344818,2;3047;6953;99;7090;85
2543;2023-01-01;1506112;QUATIPURU;15;PARÁ;NO;NORTE;10523090,28;77807;1851238,96;2467;10190933,14;62076;1283178,7;5965;4178;83;4294;87
327;2023-01-01;3123528;DURANDÉ;31;MINAS GERAIS;SE;SUDESTE;7117528,56;31751;1825380,48;1754;6148590,34;20904;1292185,53;3733;2586;133;2343;108
5716;2023-01-01;2305001;GUARACIABA DO NORTE;23;CEARÁ;NE;NORDESTE;43671949,89;236599;13141712,23;11888;44097614,07;189751;16496453,05;41480;13983;555;14142;532
2514;2023-01-01;3540606;PORTO FELIZ;35;SÃO PAULO;SE;SUDESTE;112434087,88;427092;99861851,55;49488;121165303,29;313918;102802555,62;103758;27303;2203;27053;2080
1467;2023-01-01;2702405;DELMIRO GOUVEIA;27;ALAGOAS;NE;NORDESTE;75436410,21;409923;23291618,32;18279;72793245,06;324554;18942951,1;57924;21825;799;22596;757
4061;2023-01-01;3104106;ARCEBURGO;31;MINAS GERAIS;SE;SUDESTE;9410632,03;44351;11809466,48;4351;9592122,7;32065;13189364,41;11623;3477;261;3326;264
5237;2023-01-01;3503307;ARARAS;35;SÃO PAULO;SE;SUDESTE;281246734,63;977091;209785761,92;114316;291326843,33;744572;204308236,18;333740;67803;5690;65975;5370
4717;2023-01-01;2203420;DOMINGOS MOURÃO;22;PIAUÍ;NE;NORDESTE;3717042,47;24109;107633,67;341;3431673,61;17878;133605,2;694;1442;17;1476;18
1224;2023-01-01;3534807;OURO VERDE;35;SÃO PAULO;SE;SUDESTE;10482359,76;46821;3103500,92;2890;10773513,74;32311;3140594,7;7535;3212;180;3163;175
561;2023-01-01;3156809;SABINÓPOLIS;31;MINAS GERAIS;SE;SUDESTE;19425446,29;72257;5051273,43;4028;20177334,49;52822;5292770,19;11453;5352;266;5424;260
178;2023-01-01;2907558;CATURAMA;29;BAHIA;NE;NORDESTE;5452016,54;23145;479280,23;487;5024709,77;17277;451484,6;1306;1737;49;1715;44
5583;2023-01-01;2211704;WALL FERRAZ;22;PIAUÍ;NE;NORDESTE;3791045,3;22700;501458,57;580;3600852,64;15976;328661,99;1778;1283;33;1306;29
326;2023-01-01;3110707;CAMBUQUIRA;31;MINAS GERAIS;SE;SUDESTE;16792107,91;74509;4235394,22;4714;17890001,98;57245;3833498,45;12862;5014;361;5100;366
1811;2023-01-01;3515194;ESPÍRITO SANTO DO TURVO;35;SÃO PAULO;SE;SUDESTE;5655349,35;25642;1994129,67;1487;6258552,99;18481;1587853,17;2815;2010;92;2028;84
1031;2023-01-01;2205151;JACOBINA DO PIAUÍ;22;PIAUÍ;NE;NORDESTE;5291647,18;25721;1401144,06;1159;4836389,33;19816;1246301,97;3286;1355;59;1390;56
3561;2023-01-01;4123303;SANTA CRUZ DE MONTE CASTELO;41;PARANÁ;SU;SUL;17477985,2;49384;7116664,42;4822;17842351,19;34184;7246576,35;12666;3565;265;3451;273
309;2023-01-01;3520608;INDIANA;35;SÃO PAULO;SE;SUDESTE;9130179,88;32478;2943976,49;2563;9513985,39;24219;3854366,29;5075;2281;161;2241;169
1860;2023-01-01;3165701;SENADOR FIRMINO;31;MINAS GERAIS;SE;SUDESTE;8631292,05;33242;2620893,65;2519;8733922,76;24093;2674907,4;5815;2574;176;2491;177
4283;2023-01-01;2602803;BUÍQUE;26;PERNAMBUCO;NE;NORDESTE;37529058,65;193400;5367106,91;5411;37036996,71;150387;5021242,58;17582;12513;297;12989;284
4111;2023-01-01;4110052;IGUATU;41;PARANÁ;SU;SUL;2840863,42;11225;2740614,31;685;2131109,11;7279;1575728,52;1594;820;48;738;45
2680;2023-01-01;4315602;RIO GRANDE;43;RIO GRANDE DO SUL;SU;SUL;378285306,72;1877092;246306532,43;162536;379325709,5;1453956;318812358,9;339767;109298;6610;106705;6244
2562;2023-01-01;3170909;VARZELÂNDIA;31;MINAS GERAIS;SE;SUDESTE;22554283,55;123368;4119170,63;5171;21057787,73;94227;4128313,0;18738;7399;240;7125;227
5505;2023-01-01;4309704;HUMAITÁ;43;RIO GRANDE DO SUL;SU;SUL;6670991,58;19556;3180092,82;1182;4987302,93;11058;3678787,9;4614;1775;135;1529;155
3926;2023-01-01;1705508;COLINAS DO TOCANTINS;17;TOCANTINS;NO;NORTE;106343869,04;385928;60719502,71;32585;107553305,47;287186;56555612,53;95875;17888;1106;18377;1105
4581;2023-01-01;2203503;ELESBÃO VELOSO;22;PIAUÍ;NE;NORDESTE;11024200,59;83016;2014788,47;1491;11002532,47;64793;2075744,95;7375;4832;105;4844;111
4359;2023-01-01;4321857;TRÊS PALMEIRAS;43;RIO GRANDE DO SUL;SU;SUL;4878386,19;16732;1938500,06;1892;4109853,23;10465;3141185,3;4091;1579;144;1406;140
3011;2023-01-01;2701100;BRANQUINHA;27;ALAGOAS;NE;NORDESTE;8302208,79;54930;438353,64;765;7935785,91;41168;370872,09;1300;3344;48;3480;40
4355;2023-01-01;2410306;SERRA CAIADA;24;RIO GRANDE DO NORTE;NE;NORDESTE;10293469,37;59563;6060160,14;2916;9953222,52;50789;4391115,7;8009;3223;105;3316;94
453;2023-01-01;3133204;ITANHOMI;31;MINAS GERAIS;SE;SUDESTE;17756431,88;55606;3133749,78;2386;21650183,36;42303;3083205,26;7302;4224;210;4373;222
1080;2023-01-01;3139003;MACHADO;31;MINAS GERAIS;SE;SUDESTE;70834533,68;221760;62615788,28;21434;79351772,28;169096;67717207,92;36589;16371;1337;16414;1290
500;2023-01-01;3103108;ANTÔNIO PRADO DE MINAS;31;MINAS GERAIS;SE;SUDESTE;1914705,07;9011;134797,61;317;1769706,58;7173;123901,29;413;588;27;555;23
3252;2023-01-01;5212501;LUZIÂNIA;52;GOIÁS;CO;CENTRO-OESTE;441651144,44;2310348;306448745,92;148639;490859271,66;1821677;239777572,81;361560;104681;5756;108929;5419
2538;2023-01-01;2102200;BURITI;21;MARANHÃO;NE;NORDESTE;22145766,46;142116;2923204,39;2514;19803766,6;106492;2204831,85;10038;8267;117;7900;119
1962;2023-01-01;5201405;APARECIDA DE GOIÂNIA;52;GOIÁS;CO;CENTRO-OESTE;1516192522,61;6697308;1277239586,22;553629;1662672055,07;5651711;1306121353,41;1170675;302797;20456;314751;19136
4485;2023-01-01;3136306;JOÃO PINHEIRO;31;MINAS GERAIS;SE;SUDESTE;101617929,7;389724;97769457,71;34845;102359163,84;279653;81830850,86;87052;22904;1765;23349;1677
2409;2023-01-01;4200705;ALFREDO WAGNER;42;SANTA CATARINA;SU;SUL;15920274,37;37843;6478394,04;5113;16941830,49;26494;8414584,76;12785;3442;380;3258;391
1388;2023-01-01;5106703;PONTE BRANCA;51;MATO GROSSO;CO;CENTRO-OESTE;3441640,44;12549;972133,95;765;3248705,43;9386;907878,58;1491;784;45;775;44
5592;2023-01-01;2804300;MURIBECA;28;SERGIPE;NE;NORDESTE;7911141,77;43183;2648902,76;1161;7264981,49;32238;3827734,13;3194;2588;42;2627;41
603;2023-01-01;2506103;FAGUNDES;25;PARAÍBA;NE;NORDESTE;10112040,87;66019;950353,54;941;10307023,52;55926;1167361,27;4087;3960;77;4147;67
1231;2023-01-01;3104700;ATALÉIA;31;MINAS GERAIS;SE;SUDESTE;15596221,81;68234;2641392,59;2294;15579887,51;50040;2131488,36;7050;4445;152;4445;168
4035;2023-01-01;1718501;RECURSOLÂNDIA;17;TOCANTINS;NO;NORTE;4228220,49;21335;1264452,42;835;4135433,14;15957;1355038,39;1432;1220;34;1232;35
1232;2023-01-01;5106182;NOVA LACERDA;51;MATO GROSSO;CO;CENTRO-OESTE;12270819,8;35516;7071291,93;2882;12059040,93;24599;6841158,22;7165;2597;164;2496;152
5499;2023-01-01;3301157;CARDOSO MOREIRA;33;RIO DE JANEIRO;SE;SUDESTE;16760562,03;84875;8952424,71;4726;16736087,44;65515;7714798,32;13452;5331;288;5220;284
1954;2023-01-01;2411205;SANTA CRUZ;24;RIO GRANDE DO NORTE;NE;NORDESTE;69682206,38;375346;17697341,01;18947;66545546,32;303888;16406215,53;54800;17431;749;17494;702
408;2023-02-01;2205151;JACOBINA DO PIAUÍ;22;PIAUÍ;NE;NORDESTE;4640864,81;25437;1340625,21;1128;4525873,25;19178;976559,21;3224;1381;58;1399;52
521;2023-02-01;5204706;CAMPINORTE;52;GOIÁS;CO;CENTRO-OESTE;33126470,01;99783;16665950,79;8140;33002641,16;71536;13504344,45;31563;5470;365;5565;381
4519;2023-02-01;2106003;LIMA CAMPOS;21;MARANHÃO;NE;NORDESTE;13065563,11;90629;2308303,06;3077;13372078,95;70068;2717461,73;7959;4562;136;4534;139
494;2023-02-01;3110707;CAMBUQUIRA;31;MINAS GERAIS;SE;SUDESTE;15318031,23;75516;3646972,33;4452;17001950,77;58005;3630810,88;12650;5088;368;5171;377
3336;2023-02-01;2513943;SÃO DOMINGOS DO CARIRI;25;PARAÍBA;NE;NORDESTE;3222940,91;16666;110597,11;243;3382897,05;13612;198559,9;583;922;13;917;16
5855;2023-02-01;3135308;JAPARAÍBA;31;MINAS GERAIS;SE;SUDESTE;6567474,49;21601;2031465,81;1161;6721864,65;15208;1628806,01;5089;1601;116;1495;124
348;2023-02-01;5106703;PONTE BRANCA;51;MATO GROSSO;CO;CENTRO-OESTE;3335724,2;12016;773318,69;734;3257115,82;9220;623114,57;1376;776;47;772;45
4763;2023-02-01;4321857;TRÊS PALMEIRAS;43;RIO GRANDE DO SUL;SU;SUL;5080444,16;16722;2470213,8;1732;4394480,84;10872;3349632,03;4147;1588;147;1410;145
2123;2023-02-01;3534807;OURO VERDE;35;SÃO PAULO;SE;SUDESTE;9053933,62;47750;3236025,29;2795;10068418,08;32032;2594944,29;7129;3258;185;3222;180
3845;2023-02-01;1503457;IPIXUNA DO PARÁ;15;PARÁ;NO;NORTE;26850510,98;180025;12971078,19;9472;26407274,0;138984;10986387,17;27715;9233;333;9128;325
1485;2023-02-01;4311734;MAMPITUBA;43;RIO GRANDE DO SUL;SU;SUL;3624981,84;11831;1092159,62;829;3775279,4;8288;482541,51;2015;937;44;882;41
2479;2023-02-01;3104700;ATALÉIA;31;MINAS GERAIS;SE;SUDESTE;14070465,94;65015;2190715,0;2173;14375990,79;47172;1895983,96;6933;4443;157;4420;164
2885;2023-02-01;2106904;MONÇÃO;21;MARANHÃO;NE;NORDESTE;20170253,15;164377;2622898,35;2591;17860212,42;119517;2149172,75;11284;8477;104;8259;103
747;2023-02-01;2907558;CATURAMA;29;BAHIA;NE;NORDESTE;5344072,43;23288;478982,86;443;5407386,2;16332;383383,3;1016;1775;51;1758;44
4469;2023-02-01;3542503;REGINÓPOLIS;35;SÃO PAULO;SE;SUDESTE;9785468,59;47760;3051604,66;2940;10255399,58;34600;2824332,73;6872;2960;179;2850;182
336;2023-02-01;3515806;FLORA RICA;35;SÃO PAULO;SE;SUDESTE;1759976,97;8901;234843,1;325;1805789,96;5717;242536,67;885;670;16;644;19
3125;2023-02-01;3170909;VARZELÂNDIA;31;MINAS GERAIS;SE;SUDESTE;22038776,56;123730;4258017,24;5293;21511689,28;92628;3839488,73;17456;7523;243;7198;236
1316;2023-02-01;2918506;JUSSARA;29;BAHIA;NE;NORDESTE;15525106,64;87149;2084540,41;1923;15156854,18;67488;1679677,34;4876;5387;119;5391;105
4358;2023-02-01;2103901;DUQUE BACELAR;21;MARANHÃO;NE;NORDESTE;8120529,21;62077;923312,33;1322;7354824,7;44978;911731,88;2386;3457;57;3381;52
746;2023-02-01;4204194;CHAPADÃO DO LAGEADO;42;SANTA CATARINA;SU;SUL;5078923,74;10063;854483,46;909;6041472,83;5880;1487058,71;2429;935;73;847;71
3844;2023-02-01;3524204;JABORANDI;35;SÃO PAULO;SE;SUDESTE;11079365,59;39115;2234424,56;2441;10829189,02;26454;2286388,73;5040;2888;175;2756;157
2369;2023-02-01;2701100;BRANQUINHA;27;ALAGOAS;NE;NORDESTE;8132995,49;56297;473702,22;813;8162836,32;41632;336777,16;1226;3426;46;3561;42
4723;2023-02-01;2100832;APICUM-AÇU;21;MARANHÃO;NE;NORDESTE;17111055,6;112186;2399915,92;2307;16619395,89;88831;3032365,88;5430;5439;104;5256;90
5285;2023-02-01;1508159;URUARÁ;15;PARÁ;NO;NORTE;69243764,53;312358;27987171,25;19447;69479383,0;214173;26841444,67;63324;16426;602;16259;601
4515;2023-02-01;4107504;ENGENHEIRO BELTRÃO;41;PARANÁ;SU;SUL;25878073,0;88914;16098394,99;9320;24726379,19;56439;15861025,13;19835;6100;494;5963;490
4911;2023-02-01;4100301;AGUDOS DO SUL;41;PARANÁ;SU;SUL;14125770,4;41736;7053492,58;5218;15504500,08;31733;7941801,57;10168;3253;279;3211;267
5841;2023-02-01;5219704;SANTA TEREZINHA DE GOIÁS;52;GOIÁS;CO;CENTRO-OESTE;29294506,59;72408;5396489,54;5965;32332815,68;53518;5649462,36;16234;4122;269;4279;272
2861;2023-02-01;3144409;NATÉRCIA;31;MINAS GERAIS;SE;SUDESTE;5314915,91;15688;1916954,45;1119;4546245,09;11060;5712902,94;2363;1492;104;1409;105
4266;2023-02-01;2207405;PALMEIRA DO PIAUÍ;22;PIAUÍ;NE;NORDESTE;6363265,84;36444;1210934,36;905;6474120,08;24993;810259,41;2884;2132;55;2135;54
3803;2023-02-01;5202353;ARENÓPOLIS;52;GOIÁS;CO;CENTRO-OESTE;8503267,63;19957;2066084,8;1453;7788209,61;13530;2084885,65;3715;1267;82;1274;77
3247;2023-02-01;2704104;LAGOA DA CANOA;27;ALAGOAS;NE;NORDESTE;20459343,6;91181;4143136,39;2256;20517358,6;71320;2651875,34;4743;5974;127;6001;113
607;2023-02-01;4215307;SALETE;42;SANTA CATARINA;SU;SUL;11017783,76;35019;28693609,29;6304;9515186,53;20384;27263772,69;11860;3268;456;2961;436
432;2023-02-01;1702901;AXIXÁ DO TOCANTINS;17;TOCANTINS;NO;NORTE;16557312,87;98157;2249860,55;2659;16529030,51;74535;3728707,08;9479;5025;124;5249;118
3163;2023-02-01;3553906;TARABAI;35;SÃO PAULO;SE;SUDESTE;9857202,34;47382;3883030,55;3314;10144163,9;33869;4138383,33;6068;3129;192;3074;179
380;2023-02-01;3519055;HOLAMBRA;35;SÃO PAULO;SE;SUDESTE;53403627,89;127130;73442662,5;19661;53053337,45;87490;66481085,89;41329;8491;1051;8243;995
4408;2023-02-01;4211504;NOVA TRENTO;42;SANTA CATARINA;SU;SUL;21430715,51;62924;35748562,02;10465;23310208,61;41827;33093972,55;17876;5477;801;5095;776
1404;2023-02-01;3202603;ICONHA;32;ESPÍRITO SANTO;SE;SUDESTE;20225374,84;81544;18371785,43;8711;20749137,57;59464;15732434,38;22320;5435;519;5150;509
438;2023-02-01;4107108;DIAMANTE DO NORTE;41;PARANÁ;SU;SUL;7891013,41;34711;9978552,64;2723;7855246,3;23210;10190345,47;7573;2494;132;2388;129
3151;2023-02-01;5103502;DIAMANTINO;51;MATO GROSSO;CO;CENTRO-OESTE;81575808,3;215076;42027279,05;23105;65980883,22;144020;53068131,16;53820;12422;1079;12067;1020
638;2023-02-01;4106001;CONGONHINHAS;41;PARANÁ;SU;SUL;9616588,89;38326;2402080,5;2531;9214717,46;26648;2149941,46;6110;3035;173;3024;165
4277;2023-02-01;2602803;BUÍQUE;26;PERNAMBUCO;NE;NORDESTE;34930842,7;190909;5624467,45;5206;35168103,32;147303;5996109,64;20242;12670;298;13136;288
621;2023-02-01;3156809;SABINÓPOLIS;31;MINAS GERAIS;SE;SUDESTE;17947981,95;71647;5526628,17;4053;20160918,01;51864;5166385,6;11505;5441;265;5504;258
2497;2023-02-01;5214838;NOVA CRIXÁS;52;GOIÁS;CO;CENTRO-OESTE;32565772,41;86798;10043713,71;7321;27178894,16;70169;9930130,02;21392;4908;370;5033;328
3113;2023-02-01;2200277;ALEGRETE DO PIAUÍ;22;PIAUÍ;NE;NORDESTE;8856799,61;44052;647381,53;1133;8355977,69;33685;693946,87;2084;1973;43;2017;48
4279;2023-02-01;2801306;CAPELA;28;SERGIPE;NE;NORDESTE;33442415,52;204639;19272678,14;5026;34325577,1;156300;31801058,39;18737;11431;283;11801;272
612;2023-02-01;3515194;ESPÍRITO SANTO DO TURVO;35;SÃO PAULO;SE;SUDESTE;5469013,72;26477;2102440,49;1679;6034008,6;18301;1551813,77;3100;2005;107;2026;90
2516;2023-02-01;4200705;ALFREDO WAGNER;42;SANTA CATARINA;SU;SUL;14779345,82;36238;5996732,26;5117;19286446,1;25923;8710056,59;12177;3456;387;3263;400
2871;2023-02-01;3136306;JOÃO PINHEIRO;31;MINAS GERAIS;SE;SUDESTE;95799406,12;378400;104596022,27;33200;97565662,09;273360;83375010,3;83385;23167;1794;23519;1725
3235;2023-02-01;4304408;CANELA;43;RIO GRANDE DO SUL;SU;SUL;103567617,18;412452;80578544,81;60709;112297182,73;284004;72045986,16;113570;25497;3053;25061;2775
2909;2023-02-01;3503307;ARARAS;35;SÃO PAULO;SE;SUDESTE;263315456,67;971787;192131852,46;112741;290105359,16;744220;170715172,02;325131;68272;5745;66555;5415
2179;2023-02-01;3169406;TRÊS PONTAS;31;MINAS GERAIS;SE;SUDESTE;107072024,37;350798;96165343,67;31176;108064428,18;267462;113003033,8;66179;23735;1814;24168;1740
1557;2023-02-01;2400604;ALMINO AFONSO;24;RIO GRANDE DO NORTE;NE;NORDESTE;7845888,0;43115;1086251,97;998;7088599,52;34667;824789,26;3077;2142;61;2013;54
5857;2023-02-01;3301157;CARDOSO MOREIRA;33;RIO DE JANEIRO;SE;SUDESTE;15735802,79;84439;8040557,78;4499;15910348,76;65924;6800730,06;13338;5408;298;5306;289
2185;2023-02-01;4219150;VARGEM;42;SANTA CATARINA;SU;SUL;3006695,36;8915;744936,09;527;2878389,93;5859;661319,45;1021;890;48;857;47
2187;2023-02-01;4302584;BOZANO;43;RIO GRANDE DO SUL;SU;SUL;2127135,74;5761;932156,54;536;1738076,14;3262;549927,38;768;594;33;480;38
1444;2023-02-01;5212501;LUZIÂNIA;52;GOIÁS;CO;CENTRO-OESTE;439717704,84;2308318;285033701,83;145883;496862251,44;1807097;230541239,75;353976;105612;5777;109953;5427
5154;2023-02-01;4123303;SANTA CRUZ DE MONTE CASTELO;41;PARANÁ;SU;SUL;16766796,06;48729;5263274,15;4672;16742889,3;32827;5616910,86;12110;3604;259;3467;264
2219;2023-02-01;3527256;LOURDES;35;SÃO PAULO;SE;SUDESTE;3192783,51;12106;264601,16;662;3626716,99;7912;293742,73;2018;909;38;891;46
4421;2023-02-01;1718501;RECURSOLÂNDIA;17;TOCANTINS;NO;NORTE;4138515,7;21710;969312,59;745;4096776,33;15862;1298066,45;1462;1215;34;1263;33
414;2023-02-01;3520608;INDIANA;35;SÃO PAULO;SE;SUDESTE;8785726,42;32283;3626261,29;2536;8847258,84;24031;3468142,4;4866;2256;166;2246;158
3303;2023-02-01;1705508;COLINAS DO TOCANTINS;17;TOCANTINS;NO;NORTE;103688882,53;374915;61937791,83;32458;105035610,44;287397;69290870,63;92472;18010;1129;18584;1111
578;2023-02-01;2411205;SANTA CRUZ;24;RIO GRANDE DO NORTE;NE;NORDESTE;65690930,0;365651;16246580,48;17542;62856470,77;296606;15198721,78;51811;17575;728;17623;708
5830;2023-02-01;2112233;TRIZIDELA DO VALE;21;MARANHÃO;NE;NORDESTE;26948584,87;170368;12717726,26;7835;26884002,89;131478;7220567,99;19627;8170;296;8362;286
5984;2023-02-01;2702603;FEIRA GRANDE;27;ALAGOAS;NE;NORDESTE;21083335,99;91632;2307985,81;2099;20809324,1;71017;2197756,73;4214;6198;123;6230;111
584;2023-02-01;3518107;GUARANTÃ;35;SÃO PAULO;SE;SUDESTE;8017860,95;45631;1428559,53;2406;8249401,46;32603;2662446,31;6502;3095;161;2983;157
1496;2023-02-01;5106182;NOVA LACERDA;51;MATO GROSSO;CO;CENTRO-OESTE;11578238,09;35835;5358482,37;2763;11704395,65;24142;7116125,11;6765;2612;170;2498;159
4707;2023-02-01;1718402;PRESIDENTE KENNEDY;17;TOCANTINS;NO;NORTE;6192568,17;31999;3369756,78;1495;5685668,58;22797;1467978,01;4446;1545;55;1572;50
5994;2023-02-01;3121506;DESTERRO DO MELO;31;MINAS GERAIS;SE;SUDESTE;2749755,59;10371;699743,57;422;3032917,54;9311;746992,13;993;964;47;929;44
4691;2023-02-01;3550803;SÃO SEBASTIÃO DA GRAMA;35;SÃO PAULO;SE;SUDESTE;13361633,43;46732;13423011,43;4853;14201713,12;33820;14389488,66;8740;3974;347;3994;356
1719;2023-02-01;5201405;APARECIDA DE GOIÂNIA;52;GOIÁS;CO;CENTRO-OESTE;1450724237,04;6604519;1115141952,82;557346;1608002376,4;5583357;1091038446,15;1253902;305032;20658;316914;19238
1710;2023-02-01;3139003;MACHADO;31;MINAS GERAIS;SE;SUDESTE;64885405,44;224202;117243078,37;21285;71492704,94;171385;134654182,86;36523;16567;1344;16723;1326
2694;2023-02-01;2203503;ELESBÃO VELOSO;22;PIAUÍ;NE;NORDESTE;11062477,56;83414;1747955,28;1286;11101104,05;63964;1724007,78;6822;4955;105;4926;107
1843;2023-02-01;2605509;FERREIROS;26;PERNAMBUCO;NE;NORDESTE;11818404,0;70301;1174226,77;1533;11235329,35;58284;1282332,96;4509;4070;114;4118;98
4125;2023-02-01;2609501;NAZARÉ DA MATA;26;PERNAMBUCO;NE;NORDESTE;36701776,54;241029;9174675,12;6495;37465572,05;190129;16192351,22;19172;12841;341;13223;325
4558;2023-02-01;3148509;PAVÃO;31;MINAS GERAIS;SE;SUDESTE;8602359,17;41085;3064744,29;1745;8650937,79;30093;2369226,64;3710;2794;116;2804;120
1927;2023-02-01;1501253;BANNACH;15;PARÁ;NO;NORTE;6579750,87;23675;2060970,26;884;6580537,35;16393;1940449,4;3718;1535;50;1480;54
138;2023-02-01;3123528;DURANDÉ;31;MINAS GERAIS;SE;SUDESTE;7193809,94;31530;2014493,22;1826;6206936,74;21312;1252620,35;3912;2559;136;2346;113
5643;2023-02-01;2409407;PAU DOS FERROS;24;RIO GRANDE DO NORTE;NE;NORDESTE;56983425,07;276288;24889796,0;15371;54223311,42;226925;33767634,36;59706;14334;801;14187;777
2692;2023-02-01;3165701;SENADOR FIRMINO;31;MINAS GERAIS;SE;SUDESTE;8647153,41;32330;3159694,77;2678;8917597,43;23648;3188009,53;6616;2629;183;2492;189
1932;2023-02-01;4311791;MARATÁ;43;RIO GRANDE DO SUL;SU;SUL;2390946,6;8619;1687026,46;1024;2839781,44;5405;2353093,64;2645;850;91;716;92
4076;2023-02-01;2511707;PILÕEZINHOS;25;PARAÍBA;NE;NORDESTE;4243339,71;22536;288205,46;708;4531909,77;20657;211549,36;866;1479;29;1534;30
1635;2023-02-01;5207600;FAZENDA NOVA;52;GOIÁS;CO;CENTRO-OESTE;11038001,42;37325;2750417,61;2055;10546916,43;28633;2452910,82;5100;2219;137;2175;129
4547;2023-02-01;2300408;AIUABA;23;CEARÁ;NE;NORDESTE;13733254,44;87379;699112,65;1602;13570087,05;72540;836554,95;4034;4938;111;4885;108
808;2023-02-01;2504207;CATINGUEIRA;25;PARAÍBA;NE;NORDESTE;5332778,2;28111;1025486,72;1049;6185905,82;23490;436803,63;2281;1619;34;1714;31
2056;2023-02-01;1600303;MACAPÁ;16;AMAPÁ;NO;NORTE;1048183255,06;7124787;466678791,26;388886;1049267153,63;5900400;444297259,6;889968;283688;10962;282185;10484
5114;2023-02-01;1706001;COUTO MAGALHÃES;17;TOCANTINS;NO;NORTE;7002488,9;31214;35258595,84;3142;6559956,58;23665;30302693,11;6405;1856;99;1874;91
4947;2023-02-01;3501806;AMÉRICO DE CAMPOS;35;SÃO PAULO;SE;SUDESTE;9854118,12;33749;1714773,49;1944;10572421,64;24861;2014753,08;5602;2600;154;2501;158
5745;2023-02-01;3114907;CASA GRANDE;31;MINAS GERAIS;SE;SUDESTE;2850429,41;7690;417576,79;325;2897580,7;5574;531868,42;1207;767;29;729;26
1981;2023-02-01;4317251;SANTA TEREZA;43;RIO GRANDE DO SUL;SU;SUL;1195177,39;3957;113586,55;141;1132893,6;2360;323405,7;540;414;29;372;34
4143;2023-02-01;4110052;IGUATU;41;PARANÁ;SU;SUL;3072374,73;10767;1285878,99;689;2849378,38;6853;1476547,94;1530;812;46;758;48
4607;2023-02-01;3549102;SÃO JOÃO DA BOA VISTA;35;SÃO PAULO;SE;SUDESTE;208357332,61;623874;207786883,84;74602;226777684,77;488950;214675602,03;143982;44821;4325;43827;4159
3025;2023-02-01;2202778;COLÔNIA DO PIAUÍ;22;PIAUÍ;NE;NORDESTE;5597468,07;39673;616413,1;740;5994134,22;27586;420550,63;1589;2152;42;2341;41
1613;2023-02-01;2108009;PASTOS BONS;21;MARANHÃO;NE;NORDESTE;21967807,21;176638;8848497,84;5106;21245032,86;119836;8887062,22;18230;7125;195;7091;178
1944;2023-02-01;1506112;QUATIPURU;15;PARÁ;NO;NORTE;9836586,88;76973;1987800,05;2507;9668699,96;59632;1224955,82;5714;4277;83;4371;88
4546;2023-02-01;2111078;SÃO JOÃO DO SOTER;21;MARANHÃO;NE;NORDESTE;12614660,89;91446;652899,21;1058;11646854,36;66834;982117,03;2185;4777;66;4820;69
5162;2023-02-01;2506004;ESPERANÇA;25;PARAÍBA;NE;NORDESTE;41953226,82;206979;23704435,45;13649;43385273,32;165816;21841669,33;30055;11736;751;12183;694
4830;2023-02-01;2703700;JARAMATAIA;27;ALAGOAS;NE;NORDESTE;6354424,0;25929;1240135,69;760;5860985,97;19815;1206750,48;1594;1761;27;1845;30
4002;2023-02-01;2703205;IGREJA NOVA;27;ALAGOAS;NE;NORDESTE;20165047,57;104637;1478897,73;1514;18530594,34;77529;1675761,52;2975;7192;103;7268;92
3696;2023-02-01;2102200;BURITI;21;MARANHÃO;NE;NORDESTE;20794895,92;142144;2432420,29;2482;19114310,57;105502;1895131,56;10405;8486;116;8070;123
5472;2023-02-01;2312106;SANTANA DO CARIRI;23;CEARÁ;NE;NORDESTE;14926557,41;99360;931486,09;1273;14012943,68;74720;1256952,07;5513;6220;82;6179;76
830;2023-02-01;2205540;LAGOINHA DO PIAUÍ;22;PIAUÍ;NE;NORDESTE;1831744,23;14456;2428557,1;256;2119659,89;10465;483664,27;1230;840;18;874;18
56;2023-02-01;3165800;SENADOR JOSÉ BENTO;31;MINAS GERAIS;SE;SUDESTE;1804445,95;6220;218295,41;239;1576779,86;4297;231239,55;371;545;24;501;27
3486;2023-02-01;2204550;GUARIBAS;22;PIAUÍ;NE;NORDESTE;6024161,2;26495;3062943,21;928;4844226,77;17852;3686898,12;1747;1427;51;1432;49
2632;2023-02-01;4114401;MANGUEIRINHA;41;PARANÁ;SU;SUL;27313302,14;86292;22182115,57;10394;26130840,89;54875;19353838,54;21985;6996;582;6779;584
2942;2023-02-01;2926301;RIACHÃO DO JACUÍPE;29;BAHIA;NE;NORDESTE;60525235,63;309442;30377705,48;13779;62395361,74;236460;31431696,01;36028;14036;746;14501;722
3457;2023-02-01;2304269;DEPUTADO IRAPUAN PINHEIRO;23;CEARÁ;NE;NORDESTE;8688261,17;46106;2290912,77;1026;8696371,55;36745;1513065,46;4084;2817;71;2859;70
3565;2023-02-01;1200054;ASSIS BRASIL;12;ACRE;NO;NORTE;7686769,68;33228;1410491,68;1234;7598608,56;24507;1472785,64;2592;2185;76;2181;64
1009;2023-02-01;2702405;DELMIRO GOUVEIA;27;ALAGOAS;NE;NORDESTE;70965466,14;409960;21338428,94;16808;68282997,23;317537;19889040,24;54825;22208;808;22876;768
1696;2023-02-01;2307254;JIJOCA DE JERICOACOARA;23;CEARÁ;NE;NORDESTE;46114717,98;233690;27512669,43;35225;49070220,19;204338;25745500,06;124526;9842;1160;9738;1083
4620;2023-02-01;3104106;ARCEBURGO;31;MINAS GERAIS;SE;SUDESTE;10032806,21;45833;11359489,15;4526;10274988,41;32353;15073696,09;12482;3498;262;3387;271
2809;2023-02-01;2506103;FAGUNDES;25;PARAÍBA;NE;NORDESTE;9487652,26;65131;824655,8;965;9701512,66;52986;962849,95;4094;3969;75;4143;67
2700;2023-02-01;2910750;FÁTIMA;29;BAHIA;NE;NORDESTE;20999457,42;96030;3059726,81;2921;20730281,39;75686;3781365,58;8302;5725;161;5892;161
234;2023-02-01;4306353;DEZESSEIS DE NOVEMBRO;43;RIO GRANDE DO SUL;SU;SUL;1880000,52;8693;1860952,32;428;1857675,91;4791;1624355,93;979;794;33;729;40
4999;2023-02-01;2410306;SERRA CAIADA;24;RIO GRANDE DO NORTE;NE;NORDESTE;9959690,23;59716;5767844,44;2548;10043329,54;49441;4396680,66;7513;3265;102;3320;93
2982;2023-02-01;2913705;INHAMBUPE;29;BAHIA;NE;NORDESTE;44413724,94;238472;18790748,08;11465;46083653,6;185435;19858034,99;27118;13459;532;14106;529
3495;2023-02-01;2105658;JUNCO DO MARANHÃO;21;MARANHÃO;NE;NORDESTE;7328292,84;42917;1023721,4;910;6767281,94;34767;1015255,47;2174;2155;27;2150;33
5514;2023-02-01;2202075;CAJAZEIRAS DO PIAUÍ;22;PIAUÍ;NE;NORDESTE;2322602,56;18398;606500,78;512;2389405,82;12743;398108,61;982;959;20;1066;20
3490;2023-02-01;2615904;TUPARETAMA;26;PERNAMBUCO;NE;NORDESTE;12796999,48;59691;1942733,45;1421;12160779,97;45873;1619845,33;5385;3478;108;3485;94
5359;2023-02-01;2608057;JATOBÁ;26;PERNAMBUCO;NE;NORDESTE;15845013,23;99458;4997366,57;2022;14686353,89;72467;3060822,4;6493;5613;109;5497;113
870;2023-02-01;1718303;PRAIA NORTE;17;TOCANTINS;NO;NORTE;8695543,27;62894;598323,1;628;8804519,12;47252;767056,1;2282;3060;48;3160;48
5460;2023-02-01;2611309;POMBOS;26;PERNAMBUCO;NE;NORDESTE;36238750,88;169273;13022296,22;8015;39481356,53;141937;13838016,67;22087;9420;317;9660;279
121;2023-02-01;4306502;DOM FELICIANO;43;RIO GRANDE DO SUL;SU;SUL;9958546,4;43223;2275544,35;2528;8935420,29;26118;2391502,5;7682;3751;197;3424;201
4966;2023-02-01;2203420;DOMINGOS MOURÃO;22;PIAUÍ;NE;NORDESTE;3403472,69;23112;122412,86;263;3117926,75;16836;83576,02;712;1390;18;1449;19
3620;2023-02-01;1702703;AURORA DO TOCANTINS;17;TOCANTINS;NO;NORTE;3845217,35;19209;647786,73;959;3774619,29;14498;540479,63;2037;1138;45;1141;47
5112;2023-02-01;4100400;ALMIRANTE TAMANDARÉ;41;PARANÁ;SU;SUL;195198399,24;1018780;133131621,13;86795;224182449,56;800665;125800491,71;153032;59931;3793;61415;3613
1999;2023-02-01;4315602;RIO GRANDE;43;RIO GRANDE DO SUL;SU;SUL;358354446,01;1806011;279287748,79;151932;361225252,16;1385328;436942211,03;323020;109934;6591;106792;6257
216;2023-02-01;3133204;ITANHOMI;31;MINAS GERAIS;SE;SUDESTE;16320833,87;53336;3254987,68;2293;21342293,77;41737;2870658,8;7113;4288;208;4389;226
3383;2023-02-01;2915908;ITANAGRA;29;BAHIA;NE;NORDESTE;8164228,67;60885;1836653,19;1681;7967987,05;44352;1608315,3;4491;2866;90;2944;85
5377;2023-02-01;1701002;ANANÁS;17;TOCANTINS;NO;NORTE;17174542,82;103990;4481336,09;4022;16867950,48;78662;4545187,99;9671;5163;208;5094;194
135;2023-02-01;3103108;ANTÔNIO PRADO DE MINAS;31;MINAS GERAIS;SE;SUDESTE;1978563,99;9062;79710,15;244;1836000,17;7386;68216,27;411;609;25;580;20
1912;2023-02-01;3540606;PORTO FELIZ;35;SÃO PAULO;SE;SUDESTE;104176404,9;425289;98613836,89;48997;116801785,37;314803;92102051,14;105551;27568;2212;27293;2096
4994;2023-02-01;2926806;RIO DO ANTÔNIO;29;BAHIA;NE;NORDESTE;12859589,26;49896;1750934,44;1392;12607950,5;36315;2282396,79;4134;3587;110;3509;112
2797;2023-02-01;2414001;TANGARÁ;24;RIO GRANDE DO NORTE;NE;NORDESTE;21030370,71;135079;2908585,45;2998;20657366,31;114556;3654670,66;14790;6447;181;6481;168
908;2023-03-01;5204706;CAMPINORTE;52;GOIÁS;CO;CENTRO-OESTE;44946018,9;120686;26234164,44;9582;41772230,18;84318;21500105,19;37371;5692;393;5783;388
4659;2023-03-01;3501806;AMÉRICO DE CAMPOS;35;SÃO PAULO;SE;SUDESTE;10355853,44;37571;2241544,36;2475;12221708,07;27849;2493567,83;6633;2658;160;2565;166
3242;2023-03-01;3524204;JABORANDI;35;SÃO PAULO;SE;SUDESTE;14380634,32;46384;2745843,43;3028;14515181,96;30913;3130357,73;6012;2945;192;2842;170
2729;2023-03-01;3104700;ATALÉIA;31;MINAS GERAIS;SE;SUDESTE;17347531,81;76619;3060842,32;2879;16953121,91;54406;2535624,59;8452;4587;166;4676;171
5547;2023-03-01;2305209;HIDROLÂNDIA;23;CEARÁ;NE;NORDESTE;20763316,43;135187;4651257,76;4613;19362496,67;111526;3913824,81;16397;7066;230;6955;217
881;2023-03-01;5201405;APARECIDA DE GOIÂNIA;52;GOIÁS;CO;CENTRO-OESTE;1704220257,15;7830490;1422398870,24;709586;1898013321,0;6567698;1403963354,25;1547812;311704;21476;324420;20093
5507;2023-03-01;3148806;PEDRA DO ANTA;31;MINAS GERAIS;SE;SUDESTE;3408343,98;15212;594377,98;622;3400117,62;12786;509888,46;1132;1052;49;1067;48
59;2023-03-01;4306502;DOM FELICIANO;43;RIO GRANDE DO SUL;SU;SUL;13252717,02;51220;3658122,5;3095;11348653,72;30702;5092125,6;9929;3928;204;3633;213
1996;2023-03-01;4106001;CONGONHINHAS;41;PARANÁ;SU;SUL;11009903,81;46897;3098921,56;3022;10502614,89;33288;2509491,12;7581;3147;179;3147;169
640;2023-03-01;2205151;JACOBINA DO PIAUÍ;22;PIAUÍ;NE;NORDESTE;5242848,01;30558;1298769,99;1362;4969699,33;22679;1359733,17;3797;1467;59;1469;57
5161;2023-03-01;2803203;ITAPORANGA D'AJUDA;28;SERGIPE;NE;NORDESTE;42661269,41;307550;19594963,26;10495;43058017,26;229597;50362986,15;34646;14003;414;14522;390
5859;2023-03-01;2801306;CAPELA;28;SERGIPE;NE;NORDESTE;38626567,86;244632;14258109,66;6080;38377541,54;184182;32315004,41;23635;11919;302;12329;277
1603;2023-03-01;4311791;MARATÁ;43;RIO GRANDE DO SUL;SU;SUL;2523986,4;9559;1689385,86;1120;2771966,76;6474;2253981,36;3302;866;96;744;94
58;2023-03-01;3515806;FLORA RICA;35;SÃO PAULO;SE;SUDESTE;2471839,64;10900;436338,53;521;1998111,41;6982;593891,28;1263;693;16;669;20
2239;2023-03-01;4110052;IGUATU;41;PARANÁ;SU;SUL;3760816,32;13224;2149892,9;842;3107160,85;8189;1747580,59;2070;861;50;835;54
4746;2023-03-01;4127304;TERRA RICA;41;PARANÁ;SU;SUL;33977165,75;106772;8005263,88;8635;35278294,01;72195;7919848,93;21687;6751;465;6767;454
3458;2023-03-01;3114907;CASA GRANDE;31;MINAS GERAIS;SE;SUDESTE;3605447,91;9204;375420,65;378;3214663,84;6242;549690,3;1258;801;32;750;26
1947;2023-03-01;3534807;OURO VERDE;35;SÃO PAULO;SE;SUDESTE;10764186,05;56032;3063495,4;3365;10964011,19;38336;3455732,92;8132;3411;190;3393;179
2683;2023-03-01;1501253;BANNACH;15;PARÁ;NO;NORTE;7827387,49;28870;1789747,5;925;7825040,45;19215;2386352,18;4446;1603;57;1542;60
4082;2023-03-01;3148509;PAVÃO;31;MINAS GERAIS;SE;SUDESTE;10096049,17;49100;4913839,11;2136;10417194,16;35682;3556457,32;4462;2838;125;2914;126
3901;2023-03-01;2203420;DOMINGOS MOURÃO;22;PIAUÍ;NE;NORDESTE;3853676,72;26883;151869,83;364;3461000,45;19073;114851,16;752;1409;18;1428;21
5493;2023-03-01;2611309;POMBOS;26;PERNAMBUCO;NE;NORDESTE;42869031,09;201175;17665316,02;9594;45578740,76;167728;16841740,16;25697;9722;317;9969;288
1844;2023-03-01;2203503;ELESBÃO VELOSO;22;PIAUÍ;NE;NORDESTE;13075067,53;101647;1755967,58;1475;12996612,56;75992;1767040,8;8401;5132;122;5181;118
3023;2023-03-01;1600303;MACAPÁ;16;AMAPÁ;NO;NORTE;1223610078,87;8348691;562238350,29;472591;1230459554,88;6879648;531605552,61;1064410;289340;11355;288789;10868
1908;2023-03-01;2105658;JUNCO DO MARANHÃO;21;MARANHÃO;NE;NORDESTE;8384516,42;52325;1278722,97;1423;7614247,01;41495;1315018,65;3105;2234;30;2232;34
539;2023-03-01;3110707;CAMBUQUIRA;31;MINAS GERAIS;SE;SUDESTE;17784484,0;88028;4469376,96;5505;20644017,8;66429;4094535,8;14396;5241;377;5334;384
1936;2023-03-01;4200705;ALFREDO WAGNER;42;SANTA CATARINA;SU;SUL;18530378,71;43455;7570699,27;5862;23962795,48;30160;9583395,45;14420;3583;403;3402;419
4735;2023-03-01;1718501;RECURSOLÂNDIA;17;TOCANTINS;NO;NORTE;4930921,3;25739;1508144,38;867;5041629,73;18770;2402745,8;1635;1294;34;1323;32
4365;2023-03-01;2300408;AIUABA;23;CEARÁ;NE;NORDESTE;15535305,78;106301;894030,73;2363;15376564,39;88258;1130858,62;5401;5098;118;5133;116
4473;2023-03-01;1705508;COLINAS DO TOCANTINS;17;TOCANTINS;NO;NORTE;128937190,82;452021;96379074,63;39868;128897434,17;339270;91958947,27;110631;18461;1185;19101;1149
4048;2023-03-01;2920601;MARAGOGIPE;29;BAHIA;NE;NORDESTE;48975263,12;357197;5168145,51;6359;48453695,29;299363;4711194,05;14633;14885;306;15415;295
1663;2023-03-01;2605509;FERREIROS;26;PERNAMBUCO;NE;NORDESTE;14251977,9;82158;1466918,3;1773;14021546,13;66194;1799447,54;5402;4226;112;4246;102
2803;2023-03-01;3136306;JOÃO PINHEIRO;31;MINAS GERAIS;SE;SUDESTE;112274525,92;446552;119189120,74;39860;115862536,04;319143;98464044,63;98158;23781;1860;24373;1783
506;2023-03-01;2307254;JIJOCA DE JERICOACOARA;23;CEARÁ;NE;NORDESTE;48242800,64;265445;27912891,36;38990;48730256,95;222015;26068647,41;133168;10093;1192;9999;1109
1865;2023-03-01;2205540;LAGOINHA DO PIAUÍ;22;PIAUÍ;NE;NORDESTE;2030160,65;17138;3324992,4;302;2396891,63;12420;536249,94;1466;867;18;913;17
2375;2023-03-01;2506103;FAGUNDES;25;PARAÍBA;NE;NORDESTE;11021666,79;73727;978106,65;1163;11143561,89;60561;1037585,13;4974;4082;87;4283;74
5312;2023-03-01;3550803;SÃO SEBASTIÃO DA GRAMA;35;SÃO PAULO;SE;SUDESTE;15590159,6;55480;13608806,51;5807;16862227,44;39655;14050140,12;10698;4138;353;4186;375
1937;2023-03-01;5207600;FAZENDA NOVA;52;GOIÁS;CO;CENTRO-OESTE;12836755,28;43292;3112394,57;2364;12011197,24;32487;3006984,73;5746;2301;147;2235;133
5731;2023-03-01;2702603;FEIRA GRANDE;27;ALAGOAS;NE;NORDESTE;24487246,46;111068;4014376,89;2974;23704784,02;84296;3157003,9;5665;6488;133;6506;118
3826;2023-03-01;1200054;ASSIS BRASIL;12;ACRE;NO;NORTE;8284708,82;39063;1388330,0;1293;8068609,36;28465;769405,7;2928;2382;74;2407;61
5479;2023-03-01;3536257;PARISI;35;SÃO PAULO;SE;SUDESTE;4858432,07;15569;3683351,37;1363;4721199,73;12078;2803228,46;2777;1039;69;1030;66
1833;2023-03-01;3139003;MACHADO;31;MINAS GERAIS;SE;SUDESTE;84246194,35;266920;175290527,09;26524;90420159,57;204239;187965921,71;45912;17158;1411;17314;1369
1958;2023-03-01;3515194;ESPÍRITO SANTO DO TURVO;35;SÃO PAULO;SE;SUDESTE;6831022,7;33509;2855061,86;2019;6907391,98;22000;1932136,64;3760;2100;103;2143;85
1626;2023-03-01;3540606;PORTO FELIZ;35;SÃO PAULO;SE;SUDESTE;123852793,31;494745;126374550,42;58235;138084269,98;362236;129005572,66;124017;28265;2255;28125;2171
2385;2023-03-01;2918506;JUSSARA;29;BAHIA;NE;NORDESTE;17708524,84;103495;2596384,78;2460;17230280,68;80823;2150474,28;6031;5567;127;5621;115
4661;2023-03-01;2207405;PALMEIRA DO PIAUÍ;22;PIAUÍ;NE;NORDESTE;7321818,94;41368;1042541,17;1164;7047728,28;29025;1131495,4;3405;2205;53;2210;52
4301;2023-03-01;4100400;ALMIRANTE TAMANDARÉ;41;PARANÁ;SU;SUL;223680748,99;1199211;146142298,02;104341;259242201,81;937276;137508763,5;181812;61453;3865;63141;3710
1035;2023-03-01;4306353;DEZESSEIS DE NOVEMBRO;43;RIO GRANDE DO SUL;SU;SUL;2590306,22;10430;2189651,47;560;2186152,78;5928;1581754,66;1233;822;36;758;42
2292;2023-03-01;1506112;QUATIPURU;15;PARÁ;NO;NORTE;11736300,66;92143;2000090,5;3269;11189389,11;69968;1799643,41;7547;4413;88;4517;84
2293;2023-03-01;2200277;ALEGRETE DO PIAUÍ;22;PIAUÍ;NE;NORDESTE;9696989,85;48844;564734,72;1209;8681536,41;36721;716544,14;2496;2047;46;2086;48
1470;2023-03-01;3519055;HOLAMBRA;35;SÃO PAULO;SE;SUDESTE;65582814,82;149697;87135277,27;23804;65113262,74;104333;76225256,58;51049;8749;1076;8538;998
2296;2023-03-01;4304408;CANELA;43;RIO GRANDE DO SUL;SU;SUL;117502247,95;485550;91739867,43;72286;126523849,53;334201;86081887,48;142672;26137;3183;25960;2938
4032;2023-03-01;5219704;SANTA TEREZINHA DE GOIÁS;52;GOIÁS;CO;CENTRO-OESTE;33192960,44;85260;8324247,36;7649;33565030,54;61534;9420289,76;20021;4193;288;4379;279
4556;2023-03-01;2602803;BUÍQUE;26;PERNAMBUCO;NE;NORDESTE;40082330,53;225483;6298412,11;6161;40718441,41;175183;6318172,44;29253;13329;320;13813;292
4478;2023-03-01;1200138;BUJARI;12;ACRE;NO;NORTE;11952124,15;76114;4113403,38;3267;11928279,85;55912;3084334,24;6867;3954;108;4060;94
1228;2023-03-01;3169406;TRÊS PONTAS;31;MINAS GERAIS;SE;SUDESTE;124705478,12;413255;122064911,84;38946;127598844,84;311817;140238462,59;83028;24588;1859;25057;1833
3;2023-03-01;3103108;ANTÔNIO PRADO DE MINAS;31;MINAS GERAIS;SE;SUDESTE;2171747,51;10736;140521,47;312;2336363,56;9100;141856,02;535;629;27;608;18
4131;2023-03-01;3549102;SÃO JOÃO DA BOA VISTA;35;SÃO PAULO;SE;SUDESTE;234469535,2;727006;207417335,67;88678;257495611,43;575259;210899670,07;176001;46018;4410;45306;4293
3643;2023-03-01;4123303;SANTA CRUZ DE MONTE CASTELO;41;PARANÁ;SU;SUL;19076259,05;58952;7125244,67;5568;18002295,15;40298;7292204,85;14963;3707;275;3611;270
3438;2023-03-01;3527256;LOURDES;35;SÃO PAULO;SE;SUDESTE;3678112,69;14233;434816,55;775;3386487,65;9127;485067,61;2731;934;45;899;49
3985;2023-03-01;2304269;DEPUTADO IRAPUAN PINHEIRO;23;CEARÁ;NE;NORDESTE;9619315,25;52610;2805114,56;1167;9841120,76;41044;2218545,67;4602;2850;70;2924;75
3590;2023-03-01;2915908;ITANAGRA;29;BAHIA;NE;NORDESTE;9284788,96;68563;1877078,23;1931;9137951,46;49351;1582577,05;5201;2942;98;3014;91
3838;2023-03-01;2910750;FÁTIMA;29;BAHIA;NE;NORDESTE;23772992,68;110421;3648920,51;3692;23691012,52;85509;4099051,7;10080;5888;181;6050;176
819;2023-03-01;4204194;CHAPADÃO DO LAGEADO;42;SANTA CATARINA;SU;SUL;6244472,21;11713;917677,31;1150;7335837,38;6880;1248738,8;2811;982;77;879;77
820;2023-03-01;4311734;MAMPITUBA;43;RIO GRANDE DO SUL;SU;SUL;4722617,32;14087;1092629,79;866;5005350,27;9237;612909,8;2309;969;48;941;38
5062;2023-03-01;4107504;ENGENHEIRO BELTRÃO;41;PARANÁ;SU;SUL;33433292,28;112134;19601887,28;11107;35795693,62;69204;17634802,96;24336;6256;510;6232;492
5005;2023-03-01;2100832;APICUM-AÇU;21;MARANHÃO;NE;NORDESTE;18097757,83;129349;3015621,68;2548;16825587,56;98479;3701655,85;5707;5618;102;5436;103
4508;2023-03-01;1508159;URUARÁ;15;PARÁ;NO;NORTE;80765764,88;372150;36373873,38;23942;78419620,71;250032;35258840,98;78495;17075;632;16934;628
1176;2023-03-01;2400604;ALMINO AFONSO;24;RIO GRANDE DO NORTE;NE;NORDESTE;8239393,36;47459;1040809,8;1153;7154678,34;37559;1085568,72;2896;2190;62;2052;55
4585;2023-03-01;3135001;JAGUARAÇU;31;MINAS GERAIS;SE;SUDESTE;4850831,77;26436;4150627,95;1768;4741823,24;18392;3220322,05;4191;1408;84;1410;70
54;2023-03-01;3165800;SENADOR JOSÉ BENTO;31;MINAS GERAIS;SE;SUDESTE;2041984,3;6965;429386,88;303;2012647,1;4824;352701,55;474;567;26;548;26
5080;2023-03-01;3503307;ARARAS;35;SÃO PAULO;SE;SUDESTE;317748444,84;1158578;246771381,66;133979;329462906,51;878216;213432162,25;393028;69871;5917;68630;5596
2926;2023-03-01;2202075;CAJAZEIRAS DO PIAUÍ;22;PIAUÍ;NE;NORDESTE;2450862,36;21604;901454,2;553;2410717,55;14382;692764,86;1084;997;20;1075;22
3346;2023-03-01;2608057;JATOBÁ;26;PERNAMBUCO;NE;NORDESTE;18032650,36;115172;4978875,75;2215;16485036,48;83500;3930889,15;7646;5752;107;5705;112
2969;2023-03-01;2703700;JARAMATAIA;27;ALAGOAS;NE;NORDESTE;7640926,32;31172;1604321,31;850;6927530,27;23541;1529080,87;2058;1848;28;1895;29
3978;2023-03-01;4315602;RIO GRANDE;43;RIO GRANDE DO SUL;SU;SUL;412046404,41;2109963;444768747,64;181782;414248938,5;1583613;657304506,28;383622;112477;6806;110486;6524
3601;2023-03-01;4100301;AGUDOS DO SUL;41;PARANÁ;SU;SUL;16944496,64;50911;9785628,85;6629;18683184,41;38368;11361717,7;12484;3394;293;3413;295
2065;2023-03-01;5212501;LUZIÂNIA;52;GOIÁS;CO;CENTRO-OESTE;517362708,07;2739126;326918856,14;177291;572122161,1;2118246;280493833,87;427457;108408;5995;112981;5643
2633;2023-03-01;4302584;BOZANO;43;RIO GRANDE DO SUL;SU;SUL;2860407,13;7420;1104108,37;635;2115888,31;4037;940326,67;942;613;43;530;46
3852;2023-03-01;2701100;BRANQUINHA;27;ALAGOAS;NE;NORDESTE;9022651,95;66026;595342,59;1018;8908186,89;48398;531736,4;1516;3538;57;3720;47
228;2023-03-01;4107108;DIAMANTE DO NORTE;41;PARANÁ;SU;SUL;9416185,08;41447;10536267,41;3540;9991242,4;27483;12240423,0;10015;2558;139;2457;131
792;2023-03-01;3202603;ICONHA;32;ESPÍRITO SANTO;SE;SUDESTE;24935068,28;97339;22257467,68;10377;25634708,71;69115;26361326,04;27473;5611;546;5403;542
2143;2023-03-01;2108009;PASTOS BONS;21;MARANHÃO;NE;NORDESTE;25723141,0;210108;11770772,44;7032;24870986,05;138147;12533873,12;20697;7344;210;7318;191
46;2023-03-01;2504207;CATINGUEIRA;25;PARAÍBA;NE;NORDESTE;6401644,16;32162;889193,5;1251;6838334,53;29559;487434,72;2676;1660;31;1762;30
389;2023-03-01;1702901;AXIXÁ DO TOCANTINS;17;TOCANTINS;NO;NORTE;20631458,38;119686;2655721,37;3140;20658573,53;88970;4577337,04;12642;5206;135;5449;121
3318;2023-03-01;3553906;TARABAI;35;SÃO PAULO;SE;SUDESTE;11340918,82;52760;4564352,15;3801;12159941,0;37604;6279985,47;7387;3192;193;3160;176
4933;2023-03-01;2103901;DUQUE BACELAR;21;MARANHÃO;NE;NORDESTE;9371074,31;74647;1332907,61;1621;8556527,34;53594;1117150,7;3222;3612;54;3519;56
727;2023-03-01;1718303;PRAIA NORTE;17;TOCANTINS;NO;NORTE;10550748,69;75217;626634,4;712;11052638,5;55144;766719,83;2486;3174;55;3271;44
726;2023-03-01;2907558;CATURAMA;29;BAHIA;NE;NORDESTE;5914044,1;28370;483217,59;554;6035877,25;18974;481639,5;1332;1849;57;1866;49
804;2023-03-01;3518107;GUARANTÃ;35;SÃO PAULO;SE;SUDESTE;9528896,2;55086;2613960,26;3198;9637958,17;37882;3791018,98;7721;3198;166;3069;163
4163;2023-03-01;2414001;TANGARÁ;24;RIO GRANDE DO NORTE;NE;NORDESTE;24590289,56;158197;4185649,87;3705;23856725,49;131796;5251046,56;16270;6599;185;6664;162
4937;2023-03-01;2204550;GUARIBAS;22;PIAUÍ;NE;NORDESTE;6905573,82;30908;4191976,15;1097;5295731,34;20765;5424529,73;2291;1491;55;1508;52
1754;2023-03-01;2102200;BURITI;21;MARANHÃO;NE;NORDESTE;22870254,34;170942;3089078,12;2867;21110169,83;123976;2233077,16;12858;8945;119;8652;118
387;2023-03-01;3123528;DURANDÉ;31;MINAS GERAIS;SE;SUDESTE;7676961,04;37618;2879189,62;2183;7331390,8;25366;1816652,44;4668;2675;145;2470;121
2765;2023-03-01;2703205;IGREJA NOVA;27;ALAGOAS;NE;NORDESTE;23309942,95;121894;1569529,02;1916;21761704,67;86996;1867963,28;3899;7450;108;7470;98
3861;2023-03-01;5214838;NOVA CRIXÁS;52;GOIÁS;CO;CENTRO-OESTE;35511676,81;106306;13151003,62;9161;34469289,62;83770;14127166,23;26754;5143;391;5352;360
4932;2023-03-01;2302404;BOA VIAGEM;23;CEARÁ;NE;NORDESTE;67950105,84;384007;14157473,58;11167;65131953,64;312855;14506108,45;34312;19306;497;19561;485
789;2023-03-01;2111078;SÃO JOÃO DO SOTER;21;MARANHÃO;NE;NORDESTE;15808330,89;112407;674701,73;1236;13629322,4;79819;1121958,05;3081;5034;67;5074;72
4197;2023-03-01;1702703;AURORA DO TOCANTINS;17;TOCANTINS;NO;NORTE;4298764,35;21370;690063,02;1106;4314307,67;15608;615552,91;2423;1171;53;1175;50
5057;2023-03-01;2107407;OLHO D'ÁGUA DAS CUNHÃS;21;MARANHÃO;NE;NORDESTE;26938247,86;185048;2683547,78;2851;25173565,29;133259;3814028,87;13622;7721;123;7507;127
123;2023-03-01;3156809;SABINÓPOLIS;31;MINAS GERAIS;SE;SUDESTE;22477037,97;84387;5465399,11;4903;23946743,74;61260;5303455,8;13438;5651;264;5723;264
3869;2023-03-01;4321857;TRÊS PALMEIRAS;43;RIO GRANDE DO SUL;SU;SUL;6064245,57;19543;3827261,88;2025;5119356,16;12072;3526608,69;4844;1660;150;1493;148
5687;2023-03-01;2609501;NAZARÉ DA MATA;26;PERNAMBUCO;NE;NORDESTE;45611860,06;279437;9522361,03;7985;46095524,19;217236;35658514,43;23529;13260;371;13694;341
5178;2023-03-01;2913705;INHAMBUPE;29;BAHIA;NE;NORDESTE;50329647,94;277131;22896873,66;13664;52052275,72;212680;21791614,92;32464;13953;563;14572;549
5928;2023-03-01;2106904;MONÇÃO;21;MARANHÃO;NE;NORDESTE;22693700,74;193737;3367349,36;3207;20540162,28;136099;2827073,82;12974;8893;105;8626;106
2590;2023-03-01;4219150;VARGEM;42;SANTA CATARINA;SU;SUL;3358686,86;11518;802229,12;655;3638175,73;7454;648857,65;1207;923;53;903;54
1692;2023-03-01;2411205;SANTA CRUZ;24;RIO GRANDE DO NORTE;NE;NORDESTE;74591442,38;423863;20552043,19;22421;71980047,89;344418;17337816,81;67192;18006;757;18178;719
3688;2023-03-01;1503457;IPIXUNA DO PARÁ;15;PARÁ;NO;NORTE;32921803,22;217843;14600451,71;10816;31825510,01;165323;12361861,98;34200;9777;337;9667;335
1432;2023-03-01;2702405;DELMIRO GOUVEIA;27;ALAGOAS;NE;NORDESTE;81990176,51;485666;22327112,3;21059;79481041,54;371209;20632887,53;66547;23004;848;23781;802
2217;2023-03-01;5106182;NOVA LACERDA;51;MATO GROSSO;CO;CENTRO-OESTE;12900098,52;41157;5286337,65;3442;13280649,42;27312;6226293,17;7954;2702;176;2562;158
2499;2023-03-01;3165701;SENADOR FIRMINO;31;MINAS GERAIS;SE;SUDESTE;9949696,02;37223;3539199,71;3344;10084216,33;26430;3731846,65;7468;2681;199;2569;205
664;2023-03-01;3520608;INDIANA;35;SÃO PAULO;SE;SUDESTE;9708906,71;37867;4438210,17;3202;10698705,67;27963;4767826,43;5758;2318;181;2328;164
2427;2023-03-01;4114401;MANGUEIRINHA;41;PARANÁ;SU;SUL;36369842,11;102753;31711066,89;13194;36290584,57;64419;29929724,99;27670;7211;596;7084;613
209;2023-03-01;3133204;ITANHOMI;31;MINAS GERAIS;SE;SUDESTE;20482462,4;63206;3515113,42;2604;25090747,44;48162;3758434,04;8177;4436;222;4578;241
676;2023-03-01;5106703;PONTE BRANCA;51;MATO GROSSO;CO;CENTRO-OESTE;3842773,83;13838;691645,28;874;3729825,61;10605;856103,24;1672;796;46;782;45
3992;2023-03-01;2704104;LAGOA DA CANOA;27;ALAGOAS;NE;NORDESTE;24677688,08;110070;4469981,37;2713;23480708,6;84582;2956371,92;5928;6229;136;6290;115
2413;2023-03-01;2511707;PILÕEZINHOS;25;PARAÍBA;NE;NORDESTE;4726568,52;26254;372059,25;765;5053701,61;30234;318466,53;1076;1522;31;1606;34
5322;2023-03-01;3551306;SEBASTIANÓPOLIS DO SUL;35;SÃO PAULO;SE;SUDESTE;6208945,04;18318;4677004,02;1816;5877870,96;13489;4157565,38;3137;1429;116;1304;104
5269;2023-03-01;5215652;PALESTINA DE GOIÁS;52;GOIÁS;CO;CENTRO-OESTE;9324739,31;21498;4775597,57;1393;8511489,66;15419;3439039,63;3747;1116;64;1143;62
4683;2023-03-01;2202778;COLÔNIA DO PIAUÍ;22;PIAUÍ;NE;NORDESTE;6744870,2;46971;480128,77;721;7638267,67;33789;439216,51;1597;2261;41;2495;41
3797;2023-03-01;2926301;RIACHÃO DO JACUÍPE;29;BAHIA;NE;NORDESTE;69279674,83;354490;34998159,68;16668;71994287,67;271697;37618273,44;42194;14407;794;14852;742
2108;2023-03-01;4317251;SANTA TEREZA;43;RIO GRANDE DO SUL;SU;SUL;1180496,3;4562;153752,96;166;1136169,09;2765;282503,99;724;449;31;397;41
2231;2023-03-01;3542503;REGINÓPOLIS;35;SÃO PAULO;SE;SUDESTE;10968194,36;55035;2977683,51;3508;10924390,61;40618;3052342,05;7370;3055;175;2973;180
3865;2023-03-01;2513943;SÃO DOMINGOS DO CARIRI;25;PARAÍBA;NE;NORDESTE;3833961,78;19747;140577,16;275;3832354,35;15995;176948,79;705;945;16;935;18
4545;2023-03-01;5202353;ARENÓPOLIS;52;GOIÁS;CO;CENTRO-OESTE;9860296,39;21724;3715612,59;1488;8890287,3;14861;4956614,33;4236;1324;80;1324;80
3148;2023-03-01;3144409;NATÉRCIA;31;MINAS GERAIS;SE;SUDESTE;5394756,85;17377;2075861,15;1557;5042962,49;11930;2361745,39;3340;1545;110;1449;117
1286;2023-03-01;4215307;SALETE;42;SANTA CATARINA;SU;SUL;12292607,38;41014;36015198,95;7575;12252292,89;24300;33612536,6;13925;3380;461;3138;445
2038;2023-03-01;1718402;PRESIDENTE KENNEDY;17;TOCANTINS;NO;NORTE;7345338,91;36494;2799481,76;1868;7577043,35;26667;1340990,1;5257;1592;62;1620;59
5773;2023-03-01;2409407;PAU DOS FERROS;24;RIO GRANDE DO NORTE;NE;NORDESTE;67080227,11;320531;23998417,68;18504;63878406,17;260486;29432860,86;70565;14716;833;14648;814
2120;2023-03-01;3170909;VARZELÂNDIA;31;MINAS GERAIS;SE;SUDESTE;25085040,18;145521;4578107,71;6013;24191858,13;107826;4604106,1;19974;7784;254;7501;255
3613;2023-04-01;2703700;JARAMATAIA;27;ALAGOAS;NE;NORDESTE;7499580,69;31892;1232786,28;810;7060198,32;23854;1379490,67;2022;1929;27;1962;29
2485;2023-04-01;4106001;CONGONHINHAS;41;PARANÁ;SU;SUL;11842934,23;45598;2761229,55;2863;11345274,8;32158;2824904,89;7055;3169;181;3195;167
161;2023-04-01;4107108;DIAMANTE DO NORTE;41;PARANÁ;SU;SUL;8923694,09;40312;7974401,99;3037;9584089,49;26078;9283121,25;9903;2569;146;2476;139
5480;2023-04-01;5202353;ARENÓPOLIS;52;GOIÁS;CO;CENTRO-OESTE;9567244,13;22098;1920762,54;1540;7732547,46;14463;3616844,3;4566;1342;81;1333;79
1475;2023-04-01;2102200;BURITI;21;MARANHÃO;NE;NORDESTE;24985207,25;188743;2154437,17;2658;22499412,84;132023;2070744,91;12694;9458;120;9190;119
1863;2023-04-01;1600303;MACAPÁ;16;AMAPÁ;NO;NORTE;1195602317,33;8539361;520842577,97;460490;1195808418,35;6930079;573004071,28;1071940;291650;11441;290506;10946
4459;2023-04-01;3524204;JABORANDI;35;SÃO PAULO;SE;SUDESTE;14514406,91;45898;3900406,17;3059;15643242,25;30872;2964889,97;6002;2951;182;2843;166
167;2023-04-01;3518107;GUARANTÃ;35;SÃO PAULO;SE;SUDESTE;9400860,06;58540;2262033,18;3174;9360526,94;39384;3657658,24;7815;3256;159;3123;165
1854;2023-04-01;2702405;DELMIRO GOUVEIA;27;ALAGOAS;NE;NORDESTE;78963607,68;484787;20434635,53;19611;76579820,91;364713;18592464,47;65075;23386;864;24111;808
8;2023-04-01;3103108;ANTÔNIO PRADO DE MINAS;31;MINAS GERAIS;SE;SUDESTE;2145814,01;10195;170529,36;265;2109515,77;8245;115618,1;415;647;25;614;18
4036;2023-04-01;3148509;PAVÃO;31;MINAS GERAIS;SE;SUDESTE;9759229,62;48105;3178953,75;2069;9846180,9;33888;1925611,79;4566;2915;113;2903;121
1850;2023-04-01;3169406;TRÊS PONTAS;31;MINAS GERAIS;SE;SUDESTE;116691648,9;412646;90346070,9;36625;116221010,48;305466;111119220,3;81099;24897;1863;25236;1815
1722;2023-04-01;3139003;MACHADO;31;MINAS GERAIS;SE;SUDESTE;78837795,78;257652;104408837,11;23828;82587394,03;196413;117383335,57;41645;17321;1411;17441;1364
4434;2023-04-01;4120309;PORTO VITÓRIA;41;PARANÁ;SU;SUL;3373662,84;14787;1934742,15;1536;4176352,06;10794;2274537,31;2848;1366;105;1357;98
400;2023-04-01;3156809;SABINÓPOLIS;31;MINAS GERAIS;SE;SUDESTE;21925408,28;82480;5627954,03;4471;22260071,43;59203;4788891,71;13238;5698;269;5781;272
3121;2023-04-01;2701100;BRANQUINHA;27;ALAGOAS;NE;NORDESTE;9585424,72;68881;549164,06;854;9188091,76;49969;532396,92;1409;3660;52;3808;40
4564;2023-04-01;2100832;APICUM-AÇU;21;MARANHÃO;NE;NORDESTE;17884030,96;139627;2594865,08;2493;16322825,53;104123;3210560,9;5835;5738;105;5569;101
5456;2023-04-01;1503457;IPIXUNA DO PARÁ;15;PARÁ;NO;NORTE;31383180,23;225699;11908936,44;10700;30624722,2;167383;10438177,06;35152;10073;342;9918;347
3801;2023-04-01;2106904;MONÇÃO;21;MARANHÃO;NE;NORDESTE;22496510,93;211108;2381684,47;3015;20119500,27;144357;2370923,27;13241;9125;108;8885;107
2738;2023-04-01;2108009;PASTOS BONS;21;MARANHÃO;NE;NORDESTE;25633414,56;226480;8129083,39;6269;24913829,47;143329;8332057,86;20538;7528;206;7482;190
4004;2023-04-01;2608057;JATOBÁ;26;PERNAMBUCO;NE;NORDESTE;17497951,2;118301;4048996,52;2135;16564421,46;84031;3379980,98;7810;5853;112;5771;111
1076;2023-04-01;2918506;JUSSARA;29;BAHIA;NE;NORDESTE;17323893,83;106607;2286721,42;2418;16862797,4;82029;1956892,77;6161;5712;121;5723;118
2403;2023-04-01;4200705;ALFREDO WAGNER;42;SANTA CATARINA;SU;SUL;18649056,22;43478;7308069,99;5430;21876595,5;29852;8514634,46;14260;3643;407;3453;420
372;2023-04-01;3202603;ICONHA;32;ESPÍRITO SANTO;SE;SUDESTE;22192731,63;93217;19614093,17;9310;23409052,4;65164;21921393,96;25248;5653;530;5410;530
4573;2023-04-01;1701002;ANANÁS;17;TOCANTINS;NO;NORTE;18602141,66;129405;4643816,75;4923;17783305,59;91920;4552784,65;11996;5342;212;5326;200
5065;2023-04-01;2602803;BUÍQUE;26;PERNAMBUCO;NE;NORDESTE;38385489,94;226784;4957257,57;5822;38811345,6;173025;5270886,95;25475;13568;309;14003;299
5059;2023-04-01;3550803;SÃO SEBASTIÃO DA GRAMA;35;SÃO PAULO;SE;SUDESTE;13877277,32;54876;12674120,88;5524;15447032,24;38755;15045497,55;10209;4218;362;4168;377
1052;2023-04-01;1506112;QUATIPURU;15;PARÁ;NO;NORTE;12060258,09;95465;1674375,25;3111;11329643,61;71997;1609453,1;7354;4502;90;4584;90
1686;2023-04-01;3170909;VARZELÂNDIA;31;MINAS GERAIS;SE;SUDESTE;24437640,12;148759;4732873,75;5853;23467430,17;108128;4486506,52;20432;7860;262;7662;255
3177;2023-04-01;3542503;REGINÓPOLIS;35;SÃO PAULO;SE;SUDESTE;10283468,72;55194;2904964,22;3697;10651032,66;39104;2644870,2;7346;3081;176;2998;178
3552;2023-04-01;2913705;INHAMBUPE;29;BAHIA;NE;NORDESTE;49447410,38;285199;19983694,93;12965;49302280,68;213965;21132586,92;32734;14117;568;14738;545
2394;2023-04-01;4317251;SANTA TEREZA;43;RIO GRANDE DO SUL;SU;SUL;1148449,05;4605;242567,47;165;1355714,88;2695;324247,98;660;449;32;399;37
4650;2023-04-01;1718501;RECURSOLÂNDIA;17;TOCANTINS;NO;NORTE;5386025,38;27440;1097497,59;788;5123613,55;20115;1568554,59;1762;1413;34;1402;31
3635;2023-04-01;4100400;ALMIRANTE TAMANDARÉ;41;PARANÁ;SU;SUL;210511097,71;1180879;144219323,66;95833;241371401,1;894386;137167842,44;171381;62083;3893;63478;3740
2724;2023-04-01;2801306;CAPELA;28;SERGIPE;NE;NORDESTE;36277472,9;246287;14198560,44;6056;35582156,18;182223;18273782,9;24197;12165;295;12492;281
4946;2023-04-01;2414001;TANGARÁ;24;RIO GRANDE DO NORTE;NE;NORDESTE;24548038,48;161331;3680844,37;3459;23532049,7;131926;4217950,9;17132;6685;187;6703;163
1037;2023-04-01;2205151;JACOBINA DO PIAUÍ;22;PIAUÍ;NE;NORDESTE;4713706,41;29475;1073483,92;1214;4575635,03;22605;1061842,21;3655;1514;57;1502;51
4370;2023-04-01;3165701;SENADOR FIRMINO;31;MINAS GERAIS;SE;SUDESTE;9316425,01;37648;3727957,94;3174;9931336,87;26127;3567036,29;7656;2731;198;2601;196
5559;2023-04-01;2920601;MARAGOGIPE;29;BAHIA;NE;NORDESTE;49167498,97;377984;4800539,74;6147;48949902,19;308927;4198103,12;14843;15257;310;15618;301
110;2023-04-01;4215307;SALETE;42;SANTA CATARINA;SU;SUL;11433958,98;39548;32375104,75;6787;10812214,97;23359;25570335,5;12841;3377;473;3083;456
5851;2023-04-01;2203420;DOMINGOS MOURÃO;22;PIAUÍ;NE;NORDESTE;3917076,47;26997;159178,53;339;3419810,43;19125;102005,63;736;1424;18;1442;22
2998;2023-04-01;2111078;SÃO JOÃO DO SOTER;21;MARANHÃO;NE;NORDESTE;15327980,01;118396;705579,79;1123;13798490,99;87046;967242,31;3730;5203;70;5212;72
3773;2023-04-01;2804300;MURIBECA;28;SERGIPE;NE;NORDESTE;9014690,74;52117;2536476,42;1404;8178371,81;37599;3140275,13;3684;2835;49;2858;44
1745;2023-04-01;1501253;BANNACH;15;PARÁ;NO;NORTE;7267194,48;28777;1142010,46;889;7139896,25;19424;1843670,59;4292;1604;54;1524;57
114;2023-04-01;3133204;ITANHOMI;31;MINAS GERAIS;SE;SUDESTE;18542679,02;62876;3567205,11;2565;21656718,85;46837;4101199,6;8378;4483;218;4538;240
1732;2023-04-01;5212501;LUZIÂNIA;52;GOIÁS;CO;CENTRO-OESTE;491110830,14;2758569;317387548,15;167060;552445910,04;2091273;269034829,88;415372;109347;5983;113497;5646
1765;2023-04-01;2105658;JUNCO DO MARANHÃO;21;MARANHÃO;NE;NORDESTE;7978083,46;54795;1137371,06;1590;7172085,28;42964;882446,98;3298;2337;36;2316;35
752;2023-04-01;2504207;CATINGUEIRA;25;PARAÍBA;NE;NORDESTE;6439706,66;33398;1060020,28;1206;6708835,27;25482;592654,06;2708;1672;34;1793;33
4888;2023-04-01;5214838;NOVA CRIXÁS;52;GOIÁS;CO;CENTRO-OESTE;36623105,34;105826;10812885,21;8748;34980828,39;80528;12268131,38;30206;5232;394;5483;359
822;2023-04-01;2910750;FÁTIMA;29;BAHIA;NE;NORDESTE;23604307,68;111611;3049349,65;3033;22218538,9;86607;4057357,85;9740;5950;176;6075;172
264;2023-04-01;4306502;DOM FELICIANO;43;RIO GRANDE DO SUL;SU;SUL;12950971,38;50234;3069416,17;2759;13957976,97;29762;3936280,72;9476;4048;210;3754;212
3324;2023-04-01;2611309;POMBOS;26;PERNAMBUCO;NE;NORDESTE;38201735,46;200863;17415346,37;9558;41650542,02;164811;15706635,55;26654;9925;323;10082;294
5793;2023-04-01;4110409;INDIANÓPOLIS;41;PARANÁ;SU;SUL;6692003,71;31400;3940015,06;1987;6727770,88;20789;4549116,74;5194;2098;106;1983;111
2853;2023-04-01;2605509;FERREIROS;26;PERNAMBUCO;NE;NORDESTE;13948920,96;83946;1297624,35;2045;13407881,62;65844;1317898,24;5574;4336;112;4339;99
5155;2023-04-01;5219704;SANTA TEREZINHA DE GOIÁS;52;GOIÁS;CO;CENTRO-OESTE;29867214,59;83723;7190888,92;7101;30073903,64;61962;7760852,52;19408;4208;286;4339;289
2859;2023-04-01;2926301;RIACHÃO DO JACUÍPE;29;BAHIA;NE;NORDESTE;64547769,67;350012;29296133,84;15832;67405016,67;269926;31328114,01;41840;14560;793;15008;752
5538;2023-04-01;4100301;AGUDOS DO SUL;41;PARANÁ;SU;SUL;16295790,88;49995;9202507,9;6214;18316970,61;37200;10268187,0;12730;3450;297;3427;300
5331;2023-04-01;3167202;SETE LAGOAS;31;MINAS GERAIS;SE;SUDESTE;575658678,11;2528085;553784209,57;232120;597546023,24;1925076;517209840,26;458630;129298;10503;130539;9951
4499;2023-04-01;3135308;JAPARAÍBA;31;MINAS GERAIS;SE;SUDESTE;7222978,87;25441;1300189,15;1283;6844291,4;16971;1349883,75;4926;1703;123;1561;122
2175;2023-04-01;1200054;ASSIS BRASIL;12;ACRE;NO;NORTE;7914865,7;39878;1408777,7;1170;7444985,91;28822;917347,3;3068;2343;70;2366;62
1586;2023-04-01;3540606;PORTO FELIZ;35;SÃO PAULO;SE;SUDESTE;116714790,51;490907;103728932,14;54455;126416273,32;352861;105485691,27;118706;28598;2246;28321;2151
669;2023-04-01;1702901;AXIXÁ DO TOCANTINS;17;TOCANTINS;NO;NORTE;18354051,03;118310;2416796,31;3046;18295169,02;85649;3716767,6;12142;5333;135;5547;120
2028;2023-04-01;5207600;FAZENDA NOVA;52;GOIÁS;CO;CENTRO-OESTE;10765479,7;41130;3265776,81;2226;12008312,86;29600;2792750,22;5485;2299;138;2237;137
5623;2023-04-01;2112233;TRIZIDELA DO VALE;21;MARANHÃO;NE;NORDESTE;28983787,97;204920;11899848,72;8279;29783054,05;150978;6560399,75;20553;8675;307;8771;284
1275;2023-04-01;4311734;MAMPITUBA;43;RIO GRANDE DO SUL;SU;SUL;4028849,83;13698;1217039,11;988;3989962,23;9009;725009,1;2325;971;46;928;41
2015;2023-04-01;4311791;MARATÁ;43;RIO GRANDE DO SUL;SU;SUL;2537625,51;9636;1574736,37;1008;2675070,52;6752;2176682,42;3122;870;92;742;98
31;2023-04-01;3110707;CAMBUQUIRA;31;MINAS GERAIS;SE;SUDESTE;17599299,65;88904;5764076,84;5064;18373273,25;64971;5346612,4;14615;5338;366;5408;392
1268;2023-04-01;4321857;TRÊS PALMEIRAS;43;RIO GRANDE DO SUL;SU;SUL;5631348,69;19059;2363734,89;1866;5353584,42;11882;2733051,25;4737;1642;152;1506;153
4912;2023-04-01;1508159;URUARÁ;15;PARÁ;NO;NORTE;72034238,94;387825;31036522,57;21983;71437185,71;254420;28850412,78;78393;17586;645;17420;637
3442;2023-04-01;1705508;COLINAS DO TOCANTINS;17;TOCANTINS;NO;NORTE;115784687,69;457654;86155083,95;37356;119911440,11;338972;74800763,24;104957;18728;1166;19324;1173
867;2023-04-01;3515194;ESPÍRITO SANTO DO TURVO;35;SÃO PAULO;SE;SUDESTE;6349791,82;37887;2501826,68;1849;6784040,55;22700;1895867,25;3746;2149;108;2145;94
2034;2023-04-01;2203503;ELESBÃO VELOSO;22;PIAUÍ;NE;NORDESTE;13020378,94;103529;1713256,7;1511;12426628,21;75973;2030262,8;9298;5178;112;5213;116
2241;2023-04-01;4304408;CANELA;43;RIO GRANDE DO SUL;SU;SUL;110814434,25;475289;81028212,29;68783;120752485,11;329033;75819721,42;140282;26441;3166;26073;2979
2174;2023-04-01;3144409;NATÉRCIA;31;MINAS GERAIS;SE;SUDESTE;5684208,48;17113;1604243,0;1442;5026155,58;12058;3273329,13;3016;1550;105;1466;105
3698;2023-04-01;3553906;TARABAI;35;SÃO PAULO;SE;SUDESTE;10682067,04;52320;4717002,23;3616;11584155,57;36880;4121222,85;6992;3229;198;3194;174
5003;2023-04-01;2506004;ESPERANÇA;25;PARAÍBA;NE;NORDESTE;45479417,42;246790;23501267,24;15801;46324941,36;190069;22829161,22;35744;12308;803;12749;722
4640;2023-04-01;2704104;LAGOA DA CANOA;27;ALAGOAS;NE;NORDESTE;23136520,36;110592;3486770,25;2398;22309894,65;84627;2295123,99;5584;6383;134;6414;116
2774;2023-04-01;3136306;JOÃO PINHEIRO;31;MINAS GERAIS;SE;SUDESTE;109990968,49;441177;97071389,4;37558;112184259,66;313761;87172933,63;91329;24034;1875;24559;1794
5775;2023-04-01;1200138;BUJARI;12;ACRE;NO;NORTE;11234900,7;78025;3931220,09;3228;11520413,41;56002;3008875,36;7368;3957;104;4020;91
4641;2023-04-01;2202778;COLÔNIA DO PIAUÍ;22;PIAUÍ;NE;NORDESTE;6813336,67;47945;376917,12;781;7478696,77;33582;357331,21;1976;2377;49;2566;46
4993;2023-04-01;2103901;DUQUE BACELAR;21;MARANHÃO;NE;NORDESTE;8965887,74;82877;1033597,14;1494;8225205,9;57661;809263,25;3275;3749;57;3687;53
5611;2023-04-01;4113007;JUSSARA;41;PARANÁ;SU;SUL;11939912,01;52909;17476789,36;5465;11481427,44;33366;4387440,79;9139;3324;205;3120;201
3347;2023-04-01;2207405;PALMEIRA DO PIAUÍ;22;PIAUÍ;NE;NORDESTE;7203740,01;42593;1057819,72;1151;6975598,2;29966;831250,79;3892;2259;56;2235;54
2141;2023-04-01;3534807;OURO VERDE;35;SÃO PAULO;SE;SUDESTE;9823664,76;60651;2919234,04;3330;10485832,01;39745;3449135,72;8208;3451;196;3381;182
4644;2023-04-01;2302404;BOA VIAGEM;23;CEARÁ;NE;NORDESTE;64634920,61;382189;12001966,82;10502;62011901,49;306482;13035668,08;34316;19502;500;19634;487
2602;2023-04-01;4219150;VARGEM;42;SANTA CATARINA;SU;SUL;3526596,76;10542;728858,21;609;3589608,76;6805;638974,48;1070;948;55;912;54
3340;2023-04-01;3527256;LOURDES;35;SÃO PAULO;SE;SUDESTE;4246871,16;14365;282085,39;632;4300658,35;9202;321090,55;2529;941;39;914;47
1568;2023-04-01;3520608;INDIANA;35;SÃO PAULO;SE;SUDESTE;9295937,98;36710;4042596,35;3148;9644215,72;26858;4159800,57;6264;2338;172;2311;161
5218;2023-04-01;5002001;BATAYPORÃ;50;MATO GROSSO DO SUL;CO;CENTRO-OESTE;19500798,27;88975;14825334,01;7924;19381327,99;56564;19412277,64;19044;5264;354;5175;342
3053;2023-04-01;2304269;DEPUTADO IRAPUAN PINHEIRO;23;CEARÁ;NE;NORDESTE;10084738,33;54082;2538719,47;1022;9831493,56;41669;2399149,6;4665;2900;75;2942;75
3857;2023-04-01;3104106;ARCEBURGO;31;MINAS GERAIS;SE;SUDESTE;11144223,81;53356;12902932,23;4946;11448555,21;37555;23613277,32;12639;3700;275;3593;277
810;2023-04-01;3165800;SENADOR JOSÉ BENTO;31;MINAS GERAIS;SE;SUDESTE;1865432,06;6867;479690,3;261;1833339,59;4430;250372,89;473;577;25;543;28
4228;2023-04-01;2300408;AIUABA;23;CEARÁ;NE;NORDESTE;15257718,29;112242;817863,81;2294;15059219,07;91911;1074598,22;5759;5272;120;5234;115
811;2023-04-01;2205540;LAGOINHA DO PIAUÍ;22;PIAUÍ;NE;NORDESTE;2147562,08;18853;2596718,21;269;2021214,15;14040;601553,12;1733;899;20;952;20
3860;2023-04-01;3501806;AMÉRICO DE CAMPOS;35;SÃO PAULO;SE;SUDESTE;9719715,34;37503;2226479,72;2337;11320075,2;27452;2567434,96;6490;2694;164;2602;169
3331;2023-04-01;1702703;AURORA DO TOCANTINS;17;TOCANTINS;NO;NORTE;3809061,31;20837;614421,85;1150;3712756,04;15417;679333,18;2750;1226;49;1217;47
2171;2023-04-01;5106703;PONTE BRANCA;51;MATO GROSSO;CO;CENTRO-OESTE;3903203,75;13885;904639,61;896;3938328,27;11079;828103,58;1836;804;45;810;45
4213;2023-04-01;2703205;IGREJA NOVA;27;ALAGOAS;NE;NORDESTE;22247442,7;123455;1641842,87;1678;20741551,23;87882;1556783,19;3933;7666;99;7760;88
2916;2023-04-01;2511707;PILÕEZINHOS;25;PARAÍBA;NE;NORDESTE;4806266,73;25949;269687,64;696;4554026,38;22628;226457,17;1015;1540;28;1655;31
5198;2023-04-01;2305001;GUARACIABA DO NORTE;23;CEARÁ;NE;NORDESTE;46238144,7;276027;10851079,45;12800;45953019,7;213669;13448380,1;45204;14893;574;15005;555
4693;2023-04-01;2311900;SABOEIRO;23;CEARÁ;NE;NORDESTE;19787812,81;110270;1463201,31;1995;18740275,66;90508;1637565,11;6183;5489;91;5392;85
3896;2023-04-01;2615904;TUPARETAMA;26;PERNAMBUCO;NE;NORDESTE;13368955,02;67888;1692782,03;1540;12217585,52;50471;1600745,74;6081;3638;103;3605;91
1502;2023-04-01;2200277;ALEGRETE DO PIAUÍ;22;PIAUÍ;NE;NORDESTE;9683327,48;50227;511889,9;1128;8519328,15;37586;712909,94;2367;2075;52;2100;46
5937;2023-04-01;5215256;NOVO PLANALTO;52;GOIÁS;CO;CENTRO-OESTE;7454410,56;29346;2602170,21;1755;7376986,74;20065;2514616,2;5170;1665;106;1714;108
937;2023-04-01;2400604;ALMINO AFONSO;24;RIO GRANDE DO NORTE;NE;NORDESTE;7538199,37;48016;1012249,07;1132;6649764,16;38743;1081907,67;3002;2223;63;2093;52
598;2023-04-01;2506103;FAGUNDES;25;PARAÍBA;NE;NORDESTE;10619998,13;75621;972935,33;1150;11058170,53;60602;1126698,37;5018;4150;89;4313;73
871;2023-04-01;5201405;APARECIDA DE GOIÂNIA;52;GOIÁS;CO;CENTRO-OESTE;1587261436,07;7690722;1456830931,52;710730;1766357284,18;6344381;1365484400,96;1775896;314448;21746;325785;20195
1943;2023-04-01;4114401;MANGUEIRINHA;41;PARANÁ;SU;SUL;39625739,39;102895;45730873,82;11836;34560312,2;64027;43789426,6;26133;7386;610;7239;609
4300;2023-04-01;1718402;PRESIDENTE KENNEDY;17;TOCANTINS;NO;NORTE;6533304,51;35517;2983619,31;1937;6634390,23;25281;5361140,29;5312;1588;69;1606;68
1499;2023-04-01;4302584;BOZANO;43;RIO GRANDE DO SUL;SU;SUL;2625011,22;6929;938511,73;576;2041898,42;3804;725910,88;947;620;42;510;45
1492;2023-04-01;3549102;SÃO JOÃO DA BOA VISTA;35;SÃO PAULO;SE;SUDESTE;223786536,87;705686;199897021,17;82947;252904045,76;552206;195818059,29;158415;46461;4441;45574;4321
2822;2023-04-01;2307254;JIJOCA DE JERICOACOARA;23;CEARÁ;NE;NORDESTE;45385681,35;263433;23508613,26;37272;45936393,43;215481;23647081,68;133019;10243;1180;10108;1097
80;2023-04-01;4204194;CHAPADÃO DO LAGEADO;42;SANTA CATARINA;SU;SUL;4981584,71;11290;901979,0;1037;4638464,76;6367;945858,61;2663;986;76;883;77
3097;2023-04-01;3519055;HOLAMBRA;35;SÃO PAULO;SE;SUDESTE;61312359,38;144879;73914636,27;22270;59108675,39;101118;72061486,67;47078;8823;1063;8536;1017
5588;2023-04-01;2202075;CAJAZEIRAS DO PIAUÍ;22;PIAUÍ;NE;NORDESTE;2507988,2;21962;765216,34;524;2495238,25;14851;495889,79;1092;1046;23;1111;19
1902;2023-04-01;2513943;SÃO DOMINGOS DO CARIRI;25;PARAÍBA;NE;NORDESTE;3516036,06;18700;111464,35;277;3407320,65;15523;101637,13;656;966;15;933;16
5423;2023-04-01;4123303;SANTA CRUZ DE MONTE CASTELO;41;PARANÁ;SU;SUL;17193316,42;58273;6462281,74;5129;16940079,81;39897;6088310,67;14170;3750;268;3641;268
2341;2023-04-01;2915908;ITANAGRA;29;BAHIA;NE;NORDESTE;9271515,13;71583;1955663,67;1950;9417122,38;51694;1297013,58;5391;3011;97;3041;88
997;2023-04-01;3515806;FLORA RICA;35;SÃO PAULO;SE;SUDESTE;2229493,42;11319;379250,06;395;2151254,16;7379;298213,69;1064;710;17;694;23
5424;2023-04-01;2204550;GUARIBAS;22;PIAUÍ;NE;NORDESTE;6485779,81;31798;3656468,41;1184;5263865,52;21938;4553052,26;2057;1518;57;1550;48
5047;2023-04-01;3114907;CASA GRANDE;31;MINAS GERAIS;SE;SUDESTE;4122340,93;8826;310016,28;329;5161163,03;5983;621896,52;1077;832;30;778;30
1209;2023-04-01;5106182;NOVA LACERDA;51;MATO GROSSO;CO;CENTRO-OESTE;14125421,81;42642;4666738,62;3149;13570215,27;27677;4868373,62;8558;2765;176;2644;157
3517;2023-04-01;4315602;RIO GRANDE;43;RIO GRANDE DO SUL;SU;SUL;394862104,5;2055037;328192926,62;170069;389191361,04;1522328;466078937,51;362613;113307;6833;110436;6505
531;2023-04-01;5204706;CAMPINORTE;52;GOIÁS;CO;CENTRO-OESTE;38509359,37;122062;26712809,48;9357;36908768,56;85453;24194429,88;39384;5766;377;5878;383
5819;2023-04-01;2305209;HIDROLÂNDIA;23;CEARÁ;NE;NORDESTE;19402934,04;136372;5282946,71;4828;18721576,21;110274;4134280,07;17530;7161;221;7039;220
754;2023-04-01;3123528;DURANDÉ;31;MINAS GERAIS;SE;SUDESTE;8673452,22;39448;2241224,06;1993;7279878,74;25028;1644348,86;4652;2733;150;2485;133
623;2023-04-01;4306353;DEZESSEIS DE NOVEMBRO;43;RIO GRANDE DO SUL;SU;SUL;2380371,84;10133;1694286,11;389;2513293,24;5630;1549631,48;1234;837;32;787;40
5236;2023-04-01;3517604;GUAPIARA;35;SÃO PAULO;SE;SUDESTE;25556594,84;117454;9770893,67;6268;26728231,09;81238;9070230,09;13161;7435;291;7261;277
197;2023-04-01;2907558;CATURAMA;29;BAHIA;NE;NORDESTE;5724535,36;29230;577728,64;541;5745062,37;18871;448056,64;1322;1898;55;1889;43
5810;2023-04-01;3536257;PARISI;35;SÃO PAULO;SE;SUDESTE;4664400,16;15124;3960879,1;1233;4936164,14;12092;2936058,6;2669;1046;67;1049;56
912;2023-04-01;2411205;SANTA CRUZ;24;RIO GRANDE DO NORTE;NE;NORDESTE;69389705,89;423188;18229429,79;21310;67512236,3;343641;16006088,47;66527;18283;775;18372;714
2271;2023-04-01;3104700;ATALÉIA;31;MINAS GERAIS;SE;SUDESTE;15525033,62;74834;2924236,37;2550;15972500,02;52264;2509016,1;8027;4692;167;4639;173
5817;2023-04-01;3509106;CAIUÁ;35;SÃO PAULO;SE;SUDESTE;5706658,41;28821;782048,48;1712;5401055,52;18305;877641,24;3208;1707;66;1700;70
4486;2023-04-01;4309704;HUMAITÁ;43;RIO GRANDE DO SUL;SU;SUL;6353045,9;21101;2847691,71;1293;6377149,5;11884;3939624,39;5077;1832;145;1609;173
5595;2023-04-01;3503307;ARARAS;35;SÃO PAULO;SE;SUDESTE;293032071,36;1121425;230650710,79;124298;311061598,78;840156;199050762,58;363715;70430;5969;68719;5543
895;2023-04-01;1718303;PRAIA NORTE;17;TOCANTINS;NO;NORTE;11008713,03;78303;564095,19;632;11162724,79;57171;838612,59;2786;3236;45;3318;49
2768;2023-05-01;4114401;MANGUEIRINHA;41;PARANÁ;SU;SUL;43199376,93;112887;43938125,61;13778;44670704,01;68246;35240126,02;28804;7503;621;7379;630
5074;2023-05-01;1718501;RECURSOLÂNDIA;17;TOCANTINS;NO;NORTE;5921630,58;29616;1303015,48;918;5969569,43;21954;1760358,9;1829;1394;39;1424;31
358;2023-05-01;4306353;DEZESSEIS DE NOVEMBRO;43;RIO GRANDE DO SUL;SU;SUL;2832888,31;11083;1583917,68;544;2361682,01;6054;1679788,06;1293;848;37;796;42
14;2023-05-01;4311734;MAMPITUBA;43;RIO GRANDE DO SUL;SU;SUL;4708346,13;15086;1425074,72;1401;4337181,04;9254;921243,85;2665;1004;51;979;48
244;2023-05-01;3202603;ICONHA;32;ESPÍRITO SANTO;SE;SUDESTE;24566264,87;103800;21990788,22;11048;24808729,65;70993;27518096,59;30159;5762;566;5525;569
5991;2023-05-01;4127304;TERRA RICA;41;PARANÁ;SU;SUL;37814556,25;116889;9446836,7;9766;41581917,93;76707;10585345,07;25215;6919;476;6904;471
2722;2023-05-01;2108009;PASTOS BONS;21;MARANHÃO;NE;NORDESTE;28867019,97;264247;11766489,02;7439;27244071,94;165059;12475956,64;24383;7691;209;7676;193
2846;2023-05-01;3136306;JOÃO PINHEIRO;31;MINAS GERAIS;SE;SUDESTE;120906766,52;490744;128566487,54;42633;125205301,1;341028;102811574,04;103302;24413;1904;24927;1819
2733;2023-05-01;2106904;MONÇÃO;21;MARANHÃO;NE;NORDESTE;24926536,18;236068;3039247,86;3169;21568210,59;157886;2671378,33;14661;9401;110;9173;112
2842;2023-05-01;1705508;COLINAS DO TOCANTINS;17;TOCANTINS;NO;NORTE;134848493,87;515040;75570184,59;42300;142639908,27;371047;84211962,85;120235;18979;1249;19575;1195
5242;2023-05-01;2211704;WALL FERRAZ;22;PIAUÍ;NE;NORDESTE;4604017,48;30034;550939,55;775;4190379,86;20876;507932,35;2991;1414;31;1436;32
347;2023-05-01;3169406;TRÊS PONTAS;31;MINAS GERAIS;SE;SUDESTE;133744036,87;445342;178645664,17;40851;131218314,09;342891;195683696,07;89963;25345;1950;25758;1886
2626;2023-05-01;2513943;SÃO DOMINGOS DO CARIRI;25;PARAÍBA;NE;NORDESTE;3731886,23;20261;136576,58;427;3704750,16;16417;146534,54;773;986;19;965;18
143;2023-05-01;4107108;DIAMANTE DO NORTE;41;PARANÁ;SU;SUL;10088009,12;43908;8255157,57;3509;11163454,23;27889;9727630,57;10880;2603;156;2529;144
2630;2023-05-01;4321857;TRÊS PALMEIRAS;43;RIO GRANDE DO SUL;SU;SUL;6826001,45;20292;3114534,0;2178;5961275,61;11773;3114868,5;5200;1675;153;1513;152
3037;2023-05-01;3550803;SÃO SEBASTIÃO DA GRAMA;35;SÃO PAULO;SE;SUDESTE;16631267,37;60681;16506951,25;5997;17837916,11;41953;15408286,82;11140;4284;371;4247;379
2908;2023-05-01;2300408;AIUABA;23;CEARÁ;NE;NORDESTE;16510708,62;125595;941202,42;2510;16002600,07;99241;1085991,58;6337;5356;122;5214;120
4493;2023-05-01;2305209;HIDROLÂNDIA;23;CEARÁ;NE;NORDESTE;21037201,46;150576;4360871,21;5248;20302869,51;121682;3393456,31;19309;7274;238;7135;218
301;2023-05-01;3518107;GUARANTÃ;35;SÃO PAULO;SE;SUDESTE;10236606,37;67325;2124621,17;3448;9872908,64;42262;3483770,11;8142;3300;176;3167;174
2851;2023-05-01;2910750;FÁTIMA;29;BAHIA;NE;NORDESTE;25341343,9;123208;4071329,5;3883;24146386,19;90602;4334369,43;10800;6100;173;6170;170
5200;2023-05-01;4211504;NOVA TRENTO;42;SANTA CATARINA;SU;SUL;24806993,91;80432;40442903,88;13052;25747684,18;50370;33647841,11;23594;5843;856;5452;823
4541;2023-05-01;5214838;NOVA CRIXÁS;52;GOIÁS;CO;CENTRO-OESTE;37778372,33;115377;13010026,21;9693;39135507,89;86862;15278269,38;32536;5408;417;5597;379
2990;2023-05-01;2414001;TANGARÁ;24;RIO GRANDE DO NORTE;NE;NORDESTE;26316006,96;176704;4753382,46;4162;25482696,31;145138;5328227,49;18552;6768;191;6792;167
128;2023-05-01;2907558;CATURAMA;29;BAHIA;NE;NORDESTE;6897738,35;32948;571706,56;538;7023941,83;20731;447913,33;1462;1969;57;1966;48
139;2023-05-01;4306502;DOM FELICIANO;43;RIO GRANDE DO SUL;SU;SUL;16171210,52;56624;4405836,62;3302;18352300,06;32925;5651301,5;10801;4151;217;3866;225
2968;2023-05-01;2704104;LAGOA DA CANOA;27;ALAGOAS;NE;NORDESTE;24012700,89;124583;4246859,95;3032;23265139,12;93472;3260735,58;6808;6651;150;6611;132
5196;2023-05-01;2803203;ITAPORANGA D'AJUDA;28;SERGIPE;NE;NORDESTE;44731358,57;345090;41698162,6;10790;45435163,86;248220;75660874,14;36944;14517;422;15021;386
2929;2023-05-01;4100400;ALMIRANTE TAMANDARÉ;41;PARANÁ;SU;SUL;229540406,67;1299817;158399267,94;110407;262489895,08;961089;150638108,55;190539;63116;3994;64493;3855
2742;2023-05-01;3170909;VARZELÂNDIA;31;MINAS GERAIS;SE;SUDESTE;26584982,95;160007;5692336,22;6777;25855646,22;114896;5450675,99;21458;8023;276;7720;272
2525;2023-05-01;4317251;SANTA TEREZA;43;RIO GRANDE DO SUL;SU;SUL;1081217,45;4926;188314,23;199;1131941,63;3003;317280,79;704;465;30;407;38
2939;2023-05-01;4110052;IGUATU;41;PARANÁ;SU;SUL;3177566,05;13357;1390713,48;796;2953062,51;8063;1174535,23;2296;868;52;812;54
2488;2023-05-01;2702405;DELMIRO GOUVEIA;27;ALAGOAS;NE;NORDESTE;86494336,3;539205;24323681,49;22525;81980889,24;396325;23368345,51;74555;23818;864;24509;842
125;2023-05-01;3133204;ITANHOMI;31;MINAS GERAIS;SE;SUDESTE;20881400,22;69088;4008725,96;2865;24490557,74;50711;4368380,86;9267;4580;223;4699;243
2588;2023-05-01;4302584;BOZANO;43;RIO GRANDE DO SUL;SU;SUL;3525895,28;8375;1129362,57;653;3009195,68;4264;993570,76;1038;639;43;522;44
7;2023-05-01;3123528;DURANDÉ;31;MINAS GERAIS;SE;SUDESTE;10071290,97;43016;2453953,81;2326;7815955,34;27038;1706349,61;5531;2785;156;2536;137
3065;2023-05-01;3519055;HOLAMBRA;35;SÃO PAULO;SE;SUDESTE;70965396,59;159535;89361046,05;26751;77068003,6;109052;85979245,28;56018;9082;1086;8814;1039
1431;2023-05-01;5106182;NOVA LACERDA;51;MATO GROSSO;CO;CENTRO-OESTE;15235484,98;46286;5672886,0;3736;14912038,71;29661;9260450,59;10437;2821;182;2684;167
4224;2023-05-01;5202353;ARENÓPOLIS;52;GOIÁS;CO;CENTRO-OESTE;13014458,11;24007;3209741,03;1677;10840649,0;16122;5542276,05;4769;1369;85;1364;74
1940;2023-05-01;3540606;PORTO FELIZ;35;SÃO PAULO;SE;SUDESTE;125829677,4;548312;112307356,67;61559;148596089,36;383238;120160844,57;132919;29202;2333;28819;2236
3958;2023-05-01;3114907;CASA GRANDE;31;MINAS GERAIS;SE;SUDESTE;4837809,6;9661;457425,51;445;3891185,21;6398;575125,43;1272;824;36;791;30
672;2023-05-01;2205151;JACOBINA DO PIAUÍ;22;PIAUÍ;NE;NORDESTE;5351863,15;32789;1632351,42;1483;5120916,16;23727;1507330,3;4149;1533;58;1514;54
1163;2023-05-01;2506103;FAGUNDES;25;PARAÍBA;NE;NORDESTE;11706948,08;81225;1138961,89;1333;11487469,13;64215;1347778,93;5905;4249;82;4400;78
666;2023-05-01;4311791;MARATÁ;43;RIO GRANDE DO SUL;SU;SUL;2921943,15;10057;2597567,95;1189;3199316,06;6739;2874698,56;3509;891;97;738;100
3956;2023-05-01;3144409;NATÉRCIA;31;MINAS GERAIS;SE;SUDESTE;5423494,02;18610;2347822,55;1688;5056827,5;12592;7384549,56;3551;1576;111;1479;112
2229;2023-05-01;3524204;JABORANDI;35;SÃO PAULO;SE;SUDESTE;12376574,32;47652;4809129,62;3406;13595506,61;31438;3270586,75;6459;3019;185;2899;181
657;2023-05-01;3156809;SABINÓPOLIS;31;MINAS GERAIS;SE;SUDESTE;23289562,66;91120;5182922,87;5398;24920583,44;63784;4957538,4;14778;5804;278;5871;272
656;2023-05-01;1702901;AXIXÁ DO TOCANTINS;17;TOCANTINS;NO;NORTE;20834088,5;132607;3099083,0;3421;21233880,63;94444;3724466,98;13883;5412;139;5609;126
5802;2023-05-01;2409407;PAU DOS FERROS;24;RIO GRANDE DO NORTE;NE;NORDESTE;66846163,46;363487;25141722,55;20171;62887528,71;294962;32957215,68;94146;15155;861;14968;820
3281;2023-05-01;5002001;BATAYPORÃ;50;MATO GROSSO DO SUL;CO;CENTRO-OESTE;20672738,01;94797;19988060,87;8328;20562097,24;60227;21187425,53;19682;5313;368;5294;348
3952;2023-05-01;1200054;ASSIS BRASIL;12;ACRE;NO;NORTE;9590061,01;45194;1498810,01;1415;8927248,11;33329;1000524,25;3598;2428;81;2469;68
1707;2023-05-01;2701100;BRANQUINHA;27;ALAGOAS;NE;NORDESTE;9894039,0;74656;635402,97;939;9622665,09;52989;667166,45;1649;3810;53;3926;49
2259;2023-05-01;1702703;AURORA DO TOCANTINS;17;TOCANTINS;NO;NORTE;4513540,03;24110;771313,13;1335;4708263,05;17304;633278,52;3228;1240;56;1227;51
3264;2023-05-01;2615904;TUPARETAMA;26;PERNAMBUCO;NE;NORDESTE;14097380,98;76082;2246782,37;1700;13583110,61;57010;1963626,5;6481;3708;103;3663;93
1186;2023-05-01;1718303;PRAIA NORTE;17;TOCANTINS;NO;NORTE;11658280,06;85816;882512,87;1145;11794304,23;62347;1019617,22;3325;3278;56;3394;54
5028;2023-05-01;5215256;NOVO PLANALTO;52;GOIÁS;CO;CENTRO-OESTE;9832398,64;31882;2320006,7;2185;8529786,17;21146;3291545,94;5717;1700;110;1758;103
1187;2023-05-01;4219150;VARGEM;42;SANTA CATARINA;SU;SUL;3695191,08;11054;770651,95;799;4279396,15;7238;701915,96;1345;958;59;938;56
3633;2023-05-01;2920601;MARAGOGIPE;29;BAHIA;NE;NORDESTE;55166953,61;435289;4880859,05;7013;54250989,01;336987;4887582,02;16391;15780;339;16041;311
5648;2023-05-01;2609501;NAZARÉ DA MATA;26;PERNAMBUCO;NE;NORDESTE;43437176,95;308032;9738465,83;8765;43695803,55;233739;27880122,98;25999;13711;381;14083;361
2299;2023-05-01;4200705;ALFREDO WAGNER;42;SANTA CATARINA;SU;SUL;20535957,06;47225;8182212,73;6384;21360691,43;31693;9030640,25;14668;3712;424;3502;429
4926;2023-05-01;2506004;ESPERANÇA;25;PARAÍBA;NE;NORDESTE;50808162,15;272841;31324190,23;17681;51915355,89;209152;30238709,18;40797;12559;830;12947;736
3647;2023-05-01;2703205;IGREJA NOVA;27;ALAGOAS;NE;NORDESTE;24194600,32;135196;1675329,07;1906;21686192,32;92135;1598246,05;4295;7733;111;7730;97
3671;2023-05-01;2915908;ITANAGRA;29;BAHIA;NE;NORDESTE;9504920,7;76195;1928035,62;2303;9463722,96;55445;1415900,13;4644;3074;96;3103;93
1237;2023-05-01;4106001;CONGONHINHAS;41;PARANÁ;SU;SUL;12057308,8;51094;3931417,01;3088;11590295,12;34887;3692945,35;8395;3259;184;3262;183
552;2023-05-01;4204194;CHAPADÃO DO LAGEADO;42;SANTA CATARINA;SU;SUL;6295976,16;12835;1069634,26;1233;7085393,79;7398;1174272,05;3142;1022;76;942;79
3975;2023-05-01;2204550;GUARIBAS;22;PIAUÍ;NE;NORDESTE;7279598,52;36002;4915543,14;1350;6119488,46;24662;5913634,59;2430;1587;63;1595;50
3219;2023-05-01;3549102;SÃO JOÃO DA BOA VISTA;35;SÃO PAULO;SE;SUDESTE;238661370,02;771384;214282793,94;93449;265669228,93;596331;228324506,92;179951;47268;4542;46237;4410
1744;2023-05-01;5201405;APARECIDA DE GOIÂNIA;52;GOIÁS;CO;CENTRO-OESTE;1739057093,49;8413436;1632693649,27;730808;1948872185,18;6867242;1506738477,39;1787773;319126;22263;330255;20841
3605;2023-05-01;2102200;BURITI;21;MARANHÃO;NE;NORDESTE;30142990,72;234340;2774962,25;3079;27812673,14;161406;2882469,3;16704;9979;121;9718;125
3426;2023-05-01;3148509;PAVÃO;31;MINAS GERAIS;SE;SUDESTE;10715259,84;52461;4044578,78;2316;10804933,37;37102;2889351,05;5105;2979;119;2998;126
2022;2023-05-01;2203503;ELESBÃO VELOSO;22;PIAUÍ;NE;NORDESTE;13923278,13;114820;1976760,83;1902;13809476,8;82852;2254670,84;10235;5316;123;5288;121
826;2023-05-01;3520608;INDIANA;35;SÃO PAULO;SE;SUDESTE;10662438,89;41548;4809038,93;3749;11044806,28;29321;4760784,7;6664;2388;176;2367;169
824;2023-05-01;3515806;FLORA RICA;35;SÃO PAULO;SE;SUDESTE;2467256,53;12627;316621,29;440;2329828,95;7747;348285,62;1065;712;17;685;21
3440;2023-05-01;2105658;JUNCO DO MARANHÃO;21;MARANHÃO;NE;NORDESTE;8423463,17;59055;1578499,55;2003;7989854,51;45007;1215293,9;3746;2332;38;2328;41
882;2023-05-01;5106703;PONTE BRANCA;51;MATO GROSSO;CO;CENTRO-OESTE;4696776,41;15558;955510,75;943;4328431,0;11813;772659,9;1870;807;45;792;53
2078;2023-05-01;2200277;ALEGRETE DO PIAUÍ;22;PIAUÍ;NE;NORDESTE;10159557,31;54063;683461,31;1213;9385480,57;40295;928034,17;2672;2115;50;2130;47
903;2023-05-01;3110707;CAMBUQUIRA;31;MINAS GERAIS;SE;SUDESTE;18955071,06;95261;5835427,35;5770;23156721,86;69649;6212824,06;15939;5412;389;5483;401
791;2023-05-01;2918506;JUSSARA;29;BAHIA;NE;NORDESTE;19338106,07;116082;2419222,72;2625;19287372,38;88616;2189497,5;6005;5876;127;5886;128
3465;2023-05-01;2913705;INHAMBUPE;29;BAHIA;NE;NORDESTE;52377931,43;309873;22542031,95;14463;50474842,24;226651;22301949,1;37538;14435;594;14952;574
3368;2023-05-01;2511707;PILÕEZINHOS;25;PARAÍBA;NE;NORDESTE;5166025,78;29113;380338,67;765;4908040,21;23947;430918,96;1184;1599;33;1683;31
762;2023-05-01;2411205;SANTA CRUZ;24;RIO GRANDE DO NORTE;NE;NORDESTE;76858927,78;472714;22087387,04;24627;73486296,88;379910;20627194,69;75030;18579;797;18671;746
5353;2023-05-01;1508159;URUARÁ;15;PARÁ;NO;NORTE;82020004,63;433399;42900588,25;25829;81928613,15;281880;37575115,58;88713;17886;661;17661;670
737;2023-05-01;4215307;SALETE;42;SANTA CATARINA;SU;SUL;12968550,03;42649;31143331,02;7583;13470104,02;25344;24574089,14;13446;3475;475;3154;470
5348;2023-05-01;2304269;DEPUTADO IRAPUAN PINHEIRO;23;CEARÁ;NE;NORDESTE;10350223,73;59263;3147558,24;1350;10099069,66;45751;2889064,77;5352;3017;82;3004;82
1020;2023-05-01;3104700;ATALÉIA;31;MINAS GERAIS;SE;SUDESTE;17930447,44;82939;3139291,63;3024;18089748,29;57026;2885973,29;9103;4798;171;4789;179
4039;2023-05-01;2703700;JARAMATAIA;27;ALAGOAS;NE;NORDESTE;8063681,22;35858;1368765,39;789;7391021,63;25775;1163658,81;2368;1931;30;1956;30
3549;2023-05-01;2202778;COLÔNIA DO PIAUÍ;22;PIAUÍ;NE;NORDESTE;7457979,23;53931;448443,75;895;8175163,39;36011;336637,88;2269;2383;51;2550;47
5344;2023-05-01;4120309;PORTO VITÓRIA;41;PARANÁ;SU;SUL;3345183,24;16298;2107283,95;1899;4379221,48;10980;2394369,72;3251;1385;108;1394;101
1047;2023-05-01;3165800;SENADOR JOSÉ BENTO;31;MINAS GERAIS;SE;SUDESTE;2133195,35;7534;528066,91;380;2026544,48;4986;346849,66;565;562;27;533;26
1428;2023-05-01;3534807;OURO VERDE;35;SÃO PAULO;SE;SUDESTE;11454127,59;64970;3342146,47;3811;12264991,43;41577;4017452,04;8638;3493;193;3466;175
1823;2023-05-01;3515194;ESPÍRITO SANTO DO TURVO;35;SÃO PAULO;SE;SUDESTE;7217992,04;39386;2572488,2;2023;7453371,54;23893;1930141,79;3867;2153;103;2189;89
1062;2023-05-01;2205540;LAGOINHA DO PIAUÍ;22;PIAUÍ;NE;NORDESTE;2360857,91;20114;3591456,36;318;2457503,96;14300;728215,61;2015;912;18;959;17
3575;2023-05-01;3527256;LOURDES;35;SÃO PAULO;SE;SUDESTE;4723755,98;15342;421884,63;863;4121065,73;9468;451141,17;2811;965;41;926;48
1764;2023-05-01;4304408;CANELA;43;RIO GRANDE DO SUL;SU;SUL;127663443,7;528180;98395933,28;78225;139248804,45;359707;88273281,64;156343;26922;3240;26652;3059
5454;2023-05-01;3121506;DESTERRO DO MELO;31;MINAS GERAIS;SE;SUDESTE;3671591,09;12905;964018,12;586;4042595,64;10920;1098570,71;1115;1043;49;1024;52
1620;2023-05-01;5212501;LUZIÂNIA;52;GOIÁS;CO;CENTRO-OESTE;544773396,14;2997422;338749102,79;187658;590431326,04;2230840;307575389,32;463256;110916;6196;115105;5819
3279;2023-05-01;4315602;RIO GRANDE;43;RIO GRANDE DO SUL;SU;SUL;416219850,37;2215703;310811019,51;191622;411592744,79;1609964;418446696,24;402208;114547;7047;111659;6582
2372;2023-05-01;1501253;BANNACH;15;PARÁ;NO;NORTE;8092222,51;30515;1339371,02;935;8138828,47;21178;2312001,8;4690;1629;52;1586;52
3143;2023-05-01;3553906;TARABAI;35;SÃO PAULO;SE;SUDESTE;11670798,89;57369;5312061,43;4207;12588674,52;40279;3609883,46;7455;3312;197;3266;178
1537;2023-05-01;5207600;FAZENDA NOVA;52;GOIÁS;CO;CENTRO-OESTE;12247705,32;44417;3012279,94;2474;12129523,38;32296;3307874,28;5809;2359;147;2322;139
3814;2023-05-01;3542503;REGINÓPOLIS;35;SÃO PAULO;SE;SUDESTE;11507213,85;59273;3195992,82;3946;11504555,95;41477;2519110,3;7676;3138;178;3052;188
3715;2023-05-01;2926301;RIACHÃO DO JACUÍPE;29;BAHIA;NE;NORDESTE;70167080,56;378108;34312820,64;17487;73038801,09;285709;35860919,14;46258;14805;818;15176;766
3837;2023-05-01;2410306;SERRA CAIADA;24;RIO GRANDE DO NORTE;NE;NORDESTE;11871113,09;76797;6894038,41;3465;11840757,47;61004;4490152,67;10583;3466;118;3525;103
4376;2023-05-01;2100832;APICUM-AÇU;21;MARANHÃO;NE;NORDESTE;18990829,75;151661;3152242,14;2866;18254882,64;113118;3861526,55;6025;5860;101;5658;103
2437;2023-05-01;2605509;FERREIROS;26;PERNAMBUCO;NE;NORDESTE;15368421,37;89899;1465620,92;2467;14255901,05;68662;1415133,49;6166;4333;110;4362;101
4380;2023-05-01;1503457;IPIXUNA DO PARÁ;15;PARÁ;NO;NORTE;34819792,04;249011;14273058,44;12917;33547313,26;179142;13193193,34;38763;10249;357;10097;360
3836;2023-05-01;3165701;SENADOR FIRMINO;31;MINAS GERAIS;SE;SUDESTE;11020953,48;41615;4100978,75;3685;11441146,98;28288;4778485,47;8473;2747;210;2660;205
3849;2023-05-01;4123303;SANTA CRUZ DE MONTE CASTELO;41;PARANÁ;SU;SUL;17971751,1;63885;7940086,84;6304;18232882,42;42839;8375713,05;16308;3789;285;3670;280
5561;2023-05-01;2107407;OLHO D'ÁGUA DAS CUNHÃS;21;MARANHÃO;NE;NORDESTE;29205468,4;221644;3117817,12;3032;27653596,25;153633;4589406,33;15343;7985;125;7764;125
1355;2023-05-01;1600303;MACAPÁ;16;AMAPÁ;NO;NORTE;1264488565,62;9105016;597543748,27;509492;1258722614,65;7297176;556137128,45;1166933;294506;11766;293270;11221
3172;2023-05-01;1718402;PRESIDENTE KENNEDY;17;TOCANTINS;NO;NORTE;7837858,53;40551;3318632,4;2539;7718595,86;27697;3790777,02;6999;1607;67;1629;63
3745;2023-05-01;2611309;POMBOS;26;PERNAMBUCO;NE;NORDESTE;44474251,74;222209;26012680,04;12078;47461411,47;180468;22138040,58;28877;10095;329;10254;321
3813;2023-05-01;3104106;ARCEBURGO;31;MINAS GERAIS;SE;SUDESTE;12079226,65;58164;13488320,85;5552;11975477,6;39287;22189282,85;14083;3757;281;3656;292
3892;2023-05-01;2112233;TRIZIDELA DO VALE;21;MARANHÃO;NE;NORDESTE;34029117,47;239488;13854340,6;10668;32738209,43;174108;9268143,32;25958;8916;313;9036;297
3152;2023-05-01;2608057;JATOBÁ;26;PERNAMBUCO;NE;NORDESTE;19001181,08;127137;4819450,58;2282;17962342,17;89722;3508268,95;8640;5948;113;5825;117
2424;2023-05-01;2111078;SÃO JOÃO DO SOTER;21;MARANHÃO;NE;NORDESTE;17154113,05;131826;1209045,92;1410;16372688,64;87016;1317830,94;3977;5298;76;5270;75
5555;2023-05-01;3501806;AMÉRICO DE CAMPOS;35;SÃO PAULO;SE;SUDESTE;11475234,48;40151;3053654,37;2576;13108491,86;28793;3470791,74;6897;2717;171;2568;175
446;2023-05-01;3103108;ANTÔNIO PRADO DE MINAS;31;MINAS GERAIS;SE;SUDESTE;2184736,7;10645;131232,73;255;2199849,7;8906;125184,48;476;649;27;611;21
1383;2023-05-01;2400604;ALMINO AFONSO;24;RIO GRANDE DO NORTE;NE;NORDESTE;8478513,86;52931;1173409,25;1223;7650667,05;40291;1307650,6;3407;2246;66;2126;56
5530;2023-05-01;2931053;TANQUE NOVO;29;BAHIA;NE;NORDESTE;20382390,45;86697;7504262,57;4800;18374578,27;57579;8603621,37;13582;5070;300;4905;250
4395;2023-05-01;2801306;CAPELA;28;SERGIPE;NE;NORDESTE;41536169,57;274998;14047583,21;7145;39290368,4;197854;16501330,16;28254;12430;300;12779;291
1282;2023-05-01;2504207;CATINGUEIRA;25;PARAÍBA;NE;NORDESTE;6864240,45;37770;792143,47;1222;7020581,39;30897;581858,36;2979;1732;35;1803;34
1567;2023-05-01;2307254;JIJOCA DE JERICOACOARA;23;CEARÁ;NE;NORDESTE;50616538,26;294253;34197435,92;42850;52236091,3;236486;28901062,41;145720;10390;1225;10255;1126
2355;2023-05-01;3139003;MACHADO;31;MINAS GERAIS;SE;SUDESTE;84855621,54;276059;116770388,52;28041;91970929,01;208572;128664017,32;48163;17483;1435;17759;1411
1465;2023-05-01;1506112;QUATIPURU;15;PARÁ;NO;NORTE;12886533,24;103814;2233884,41;3725;12725967,55;76298;1774806,67;8414;4576;99;4659;91
5564;2023-05-01;4110409;INDIANÓPOLIS;41;PARANÁ;SU;SUL;7751151,71;34693;5591693,6;2321;7842252,37;22773;5356907,3;5692;2148;105;2064;110
4348;2023-05-01;5219704;SANTA TEREZINHA DE GOIÁS;52;GOIÁS;CO;CENTRO-OESTE;34609644,42;91716;7739062,48;7657;36631627,91;68355;8001880,59;21457;4299;299;4430;301
3767;2023-05-01;3503307;ARARAS;35;SÃO PAULO;SE;SUDESTE;320029400,16;1222071;260327340,99;142064;337537607,4;906962;222460151,94;419725;71606;6132;69954;5734
4428;2023-05-01;2207405;PALMEIRA DO PIAUÍ;22;PIAUÍ;NE;NORDESTE;7719914,1;45993;1213284,99;1451;7614861,09;31047;1078718,5;4249;2294;58;2253;57
512;2023-05-01;5204706;CAMPINORTE;52;GOIÁS;CO;CENTRO-OESTE;40663027,55;130195;39244360,54;11069;40390776,85;88675;43247451,59;44438;5823;388;5918;401
1885;2023-06-01;2605509;FERREIROS;26;PERNAMBUCO;NE;NORDESTE;13978830,13;94539;1676183,61;2515;13848955,09;71870;1425387,36;6236;4429;117;4428;108
3756;2023-06-01;2926301;RIACHÃO DO JACUÍPE;29;BAHIA;NE;NORDESTE;72400377,94;390563;37455149,98;17779;76577857,52;302972;38131391,29;51236;15065;813;15519;790
3511;2023-06-01;3165701;SENADOR FIRMINO;31;MINAS GERAIS;SE;SUDESTE;10745521,14;41434;3873532,73;3695;11485774,18;27619;3918365,81;8870;2786;210;2666;202
2894;2023-06-01;2106904;MONÇÃO;21;MARANHÃO;NE;NORDESTE;27566194,86;251708;3165922,85;3390;24020013,27;167113;3118273,9;15887;9658;111;9545;110
1878;2023-06-01;3515194;ESPÍRITO SANTO DO TURVO;35;SÃO PAULO;SE;SUDESTE;7365152,24;42376;2837644,36;2092;7344211,27;24706;2195582,2;4285;2204;109;2225;95
4550;2023-06-01;2111078;SÃO JOÃO DO SOTER;21;MARANHÃO;NE;NORDESTE;17541283,87;140828;2128139,9;1334;16666620,0;89520;1787565,2;4290;5428;74;5407;75
2666;2023-06-01;4315602;RIO GRANDE;43;RIO GRANDE DO SUL;SU;SUL;426772457,95;2289907;305996006,04;189057;432115025,96;1650558;454696046,34;405631;115810;7080;113816;6620
3775;2023-06-01;5202353;ARENÓPOLIS;52;GOIÁS;CO;CENTRO-OESTE;10684082,63;23815;2514731,81;1716;10348626,04;15632;3825616,22;4677;1373;83;1368;82
1375;2023-06-01;2702405;DELMIRO GOUVEIA;27;ALAGOAS;NE;NORDESTE;86915495,86;563977;20686999,02;21827;84334691,52;400770;20342238,08;73108;24280;879;25017;844
4136;2023-06-01;2202075;CAJAZEIRAS DO PIAUÍ;22;PIAUÍ;NE;NORDESTE;3342766,69;27379;639660,85;534;3187671,96;17985;469180,02;1111;1089;23;1147;22
1040;2023-06-01;3519055;HOLAMBRA;35;SÃO PAULO;SE;SUDESTE;72800351,23;167969;80927983,75;25372;70646036,97;112238;78692390,9;54810;9236;1107;8924;1062
5698;2023-06-01;1705508;COLINAS DO TOCANTINS;17;TOCANTINS;NO;NORTE;139892372,61;540864;76439491,58;43236;147644532,02;376985;79285885,41;124299;19326;1264;19972;1207
4142;2023-06-01;2100832;APICUM-AÇU;21;MARANHÃO;NE;NORDESTE;21596906,07;163199;2277395,46;2800;20800667,96;120992;2937566,24;6487;6012;102;5963;97
1015;2023-06-01;2205540;LAGOINHA DO PIAUÍ;22;PIAUÍ;NE;NORDESTE;2256641,85;21673;3121650,7;285;2227378,21;14662;943556,94;2065;935;17;971;18
991;2023-06-01;3104700;ATALÉIA;31;MINAS GERAIS;SE;SUDESTE;16777567,63;84808;2867776,07;2990;16950587,63;56661;2871700,37;9483;4868;170;4824;179
179;2023-06-01;3123528;DURANDÉ;31;MINAS GERAIS;SE;SUDESTE;11180367,44;46293;2680598,15;2336;9327852,42;31973;1696626,68;5695;2837;155;2635;131
2019;2023-06-01;5207600;FAZENDA NOVA;52;GOIÁS;CO;CENTRO-OESTE;12518699,55;45641;3000284,66;2402;11691721,27;33181;3711578,58;5889;2384;143;2321;140
5585;2023-06-01;4315149;PRESIDENTE LUCENA;43;RIO GRANDE DO SUL;SU;SUL;3639704,43;14658;4779277,56;1785;4005994,48;8747;5880171,68;6475;1267;162;1095;162
4802;2023-06-01;1701002;ANANÁS;17;TOCANTINS;NO;NORTE;22660829,59;155908;5993185,34;5397;20775766,83;104711;5470908,16;13961;5518;225;5480;209
3460;2023-06-01;2203503;ELESBÃO VELOSO;22;PIAUÍ;NE;NORDESTE;14768628,1;120810;1977496,9;2066;14377160,09;85520;2204526,9;10647;5417;123;5365;116
918;2023-06-01;3518107;GUARANTÃ;35;SÃO PAULO;SE;SUDESTE;9986421,46;68698;2301955,49;3377;10437975,13;43074;3469225,04;8531;3327;175;3227;174
1953;2023-06-01;4114401;MANGUEIRINHA;41;PARANÁ;SU;SUL;39643380,43;112672;51982837,07;13367;40825038,62;67929;37913222,33;29817;7568;626;7443;632
4117;2023-06-01;3165206;SÃO TOMÉ DAS LETRAS;31;MINAS GERAIS;SE;SUDESTE;8427381,79;46740;7769099,94;9198;10353430,94;38799;6976185,73;24023;2707;436;2858;416
889;2023-06-01;2205151;JACOBINA DO PIAUÍ;22;PIAUÍ;NE;NORDESTE;5566786,62;34839;1802851,18;1617;5370662,79;24757;1388245,73;4209;1573;63;1555;51
4972;2023-06-01;2903003;BARRA DO MENDES;29;BAHIA;NE;NORDESTE;16196546,37;101924;2087613,78;2505;15489072,86;75380;2488007,23;9672;5524;147;5356;152
4978;2023-06-01;4309704;HUMAITÁ;43;RIO GRANDE DO SUL;SU;SUL;7314947,21;22062;2559174,42;1438;6411935,19;12681;3183246,21;5738;1892;148;1675;176
4797;2023-06-01;2920601;MARAGOGIPE;29;BAHIA;NE;NORDESTE;57621189,29;444430;5014348,73;7161;56918140,3;349349;6273670,97;18656;16183;329;16518;320
4;2023-06-01;3515806;FLORA RICA;35;SÃO PAULO;SE;SUDESTE;2372197,45;13525;425672,22;463;2240257,95;7760;476306,05;1177;720;17;703;20
3481;2023-06-01;2615904;TUPARETAMA;26;PERNAMBUCO;NE;NORDESTE;15347289,66;79409;2182039,06;1692;14790344,95;60477;1865373,66;6620;3783;105;3760;96
5141;2023-06-01;2801306;CAPELA;28;SERGIPE;NE;NORDESTE;41680543,83;284536;14435713,04;7053;40579337,44;205492;16785749,13;29484;12787;303;13152;289
977;2023-06-01;1718303;PRAIA NORTE;17;TOCANTINS;NO;NORTE;11348876,05;87077;673465,63;914;11074120,96;62969;907587,69;3333;3345;52;3433;52
3431;2023-06-01;3553906;TARABAI;35;SÃO PAULO;SE;SUDESTE;11065509,14;60140;4785292,94;4142;11779039,2;41661;3444438,45;7560;3360;191;3336;173
1898;2023-06-01;3169406;TRÊS PONTAS;31;MINAS GERAIS;SE;SUDESTE;139592298,37;466123;180239450,15;40632;141709838,89;337550;192925282,42;92243;25765;1983;26168;1930
1617;2023-06-01;1501253;BANNACH;15;PARÁ;NO;NORTE;8638764,78;31936;1111364,39;946;8659757,76;22146;2283871,12;4875;1664;51;1617;59
5681;2023-06-01;2106003;LIMA CAMPOS;21;MARANHÃO;NE;NORDESTE;17695805,99;127551;4044430,36;4166;17182054,94;96218;4369080,51;11134;5071;165;5085;141
4904;2023-06-01;4100400;ALMIRANTE TAMANDARÉ;41;PARANÁ;SU;SUL;234570949,56;1363622;168063554,28;110581;264439351,63;980788;148254851,88;197265;63848;4014;65149;3870
1708;2023-06-01;5106182;NOVA LACERDA;51;MATO GROSSO;CO;CENTRO-OESTE;14787598,93;47125;5632918,21;3903;15341415,98;29106;5879356,62;10742;2849;190;2700;173
1702;2023-06-01;3540606;PORTO FELIZ;35;SÃO PAULO;SE;SUDESTE;128917603,3;569590;110146492,46;60972;154190095,99;393467;120310154,02;129386;29611;2376;29217;2254
5528;2023-06-01;2305209;HIDROLÂNDIA;23;CEARÁ;NE;NORDESTE;21340935,26;152302;4414326,35;5395;20225454,02;121809;3133591,91;19820;7398;247;7299;230
5956;2023-06-01;2210201;SÃO JOSÉ DO PIAUÍ;22;PIAUÍ;NE;NORDESTE;6154217,56;40291;893319,31;952;5948643,56;27546;1121205,2;2477;2232;45;2213;41
2947;2023-06-01;2910750;FÁTIMA;29;BAHIA;NE;NORDESTE;25136376,84;127359;2969323,62;4016;24165615,05;92147;3759521,6;11793;6207;179;6300;181
1585;2023-06-01;2608057;JATOBÁ;26;PERNAMBUCO;NE;NORDESTE;19822935,82;136870;4631722,32;2325;18423758,54;96036;3558864,31;9660;6033;116;5942;119
5482;2023-06-01;3114907;CASA GRANDE;31;MINAS GERAIS;SE;SUDESTE;4391533,13;10262;621205,91;439;4037969,81;6665;584744,42;1357;850;31;794;32
3924;2023-06-01;3135308;JAPARAÍBA;31;MINAS GERAIS;SE;SUDESTE;7525754,34;29243;1495349,85;1435;8606698,56;18720;1855704,76;5326;1793;131;1616;132
1273;2023-06-01;4311791;MARATÁ;43;RIO GRANDE DO SUL;SU;SUL;2889593,41;9784;2247406,35;1225;3161405,36;6890;2837358,51;3440;902;99;776;96
1660;2023-06-01;2506103;FAGUNDES;25;PARAÍBA;NE;NORDESTE;11655430,14;82261;1095359,08;1333;11816408,69;66812;1282872,91;5907;4460;85;4499;71
2933;2023-06-01;3549102;SÃO JOÃO DA BOA VISTA;35;SÃO PAULO;SE;SUDESTE;247297389,26;799880;197067072,94;92223;284786624,86;608384;208750188,52;182138;47919;4593;46886;4407
3651;2023-06-01;2300408;AIUABA;23;CEARÁ;NE;NORDESTE;17361882,56;130692;998082,05;2648;16791002,56;100553;1040482,11;6433;5468;115;5398;116
3661;2023-06-01;1718501;RECURSOLÂNDIA;17;TOCANTINS;NO;NORTE;6162010,73;34217;1517427,66;945;5925803,89;24154;2213311,25;1979;1445;42;1470;34
3877;2023-06-01;2207405;PALMEIRA DO PIAUÍ;22;PIAUÍ;NE;NORDESTE;8667148,79;50818;1074261,31;1511;8518564,36;34268;1108729,51;4927;2348;60;2337;56
1263;2023-06-01;2504207;CATINGUEIRA;25;PARAÍBA;NE;NORDESTE;6119097,92;37292;799918,21;1095;6364548,67;29154;484006,68;2773;1764;35;1861;31
4629;2023-06-01;2204550;GUARIBAS;22;PIAUÍ;NE;NORDESTE;7354998,33;38342;3790743,78;1213;5979485,52;26419;4640205,75;2294;1600;57;1614;47
3887;2023-06-01;2701100;BRANQUINHA;27;ALAGOAS;NE;NORDESTE;10432009,38;79564;661671,21;979;9970359,68;54602;642427,86;1940;3857;54;3987;44
4871;2023-06-01;2703700;JARAMATAIA;27;ALAGOAS;NE;NORDESTE;7823527,48;36752;1073844,1;695;7312508,18;26430;964730,98;2152;2004;30;2016;34
1247;2023-06-01;3520608;INDIANA;35;SÃO PAULO;SE;SUDESTE;10356310,75;43899;5406681,41;3710;10699882,48;30874;5669284,48;6685;2406;175;2413;169
841;2023-06-01;3144409;NATÉRCIA;31;MINAS GERAIS;SE;SUDESTE;6057030,05;18926;2166073,16;1545;5304760,47;12660;3423736,01;3325;1633;109;1510;109
3708;2023-06-01;4302584;BOZANO;43;RIO GRANDE DO SUL;SU;SUL;2129777,32;8080;1074800,76;643;1683411,52;4371;1091655,87;1123;651;45;552;49
1322;2023-06-01;2918506;JUSSARA;29;BAHIA;NE;NORDESTE;19630232,64;120645;2643834,33;2603;19707663,47;89935;2427569,89;6335;5967;136;5987;125
5608;2023-06-01;3550803;SÃO SEBASTIÃO DA GRAMA;35;SÃO PAULO;SE;SUDESTE;16226540,74;65497;17258161,1;5642;17113964,28;43316;15598749,32;11554;4355;377;4304;383
5695;2023-06-01;5215652;PALESTINA DE GOIÁS;52;GOIÁS;CO;CENTRO-OESTE;9332492,98;24430;2951608,23;1509;8087688,51;16080;1778099,0;4263;1171;61;1188;67
1077;2023-06-01;1702703;AURORA DO TOCANTINS;17;TOCANTINS;NO;NORTE;4707179,34;24802;869860,58;1480;4669206,06;17632;725352,51;4042;1268;60;1259;54
5113;2023-06-01;2513943;SÃO DOMINGOS DO CARIRI;25;PARAÍBA;NE;NORDESTE;4198608,01;21267;191302,98;319;4200816,07;17110;165428,71;714;1021;18;1001;20
1089;2023-06-01;5106703;PONTE BRANCA;51;MATO GROSSO;CO;CENTRO-OESTE;4105496,29;15294;784093,7;978;4388709,98;11230;726511,9;1931;820;48;819;50
3746;2023-06-01;1706001;COUTO MAGALHÃES;17;TOCANTINS;NO;NORTE;11945890,96;50038;23353674,38;3773;10900363,88;33699;24999261,67;9309;2062;105;2137;91
2979;2023-06-01;2400604;ALMINO AFONSO;24;RIO GRANDE DO NORTE;NE;NORDESTE;9474272,42;56236;1141673,23;1142;8414707,97;42703;1157538,31;3346;2330;65;2192;52
1108;2023-06-01;2108009;PASTOS BONS;21;MARANHÃO;NE;NORDESTE;30088453,55;277218;10570682,72;7904;28481672,48;168817;10931679,7;26148;7813;208;7794;205
4944;2023-06-01;2200459;ALVORADA DO GURGUÉIA;22;PIAUÍ;NE;NORDESTE;8363736,81;53283;1160019,54;1042;8194271,11;36860;1142244,92;3513;2181;63;2227;52
3986;2023-06-01;1718402;PRESIDENTE KENNEDY;17;TOCANTINS;NO;NORTE;7769259,06;42803;3446551,33;2907;7649536,05;28738;2280910,49;7198;1617;67;1635;63
1043;2023-06-01;2307254;JIJOCA DE JERICOACOARA;23;CEARÁ;NE;NORDESTE;51691401,41;304392;28618550,76;43704;51875410,74;245975;29723787,01;151653;10545;1225;10394;1137
2972;2023-06-01;3542503;REGINÓPOLIS;35;SÃO PAULO;SE;SUDESTE;12637462,24;61017;3396471,1;4011;12431291,87;42129;3364841,43;7771;3192;183;3087;188
3599;2023-06-01;4304408;CANELA;43;RIO GRANDE DO SUL;SU;SUL;127029604,45;548831;101377338,77;79983;142801578,62;373274;93651128,52;166054;27428;3316;27187;3089
5596;2023-06-01;5220702;SÍTIO D'ABADIA;52;GOIÁS;CO;CENTRO-OESTE;4322356,56;21057;2657558,27;557;4182618,65;14354;843593,42;1647;1102;35;1059;34
3834;2023-06-01;5214838;NOVA CRIXÁS;52;GOIÁS;CO;CENTRO-OESTE;40647015,63;121972;13884441,15;10133;44870730,2;91752;17168449,77;34149;5499;412;5706;390
5668;2023-06-01;2612406;SANHARÓ;26;PERNAMBUCO;NE;NORDESTE;22799568,77;125229;4284543,72;3976;22867559,1;96027;3169437,45;13291;6527;217;6712;189
1145;2023-06-01;2411205;SANTA CRUZ;24;RIO GRANDE DO NORTE;NE;NORDESTE;77013275,99;480682;21087431,75;24072;73840708,86;383257;18280845,78;73928;18844;804;19002;736
3617;2023-06-01;4110052;IGUATU;41;PARANÁ;SU;SUL;2903265,36;13429;1830509,5;875;2597213,55;8247;1471445,92;2356;892;47;808;53
5974;2023-06-01;2613404;SÃO JOSÉ DA COROA GRANDE;26;PERNAMBUCO;NE;NORDESTE;32564853,01;236629;11031191,39;8805;33531692,5;177284;8425611,36;31403;8968;353;9345;334
2777;2023-06-01;3139003;MACHADO;31;MINAS GERAIS;SE;SUDESTE;94887127,31;284220;97892310,1;28676;99723383,46;211964;94191277,75;50206;17843;1473;18003;1423
4603;2023-06-01;2609501;NAZARÉ DA MATA;26;PERNAMBUCO;NE;NORDESTE;45634045,13;321157;9594653,13;8791;46118622,82;242547;27278855,31;27918;14058;396;14372;357
4839;2023-06-01;5219704;SANTA TEREZINHA DE GOIÁS;52;GOIÁS;CO;CENTRO-OESTE;34586113,39;94220;6749837,85;7806;35766346,75;70048;7665459,34;22520;4365;298;4517;291
3042;2023-06-01;3501806;AMÉRICO DE CAMPOS;35;SÃO PAULO;SE;SUDESTE;12278725,32;41836;2289885,28;2522;13799663,14;29514;2962235,93;7122;2742;179;2656;174
1449;2023-06-01;4219150;VARGEM;42;SANTA CATARINA;SU;SUL;3353525,92;11588;1056734,82;796;3866445,56;7301;765293,02;1476;967;64;948;59
2226;2023-06-01;5201405;APARECIDA DE GOIÂNIA;52;GOIÁS;CO;CENTRO-OESTE;1754835914,48;8711142;1636133047,63;760434;1971448331,27;7008293;1560870294,22;2030451;322730;22600;333298;21167
5002;2023-06-01;4127304;TERRA RICA;41;PARANÁ;SU;SUL;31923215,99;119732;8663600,93;9251;34061177,88;77367;10676633,65;24375;6994;464;6940;467
4383;2023-06-01;2414001;TANGARÁ;24;RIO GRANDE DO NORTE;NE;NORDESTE;26633334,05;179208;5333896,51;4314;25522068,33;147130;6247802,74;19554;6942;192;6965;172
2339;2023-06-01;2913705;INHAMBUPE;29;BAHIA;NE;NORDESTE;53178953,76;327276;23586074,66;15356;51810177,14;238777;22599784,06;42509;14755;585;15325;575
3250;2023-06-01;2704104;LAGOA DA CANOA;27;ALAGOAS;NE;NORDESTE;24141153,02;134443;3922367,42;2948;23409289,55;96615;2359419,6;6934;6764;148;6781;124
466;2023-06-01;3133204;ITANHOMI;31;MINAS GERAIS;SE;SUDESTE;20478224,51;70721;4660809,24;3103;26690986,46;51060;4504720,29;9317;4646;233;4719;248
5779;2023-06-01;2516755;TENÓRIO;25;PARAÍBA;NE;NORDESTE;4155090,0;28562;723984,22;815;3960200,33;21148;404796,73;1851;1197;36;1233;30
4767;2023-06-01;2203420;DOMINGOS MOURÃO;22;PIAUÍ;NE;NORDESTE;4286835,37;30786;193262,19;408;3907148,91;22018;171170,15;959;1493;20;1526;21
2301;2023-06-01;3148509;PAVÃO;31;MINAS GERAIS;SE;SUDESTE;10300241,98;55479;3405131,24;2203;10822770,08;38869;2777782,26;5333;3038;121;3010;129
730;2023-06-01;1702901;AXIXÁ DO TOCANTINS;17;TOCANTINS;NO;NORTE;20762560,58;137613;3304374,32;3746;20686008,23;96146;3832507,46;13821;5497;145;5696;132
4454;2023-06-01;5002001;BATAYPORÃ;50;MATO GROSSO DO SUL;CO;CENTRO-OESTE;21171075,84;98549;11927514,17;8535;20250821,16;62185;22370771,64;20651;5404;378;5338;358
2150;2023-06-01;4106001;CONGONHINHAS;41;PARANÁ;SU;SUL;11332354,23;52171;3182237,09;3243;10869096,3;34769;2746691,92;8150;3293;185;3275;175
2184;2023-06-01;4200705;ALFREDO WAGNER;42;SANTA CATARINA;SU;SUL;17279618,78;47650;7357270,09;6090;17588554,03;32386;7861800,56;14125;3773;424;3524;426
5347;2023-06-01;3524204;JABORANDI;35;SÃO PAULO;SE;SUDESTE;11983549,74;50459;2866378,05;3020;13256980,8;32173;3119106,12;6399;3088;192;2943;171
593;2023-06-01;4311734;MAMPITUBA;43;RIO GRANDE DO SUL;SU;SUL;4356283,86;15022;1379608,0;1714;3942064,9;9050;778822,79;2691;1024;52;953;47
4190;2023-06-01;2211704;WALL FERRAZ;22;PIAUÍ;NE;NORDESTE;4578726,9;30743;587956,31;881;4370189,53;20601;410693,8;3026;1439;34;1444;32
2366;2023-06-01;2703205;IGREJA NOVA;27;ALAGOAS;NE;NORDESTE;24226101,19;146919;1564380,83;1907;22245934,53;97658;1589857,65;4243;8038;100;8060;99
589;2023-06-01;4204194;CHAPADÃO DO LAGEADO;42;SANTA CATARINA;SU;SUL;5626421,63;12278;999095,47;1198;3915921,81;7274;952355,91;3132;1015;73;914;85
2359;2023-06-01;1600303;MACAPÁ;16;AMAPÁ;NO;NORTE;1350950438,58;9730093;631085360,89;528735;1337044405,39;7720302;560794774,15;1236191;297723;11942;296674;11369
2313;2023-06-01;2102200;BURITI;21;MARANHÃO;NE;NORDESTE;34400484,94;247007;3311258,4;3563;31657780,24;170661;3352995,47;18171;10176;135;9849;134
3066;2023-06-01;3136306;JOÃO PINHEIRO;31;MINAS GERAIS;SE;SUDESTE;117682140,73;506987;118820042,18;43135;128977289,74;350127;94410235,27;106934;24808;1932;25281;1835
5241;2023-06-01;2112233;TRIZIDELA DO VALE;21;MARANHÃO;NE;NORDESTE;34363949,22;246705;14031410,57;10624;33303382,85;176337;9389325,47;26903;9096;328;9251;305
503;2023-06-01;4107108;DIAMANTE DO NORTE;41;PARANÁ;SU;SUL;9893514,46;45956;8793600,84;3660;10517429,93;28980;11427344,11;11142;2645;153;2560;154
3339;2023-06-01;1200054;ASSIS BRASIL;12;ACRE;NO;NORTE;8759542,1;47342;1711136,12;1497;8365492,13;33061;971334,87;3829;2481;81;2530;70
258;2023-06-01;5204706;CAMPINORTE;52;GOIÁS;CO;CENTRO-OESTE;45673893,23;135229;33950949,27;11519;43581238,63;92458;32231898,66;44309;5883;406;5991;417
322;2023-06-01;3103108;ANTÔNIO PRADO DE MINAS;31;MINAS GERAIS;SE;SUDESTE;2385631,24;10929;167717,09;251;2479929,07;9465;88920,27;525;670;26;647;20
566;2023-06-01;3165800;SENADOR JOSÉ BENTO;31;MINAS GERAIS;SE;SUDESTE;1888580,68;7533;469340,7;359;2241733,96;5055;417826,69;587;578;28;560;31
5836;2023-06-01;3148806;PEDRA DO ANTA;31;MINAS GERAIS;SE;SUDESTE;6315773,29;16053;1045210,55;750;7949149,31;14004;484522,69;1023;1108;60;1112;56
508;2023-06-01;4306353;DEZESSEIS DE NOVEMBRO;43;RIO GRANDE DO SUL;SU;SUL;2516922,8;11511;1510871,21;489;2223794,71;6292;944962,96;1303;860;42;790;44
329;2023-06-01;4215307;SALETE;42;SANTA CATARINA;SU;SUL;12551249,84;43291;42525994,17;7241;12844172,86;25025;40149237,58;13803;3500;475;3224;480
528;2023-06-01;3202603;ICONHA;32;ESPÍRITO SANTO;SE;SUDESTE;24366705,05;107756;25200991,42;10478;25189419,8;73948;33064652,89;30446;5826;577;5588;579
4354;2023-06-01;3503307;ARARAS;35;SÃO PAULO;SE;SUDESTE;326592080,76;1266361;253925932,81;140752;341791738,02;920154;243988955,91;424925;72707;6133;70815;5839
5207;2023-06-01;3135001;JAGUARAÇU;31;MINAS GERAIS;SE;SUDESTE;5189248,66;28193;4557360,76;1649;5225751,02;19880;3625556,22;5125;1471;89;1461;76
2117;2023-06-01;2915908;ITANAGRA;29;BAHIA;NE;NORDESTE;10082977,78;81175;2174765,26;2366;9964109,69;59402;1417939,13;5013;3107;99;3153;89
5063;2023-06-01;3535705;PARAÍSO;35;SÃO PAULO;SE;SUDESTE;11152497,52;46908;70048327,83;4880;11756397,32;29316;18494544,62;10740;2891;191;2747;192
675;2023-06-01;3110707;CAMBUQUIRA;31;MINAS GERAIS;SE;SUDESTE;18525896,83;97185;4826990,68;5598;20482934,54;68806;7024140,96;17288;5477;387;5577;402
219;2023-06-01;2907558;CATURAMA;29;BAHIA;NE;NORDESTE;6238183,44;31883;452744,17;480;6485611,41;20543;465266,83;1519;1956;59;1953;52
4705;2023-06-01;4110409;INDIANÓPOLIS;41;PARANÁ;SU;SUL;8217796,23;36733;5569307,9;2406;7713786,21;23875;5310894,76;6276;2170;109;2106;113
2209;2023-06-01;4321857;TRÊS PALMEIRAS;43;RIO GRANDE DO SUL;SU;SUL;6307729,05;20916;2983311,9;2019;5911471,52;12158;3143736,25;5260;1720;152;1555;154
2651;2023-06-01;2304269;DEPUTADO IRAPUAN PINHEIRO;23;CEARÁ;NE;NORDESTE;10990786,49;62238;3250707,24;1444;10707251,08;48000;2873671,08;5272;3047;77;3076;73
2460;2023-06-01;3527256;LOURDES;35;SÃO PAULO;SE;SUDESTE;4448908,01;16231;343632,87;771;4211872,32;9887;447626,64;3007;986;45;956;52
5924;2023-06-01;2611309;POMBOS;26;PERNAMBUCO;NE;NORDESTE;44633585,77;228317;27753353,25;11836;47869030,5;181848;22952213,07;30634;10335;336;10515;311
2443;2023-06-01;4317251;SANTA TEREZA;43;RIO GRANDE DO SUL;SU;SUL;1158716,38;5063;207805,51;226;1433284,25;3179;449818,99;878;475;30;415;37
5268;2023-06-01;3104106;ARCEBURGO;31;MINAS GERAIS;SE;SUDESTE;12907974,98;61182;17837852,76;5782;13257551,33;40687;22620367,14;15577;3818;277;3764;283
5087;2023-06-01;2107407;OLHO D'ÁGUA DAS CUNHÃS;21;MARANHÃO;NE;NORDESTE;30270292,49;233464;2775062,19;3223;28134525,72;160353;4778323,77;16520;8106;137;7895;127
3391;2023-06-01;2409407;PAU DOS FERROS;24;RIO GRANDE DO NORTE;NE;NORDESTE;66398230,41;371284;25584954,22;20683;64558876,33;298694;32737097,72;97310;15303;879;15143;846
4787;2023-06-01;1508159;URUARÁ;15;PARÁ;NO;NORTE;89695984,0;459743;58172635,23;26222;90272060,84;292345;53580653,38;92150;18281;657;18106;655
2282;2023-06-01;2200277;ALEGRETE DO PIAUÍ;22;PIAUÍ;NE;NORDESTE;10279206,52;55335;945571,84;1357;9205548,07;40434;1046786,31;3021;2125;52;2156;48
3275;2023-06-01;2105658;JUNCO DO MARANHÃO;21;MARANHÃO;NE;NORDESTE;8719928,33;64421;1069776,95;1979;8162012,24;47450;968541,97;4130;2384;39;2386;39
440;2023-06-01;4306502;DOM FELICIANO;43;RIO GRANDE DO SUL;SU;SUL;15271200,93;58141;4537946,99;3262;12895107,65;34163;4878507,18;10762;4221;227;3826;234
5335;2023-06-01;3536257;PARISI;35;SÃO PAULO;SE;SUDESTE;4665893,11;16916;4591571,95;1479;5042480,56;12851;3920804,18;2875;1081;72;1060;60
5329;2023-06-01;1504752;MOJUÍ DOS CAMPOS;15;PARÁ;NO;NORTE;10960643,37;41203;8965288,92;7556;15052600,91;27208;8264680,28;22093;1580;248;1515;241
3387;2023-06-01;5212501;LUZIÂNIA;52;GOIÁS;CO;CENTRO-OESTE;542563672,79;3115454;331369824,88;193945;586847592,15;2279518;304905111,47;471075;112250;6342;116172;5924
2423;2023-06-01;1506112;QUATIPURU;15;PARÁ;NO;NORTE;13872191,48;108673;1905184,1;3871;13423990,94;77577;1291249,24;7942;4733;98;4776;88
2583;2023-06-01;2511707;PILÕEZINHOS;25;PARAÍBA;NE;NORDESTE;5021080,71;30688;372433,53;663;4790831,65;24292;446844,91;1175;1664;29;1729;32
4397;2023-06-01;5103502;DIAMANTINO;51;MATO GROSSO;CO;CENTRO-OESTE;91174754,56;294499;46680397,86;30679;78453325,73;183753;45425818,48;68225;13192;1203;12916;1142
4169;2023-06-01;3170909;VARZELÂNDIA;31;MINAS GERAIS;SE;SUDESTE;27281562,68;165342;5367434,43;6395;26912754,42;116430;5201719,62;21391;8165;279;7870;271
5379;2023-06-01;5002951;CHAPADÃO DO SUL;50;MATO GROSSO DO SUL;CO;CENTRO-OESTE;133198725,42;351277;150718425,56;50936;133752893,15;222901;138093048,07;97908;17259;1940;16865;1864
2048;2023-06-01;3534807;OURO VERDE;35;SÃO PAULO;SE;SUDESTE;12155494,01;71113;3730146,21;3993;12707732,55;44242;4420693,06;9097;3539;204;3526;187
4429;2023-06-01;1503457;IPIXUNA DO PARÁ;15;PARÁ;NO;NORTE;35634991,51;261348;14131182,58;13245;33484219,67;184989;14889449,85;41404;10410;371;10332;362
828;2023-06-01;3156809;SABINÓPOLIS;31;MINAS GERAIS;SE;SUDESTE;23228402,13;94311;4895268,47;5323;24801325,64;64204;4722345,68;15672;5833;281;5928;285
1225;2023-07-01;4106001;CONGONHINHAS;41;PARANÁ;SU;SUL;12268819,54;58436;2944464,46;3240;11848662,22;38104;3462967,03;9007;3381;183;3388;183
5468;2023-07-01;5202353;ARENÓPOLIS;52;GOIÁS;CO;CENTRO-OESTE;11564446,08;25578;2201981,45;1988;10893599,55;16731;3146143,36;5244;1401;84;1356;82
1220;2023-07-01;2506103;FAGUNDES;25;PARAÍBA;NE;NORDESTE;12395431,2;89151;1127819,9;1443;12520241,5;69308;1088182,34;6200;4450;89;4565;81
3096;2023-07-01;4302584;BOZANO;43;RIO GRANDE DO SUL;SU;SUL;2764371,74;8466;983494,38;673;2680952,61;4713;1410243,57;1120;669;43;571;46
5465;2023-07-01;2410306;SERRA CAIADA;24;RIO GRANDE DO NORTE;NE;NORDESTE;12616939,87;88967;6848696,9;3574;12259351,47;67423;5015566,1;12114;3658;128;3705;113
4631;2023-07-01;5002001;BATAYPORÃ;50;MATO GROSSO DO SUL;CO;CENTRO-OESTE;21862850,05;107298;12455946,88;9131;20797135,74;66065;20868603,18;23072;5515;365;5415;360
5125;2023-07-01;1706001;COUTO MAGALHÃES;17;TOCANTINS;NO;NORTE;12423512,85;51856;26078966,79;3200;11333121,18;36685;31201605,37;9279;2077;98;2135;91
3624;2023-07-01;2513943;SÃO DOMINGOS DO CARIRI;25;PARAÍBA;NE;NORDESTE;4665539,92;23055;155047,2;319;4566692,91;18355;257621,15;985;1027;21;1010;21
2940;2023-07-01;2203503;ELESBÃO VELOSO;22;PIAUÍ;NE;NORDESTE;15625989,12;135057;4083693,73;2248;15001395,45;90922;4401234,25;12049;5561;119;5572;123
2941;2023-07-01;1501253;BANNACH;15;PARÁ;NO;NORTE;8587775,04;34021;1380388,52;932;9027224,6;21666;2884959,67;4752;1706;49;1641;54
3240;2023-07-01;4321857;TRÊS PALMEIRAS;43;RIO GRANDE DO SUL;SU;SUL;6214582,09;22647;3105723,3;2256;5327791,63;12732;3285867,13;5623;1745;164;1595;161
1693;2023-07-01;2400604;ALMINO AFONSO;24;RIO GRANDE DO NORTE;NE;NORDESTE;8940043,17;61181;1081427,35;1262;7978456,5;46445;892486,22;3620;2306;59;2216;56
4665;2023-07-01;2506004;ESPERANÇA;25;PARAÍBA;NE;NORDESTE;54314244,92;296363;28000688,45;17789;54209460,56;223257;28630903,74;43940;13078;836;13510;761
3244;2023-07-01;2801306;CAPELA;28;SERGIPE;NE;NORDESTE;42602013,26;300081;13091362,78;6953;41921521,74;212592;12451198,69;30526;13056;306;13397;286
5647;2023-07-01;4315602;RIO GRANDE;43;RIO GRANDE DO SUL;SU;SUL;440845575,7;2413612;307495915,95;188562;434922504,49;1687983;425602213,3;410756;116901;7143;114373;6760
308;2023-07-01;4215307;SALETE;42;SANTA CATARINA;SU;SUL;12759185,41;46755;44423240,95;7187;13227144,14;26044;41858486,99;14519;3551;484;3285;489
1681;2023-07-01;2307254;JIJOCA DE JERICOACOARA;23;CEARÁ;NE;NORDESTE;59756055,0;339566;32127987,6;49399;60875971,23;281993;34220312,02;175878;10695;1263;10584;1170
1687;2023-07-01;4200705;ALFREDO WAGNER;42;SANTA CATARINA;SU;SUL;17991805,82;52066;7883344,57;6321;18258029,83;35415;8111548,83;14874;3834;427;3638;447
2793;2023-07-01;1702703;AURORA DO TOCANTINS;17;TOCANTINS;NO;NORTE;5162126,47;26576;875808,0;1743;4960470,25;19595;818880,11;5132;1303;56;1278;54
5020;2023-07-01;2112233;TRIZIDELA DO VALE;21;MARANHÃO;NE;NORDESTE;37898726,23;270913;14069798,72;11370;36253769,54;186148;11736103,78;30733;9284;340;9477;316
527;2023-07-01;3110707;CAMBUQUIRA;31;MINAS GERAIS;SE;SUDESTE;20707170,67;105551;4896527,55;6256;23319614,56;74528;5829016,07;18669;5569;406;5671;416
1317;2023-07-01;1718303;PRAIA NORTE;17;TOCANTINS;NO;NORTE;12262995,59;96717;805351,11;1004;12144532,44;71115;1036282,58;4172;3375;54;3507;50
4472;2023-07-01;3550803;SÃO SEBASTIÃO DA GRAMA;35;SÃO PAULO;SE;SUDESTE;18042199,23;67655;15886105,34;6199;18658124,15;44998;14612190,72;12401;4453;388;4422;397
1507;2023-07-01;2504207;CATINGUEIRA;25;PARAÍBA;NE;NORDESTE;7234168,96;41525;872322,14;1338;7324085,38;29835;631243,68;3407;1821;36;1904;32
5590;2023-07-01;2100832;APICUM-AÇU;21;MARANHÃO;NE;NORDESTE;21647889,16;176436;2234924,3;3377;20590590,52;125564;3331624,23;7799;6094;107;6109;102
4451;2023-07-01;3524204;JABORANDI;35;SÃO PAULO;SE;SUDESTE;12931168,41;54716;2775700,79;3185;15776098,6;34920;2534873,26;7526;3130;197;3032;181
1368;2023-07-01;3515194;ESPÍRITO SANTO DO TURVO;35;SÃO PAULO;SE;SUDESTE;8189320,12;48575;3198836,27;2255;8596805,63;28287;2351048,68;5054;2271;111;2261;96
452;2023-07-01;3156809;SABINÓPOLIS;31;MINAS GERAIS;SE;SUDESTE;23553045,47;101182;5689031,83;5449;25626074,8;68072;5522907,06;16644;5955;279;6029;286
1369;2023-07-01;1702901;AXIXÁ DO TOCANTINS;17;TOCANTINS;NO;NORTE;22958460,79;149077;3582414,15;4078;23067474,15;103308;4013870,66;14855;5632;131;5861;127
3111;2023-07-01;1718402;PRESIDENTE KENNEDY;17;TOCANTINS;NO;NORTE;7892019,92;45291;4631837,91;2520;8007313,86;29065;4118755,15;7092;1641;71;1674;60
1478;2023-07-01;1600303;MACAPÁ;16;AMAPÁ;NO;NORTE;1408818120,95;10208252;616827380,8;535144;1390472995,11;7883821;562987634,91;1247556;300768;12094;299568;11591
1476;2023-07-01;4317251;SANTA TEREZA;43;RIO GRANDE DO SUL;SU;SUL;1456791,13;5105;209564,18;224;1402543,25;3365;498156,36;779;466;33;420;44
1473;2023-07-01;4304408;CANELA;43;RIO GRANDE DO SUL;SU;SUL;133882168,04;597399;114061953,74;82846;148370400,9;403401;103164247,68;184143;27707;3313;27493;3167
2888;2023-07-01;3542503;REGINÓPOLIS;35;SÃO PAULO;SE;SUDESTE;12491843,67;69996;4174825,05;4453;12751591,27;45365;3695986,22;8667;3271;192;3174;202
3139;2023-07-01;2608057;JATOBÁ;26;PERNAMBUCO;NE;NORDESTE;21168569,35;150977;4388906,9;2458;19365745,94;104930;3224119,1;9787;6184;121;6054;119
3765;2023-07-01;3165701;SENADOR FIRMINO;31;MINAS GERAIS;SE;SUDESTE;11215671,43;44145;3751432,98;3944;10683892,3;29960;3781807,41;10102;2834;210;2746;211
5064;2023-07-01;2926301;RIACHÃO DO JACUÍPE;29;BAHIA;NE;NORDESTE;76542269,03;414246;36607132,19;17669;80017713,96;303252;37279481,41;50959;15234;822;15674;802
4422;2023-07-01;2803203;ITAPORANGA D'AJUDA;28;SERGIPE;NE;NORDESTE;48350208,83;396771;12937605,85;11284;48002618,75;273284;40640067,26;39927;15239;425;15702;402
1446;2023-07-01;3519055;HOLAMBRA;35;SÃO PAULO;SE;SUDESTE;72302150,47;178441;74585419,19;27532;73604009,56;116933;68867816,63;60279;9310;1123;9007;1079
1437;2023-07-01;2102200;BURITI;21;MARANHÃO;NE;NORDESTE;31386979,12;245508;3461420,96;3725;26971791,68;166195;3218852,19;17942;10188;137;9813;138
2865;2023-07-01;2605509;FERREIROS;26;PERNAMBUCO;NE;NORDESTE;15548101,53;102518;1757884,96;2462;14479091,62;76624;1308157,25;6686;4537;122;4607;113
1344;2023-07-01;1705508;COLINAS DO TOCANTINS;17;TOCANTINS;NO;NORTE;142847777,24;563080;89414051,17;42782;152798954,01;377287;83639989,28;128087;19592;1254;20177;1217
1521;2023-07-01;3515806;FLORA RICA;35;SÃO PAULO;SE;SUDESTE;2533996,52;14794;541848,93;521;2456204,75;8487;547680,69;1486;723;18;709;23
4883;2023-07-01;2203420;DOMINGOS MOURÃO;22;PIAUÍ;NE;NORDESTE;4564729,89;33452;217376,14;465;4070899,24;23918;173465,49;1316;1532;21;1581;19
1601;2023-07-01;2702405;DELMIRO GOUVEIA;27;ALAGOAS;NE;NORDESTE;96162085,24;648959;22567366,85;23796;90570849,34;438975;22079297,7;79216;24916;897;25543;854
516;2023-07-01;3165800;SENADOR JOSÉ BENTO;31;MINAS GERAIS;SE;SUDESTE;2305649,33;7864;366587,71;508;2492317,42;5325;381785,91;640;592;33;555;29
1592;2023-07-01;3139003;MACHADO;31;MINAS GERAIS;SE;SUDESTE;118336883,86;311061;113505586,93;29802;114430674,26;223862;121111120,59;55130;18235;1490;18434;1433
3695;2023-07-01;3527256;LOURDES;35;SÃO PAULO;SE;SUDESTE;3875617,47;17313;624543,44;1002;3636203,66;10770;556233,3;3580;991;48;977;51
2528;2023-07-01;2910750;FÁTIMA;29;BAHIA;NE;NORDESTE;25318917,89;136964;3353244,05;4149;24495736,86;97126;3347174,37;11913;6371;189;6449;185
1293;2023-07-01;3520608;INDIANA;35;SÃO PAULO;SE;SUDESTE;12051583,72;48258;6805478,26;3909;12089095,08;33220;5657682,32;7285;2506;174;2477;184
3191;2023-07-01;2615904;TUPARETAMA;26;PERNAMBUCO;NE;NORDESTE;16476987,21;86270;2782976,34;1767;15929210,61;64864;1973570,77;7434;3859;101;3847;100
3850;2023-07-01;3135001;JAGUARAÇU;31;MINAS GERAIS;SE;SUDESTE;5649622,7;32325;3764507,14;1842;5726496,62;22127;3345378,96;5519;1501;92;1485;83
3882;2023-07-01;3135308;JAPARAÍBA;31;MINAS GERAIS;SE;SUDESTE;8348087,15;31685;1471553,44;1457;8939388,07;19642;1884669,63;6106;1811;136;1671;127
1305;2023-07-01;2411205;SANTA CRUZ;24;RIO GRANDE DO NORTE;NE;NORDESTE;82881055,47;522700;21624510,93;25187;79600162,33;404713;21218997,41;77277;19189;810;19400;757
3280;2023-07-01;3553906;TARABAI;35;SÃO PAULO;SE;SUDESTE;12034774,28;67030;5148349,66;4416;12882450,81;45127;4747472,86;8299;3435;203;3415;180
35;2023-07-01;3518107;GUARANTÃ;35;SÃO PAULO;SE;SUDESTE;10681065,34;77846;2432828,42;3469;10913954,02;45910;3110424,29;9403;3430;177;3279;178
5853;2023-07-01;3551306;SEBASTIANÓPOLIS DO SUL;35;SÃO PAULO;SE;SUDESTE;6215341,34;26114;4345317,01;1831;5339955,68;16263;3524120,18;3415;1541;118;1415;117
2517;2023-07-01;1503457;IPIXUNA DO PARÁ;15;PARÁ;NO;NORTE;39175069,86;290060;13367980,06;15674;38121119,59;200322;12238200,64;44944;10730;365;10629;375
5156;2023-07-01;2414001;TANGARÁ;24;RIO GRANDE DO NORTE;NE;NORDESTE;28227807,78;192706;5189963,31;4808;27336205,62;156200;5412979,54;21484;7065;197;7055;177
1331;2023-07-01;1506112;QUATIPURU;15;PARÁ;NO;NORTE;14733500,96;121844;2172392,16;4020;14269385,21;89474;2044184,05;8870;4771;91;4854;92
5054;2023-07-01;2607653;ITAMBÉ;26;PERNAMBUCO;NE;NORDESTE;50769794,29;305979;13171902,6;9366;49047155,95;229133;13081871,11;34465;13170;401;13673;392
1531;2023-07-01;4311734;MAMPITUBA;43;RIO GRANDE DO SUL;SU;SUL;4651797,97;15945;1316663,04;1461;4524306,01;9735;787055,93;2765;1035;52;992;47
1312;2023-07-01;3534807;OURO VERDE;35;SÃO PAULO;SE;SUDESTE;13576881,98;83871;3451437,5;4150;13981628,39;50118;5724589,24;9763;3623;206;3605;190
653;2023-07-01;5106703;PONTE BRANCA;51;MATO GROSSO;CO;CENTRO-OESTE;4344396,38;16669;1012384,05;1033;5160002,61;12447;767698,12;2042;853;51;864;54
4153;2023-07-01;2511707;PILÕEZINHOS;25;PARAÍBA;NE;NORDESTE;5925747,8;35750;301408,89;665;5504427,39;27183;441785,47;1416;1716;36;1785;30
5171;2023-07-01;3114907;CASA GRANDE;31;MINAS GERAIS;SE;SUDESTE;5780024,75;10595;504763,69;437;4987159,81;8913;693043,45;1420;853;37;819;35
4435;2023-07-01;2609501;NAZARÉ DA MATA;26;PERNAMBUCO;NE;NORDESTE;49520097,74;342159;9401481,97;8814;48474424,96;255159;25299010,04;29324;14297;398;14685;369
3558;2023-07-01;2804300;MURIBECA;28;SERGIPE;NE;NORDESTE;9574645,73;65574;1958571,62;1393;8950471,69;45124;2489765,53;4004;3074;49;3075;47
4172;2023-07-01;4110052;IGUATU;41;PARANÁ;SU;SUL;3082691,38;15772;1974979,77;951;3267124,55;9054;1773436,84;2470;918;52;837;53
1068;2023-07-01;5204706;CAMPINORTE;52;GOIÁS;CO;CENTRO-OESTE;42218892,71;139725;26007292,77;11832;42531780,08;91823;20610798,96;46828;5962;425;6052;418
4578;2023-07-01;2913705;INHAMBUPE;29;BAHIA;NE;NORDESTE;56903736,15;361525;25716105,37;15575;56573179,68;251730;24378528,71;44211;15168;602;15618;575
3562;2023-07-01;2300408;AIUABA;23;CEARÁ;NE;NORDESTE;18033028,07;138249;932609,85;2464;17269703,29;105092;913811,4;6450;5614;118;5535;121
3478;2023-07-01;2202075;CAJAZEIRAS DO PIAUÍ;22;PIAUÍ;NE;NORDESTE;3367330,25;30142;766319,92;575;3279147,17;18405;723295,3;1408;1102;24;1171;26
4093;2023-07-01;3165206;SÃO TOMÉ DAS LETRAS;31;MINAS GERAIS;SE;SUDESTE;9129077,26;48789;9242771,41;10777;11512551,17;43575;7721748,71;27826;2753;449;2883;436
2686;2023-07-01;3169406;TRÊS PONTAS;31;MINAS GERAIS;SE;SUDESTE;148910798,44;505050;138453661,89;42362;159021003,61;365401;149822193,4;97430;26362;2019;26707;1997
1799;2023-07-01;4311791;MARATÁ;43;RIO GRANDE DO SUL;SU;SUL;3031406,19;10712;2170277,62;1190;3679824,6;7427;2982463,54;3459;915;107;801;100
3330;2023-07-01;3503307;ARARAS;35;SÃO PAULO;SE;SUDESTE;343597494,78;1390041;315442006,66;146433;353436254,07;973035;329117009,13;447220;73636;6157;71967;5868
1797;2023-07-01;5207600;FAZENDA NOVA;52;GOIÁS;CO;CENTRO-OESTE;13167848,8;49846;3510131,7;2306;12566005,98;34992;3306940,81;6183;2434;137;2354;130
1002;2023-07-01;4114401;MANGUEIRINHA;41;PARANÁ;SU;SUL;42215802,5;127196;34416176,6;14009;41572572,84;75987;32054093,45;32814;7834;639;7673;641
2086;2023-07-01;2205151;JACOBINA DO PIAUÍ;22;PIAUÍ;NE;NORDESTE;5871949,97;37829;2113747,45;1550;5463826,17;27417;1452742,1;5142;1621;58;1588;53
4685;2023-07-01;4100301;AGUDOS DO SUL;41;PARANÁ;SU;SUL;17629328,08;62521;17171116,69;7569;17963473,2;44506;15382657,0;16334;3654;324;3617;326
703;2023-07-01;3103108;ANTÔNIO PRADO DE MINAS;31;MINAS GERAIS;SE;SUDESTE;2455761,44;11942;168585,29;258;2441661,69;9618;142965,92;652;676;27;632;26
704;2023-07-01;4306502;DOM FELICIANO;43;RIO GRANDE DO SUL;SU;SUL;12822624,22;61047;3876074,08;3380;10353309,73;34647;5466306,48;11435;4317;227;3875;226
4930;2023-07-01;2703700;JARAMATAIA;27;ALAGOAS;NE;NORDESTE;8126036,74;44133;1146278,1;742;7737531,52;29639;1099874,26;1839;2073;30;2123;29
1006;2023-07-01;3104700;ATALÉIA;31;MINAS GERAIS;SE;SUDESTE;18240649,4;94150;2704599,98;3224;18281792,98;60809;2714560,39;10419;4932;180;4981;191
5706;2023-07-01;2931053;TANQUE NOVO;29;BAHIA;NE;NORDESTE;20566997,55;90787;6740754,83;4458;19843022,07;59748;8687857,49;13292;5237;298;4991;266
2126;2023-07-01;2200277;ALEGRETE DO PIAUÍ;22;PIAUÍ;NE;NORDESTE;11017585,67;60581;873019,88;1337;9982018,25;43033;967974,47;3233;2176;51;2207;53
164;2023-07-01;3123528;DURANDÉ;31;MINAS GERAIS;SE;SUDESTE;11745504,98;50511;2342009,42;2470;10033619,76;29862;1692531,13;6224;2953;158;2752;130
2713;2023-07-01;3540606;PORTO FELIZ;35;SÃO PAULO;SE;SUDESTE;137113889,1;627529;96218268,88;64346;152447255,29;417283;104531659,88;133132;29991;2409;29685;2322
181;2023-07-01;4107108;DIAMANTE DO NORTE;41;PARANÁ;SU;SUL;10366427,05;48987;7911465,24;3823;11961856,45;30243;8933178,78;11306;2658;157;2603;157
5702;2023-07-01;2704104;LAGOA DA CANOA;27;ALAGOAS;NE;NORDESTE;26289182,22;147846;3667901,44;2638;26170318,31;188509;2699329,76;6789;6978;138;6954;125
3535;2023-07-01;2703205;IGREJA NOVA;27;ALAGOAS;NE;NORDESTE;27160753,21;165864;2341666,99;1823;24416378,98;107671;2089099,11;4640;8361;108;8358;96
4057;2023-07-01;2204550;GUARIBAS;22;PIAUÍ;NE;NORDESTE;7667604,38;43259;5102455,33;1365;6608626,35;27727;5652900,44;2567;1656;60;1645;46
728;2023-07-01;3133204;ITANHOMI;31;MINAS GERAIS;SE;SUDESTE;21672114,65;77954;4436057,42;3274;25720201,55;56682;4725221,61;10485;4774;237;4878;255
251;2023-07-01;4306353;DEZESSEIS DE NOVEMBRO;43;RIO GRANDE DO SUL;SU;SUL;2530293,39;12639;3014062,59;562;2284055,31;6467;2658128,61;1657;879;40;830;47
2996;2023-07-01;1200054;ASSIS BRASIL;12;ACRE;NO;NORTE;9105524,0;54811;1771080,66;1831;9012311,68;37466;1213813,04;4284;3009;80;2713;68
5943;2023-07-01;4113007;JUSSARA;41;PARANÁ;SU;SUL;12091370,35;63349;26261776,12;6397;12966069,12;38594;55885122,4;10685;3472;209;3321;203
1046;2023-07-01;5201405;APARECIDA DE GOIÂNIA;52;GOIÁS;CO;CENTRO-OESTE;1804876611,71;9193621;1692492706,53;776745;2002484542,3;7129241;1592099897,52;1917551;325931;22971;336224;21444
253;2023-07-01;2918506;JUSSARA;29;BAHIA;NE;NORDESTE;20963794,71;136299;2610082,71;2951;20682208,39;99196;2361563,82;7865;6180;130;6180;126
4759;2023-07-01;1718501;RECURSOLÂNDIA;17;TOCANTINS;NO;NORTE;6407032,15;38171;1924667,27;1127;6082557,84;26119;2037733,39;2323;1455;38;1487;31
4836;2023-07-01;4120309;PORTO VITÓRIA;41;PARANÁ;SU;SUL;4058419,8;20028;1896933,93;1864;4537371,86;12699;2287338,68;3532;1441;109;1441;105
4232;2023-07-01;5212501;LUZIÂNIA;52;GOIÁS;CO;CENTRO-OESTE;568512506,75;3343010;330753129,72;198842;606151676,31;2372034;302936543,21;488447;113781;6398;117490;6014
5177;2023-07-01;3536257;PARISI;35;SÃO PAULO;SE;SUDESTE;6490792,07;17524;3950955,11;1773;6689444,07;13545;3117214,96;3065;1087;73;1078;60
1995;2023-07-01;2105658;JUNCO DO MARANHÃO;21;MARANHÃO;NE;NORDESTE;9826722,14;71558;1050254,59;2117;8695422,67;48169;834098,76;3970;2420;33;2427;36
5403;2023-07-01;2304269;DEPUTADO IRAPUAN PINHEIRO;23;CEARÁ;NE;NORDESTE;11983911,94;68310;3361969,73;1566;11683057,62;50011;3213950,73;6355;3097;77;3104;78
2648;2023-07-01;3170909;VARZELÂNDIA;31;MINAS GERAIS;SE;SUDESTE;31021742,18;185488;5928928,8;6509;30473141,07;127279;5848422,47;22755;8306;282;8056;268
2030;2023-07-01;2602803;BUÍQUE;26;PERNAMBUCO;NE;NORDESTE;48401130,46;288045;6860863,97;7231;48445360,25;209260;6122309,68;25692;14961;356;15392;341
5673;2023-07-01;5205059;CASTELÂNDIA;52;GOIÁS;CO;CENTRO-OESTE;8473056,39;38160;3208144,52;2350;7585355,41;23472;2462620,62;5425;1641;70;1602;73
3309;2023-07-01;2920601;MARAGOGIPE;29;BAHIA;NE;NORDESTE;58621622,32;480365;6036908,53;7698;56986389,21;362383;4855408,8;19429;16550;337;16906;333
5383;2023-07-01;3122207;DIVINOLÂNDIA DE MINAS;31;MINAS GERAIS;SE;SUDESTE;15295165,77;50313;2416755,47;2224;17061277,83;34375;3065243,88;8906;3129;133;3187;139
4149;2023-07-01;4100400;ALMIRANTE TAMANDARÉ;41;PARANÁ;SU;SUL;247937528,55;1512411;163601478,72;113979;276622643,63;1035257;154310980,26;209899;64822;4108;66021;3928
5116;2023-07-01;4123303;SANTA CRUZ DE MONTE CASTELO;41;PARANÁ;SU;SUL;20293970,08;74451;7128590,97;6470;19963336,02;45910;8342071,36;17968;3917;294;3837;281
2960;2023-07-01;3148509;PAVÃO;31;MINAS GERAIS;SE;SUDESTE;11794900,81;59377;3823860,15;2161;11511672,23;40418;2788357,41;5240;3107;119;3085;129
4262;2023-07-01;2111078;SÃO JOÃO DO SOTER;21;MARANHÃO;NE;NORDESTE;19234488,05;164923;1057424,47;1606;21140015,92;98926;1775002,86;5366;5607;85;5553;84
5172;2023-07-01;3501806;AMÉRICO DE CAMPOS;35;SÃO PAULO;SE;SUDESTE;13477740,32;48360;2703270,88;2930;13172835,16;32148;3175324,41;7842;2819;183;2723;188
2655;2023-07-01;3549102;SÃO JOÃO DA BOA VISTA;35;SÃO PAULO;SE;SUDESTE;250381796,78;844609;217820444,51;94070;290080667,23;621055;235778043,61;182768;48570;4616;47554;4481
834;2023-07-01;2205540;LAGOINHA DO PIAUÍ;22;PIAUÍ;NE;NORDESTE;2395669,53;24329;3818479,89;353;2278819,91;16064;896025,04;2623;975;23;1008;19
2576;2023-07-01;3144409;NATÉRCIA;31;MINAS GERAIS;SE;SUDESTE;6365874,57;19880;2433327,71;1678;5369288,58;13116;7578759,08;3823;1660;114;1551;110
3312;2023-07-01;5219704;SANTA TEREZINHA DE GOIÁS;52;GOIÁS;CO;CENTRO-OESTE;36146525,1;95176;8069584,18;8011;38577938,81;70825;9325869,56;23869;4436;300;4591;310
3319;2023-07-01;3136306;JOÃO PINHEIRO;31;MINAS GERAIS;SE;SUDESTE;123833698,31;542271;179009119,65;45555;136547361,49;366429;130933083,41;115836;25278;1961;25659;1885
2062;2023-07-01;2207405;PALMEIRA DO PIAUÍ;22;PIAUÍ;NE;NORDESTE;9254235,1;55109;1363122,18;1693;8690701,78;35922;1180802,8;5201;2385;60;2386;58
5006;2023-07-01;4110409;INDIANÓPOLIS;41;PARANÁ;SU;SUL;8878169,83;43349;4992148,44;2445;8525544,65;26711;4194055,9;6667;2213;107;2126;119
5680;2023-07-01;1508159;URUARÁ;15;PARÁ;NO;NORTE;99271115,61;502312;58012612,85;26778;101723080,07;308877;51489361,12;97859;18828;660;18633;646
815;2023-07-01;3202603;ICONHA;32;ESPÍRITO SANTO;SE;SUDESTE;26309942,77;114399;30389017,12;10663;26940928,2;77092;38961906,28;33427;5915;587;5675;585
698;2023-07-01;4204194;CHAPADÃO DO LAGEADO;42;SANTA CATARINA;SU;SUL;5420690,21;12894;1110051,16;1112;4096569,67;7418;990824,0;3191;1029;74;910;82
3395;2023-07-01;2915908;ITANAGRA;29;BAHIA;NE;NORDESTE;10206406,55;88595;2158007,3;2004;10206600,05;62109;2183391,09;4844;3171;104;3203;84
201;2023-07-01;2907558;CATURAMA;29;BAHIA;NE;NORDESTE;6574492,73;33614;552425,43;633;6532653,07;21883;640852,79;1914;2020;59;2010;52
4584;2023-07-01;2107407;OLHO D'ÁGUA DAS CUNHÃS;21;MARANHÃO;NE;NORDESTE;31110923,95;246080;3491295,39;3102;28345878,91;164186;5068730,32;16209;8216;124;7998;129
1784;2023-07-01;4219150;VARGEM;42;SANTA CATARINA;SU;SUL;3715627,81;12591;1496683,13;857;4223447,92;7902;859773,94;1576;993;58;968;59
5925;2023-07-01;5214838;NOVA CRIXÁS;52;GOIÁS;CO;CENTRO-OESTE;41659852,33;124810;13213951,89;9715;41686372,56;94756;13654082,0;38886;5549;417;5783;389
696;2023-07-01;5106182;NOVA LACERDA;51;MATO GROSSO;CO;CENTRO-OESTE;16151817,07;52882;8739844,78;4058;16333954,46;31320;15280504,12;12172;2893;195;2751;177
5398;2023-07-01;4101853;ARIRANHA DO IVAÍ;41;PARANÁ;SU;SUL;2818470,5;11779;572117,19;374;2804183,35;7424;333647,44;1214;846;32;788;32
2068;2023-07-01;2701100;BRANQUINHA;27;ALAGOAS;NE;NORDESTE;11263375,88;92155;743760,55;1182;10842751,77;60748;766068,22;2270;4006;57;4099;44
1775;2023-07-01;2108009;PASTOS BONS;21;MARANHÃO;NE;NORDESTE;33079691,51;302446;10887722,44;9125;31475457,92;186117;10953080,83;30180;7984;218;8012;203
4528;2023-07-01;2106904;MONÇÃO;21;MARANHÃO;NE;NORDESTE;27339951,58;263194;3361057,09;3546;24209624,82;171060;3359597,15;15573;9798;117;9796;115
2914;2023-08-01;5207600;FAZENDA NOVA;52;GOIÁS;CO;CENTRO-OESTE;13090919,56;51175;3593065,26;2674;12822336,74;34849;3459967,23;6500;2458;142;2387;141
5086;2023-08-01;2211704;WALL FERRAZ;22;PIAUÍ;NE;NORDESTE;4633985,97;34680;568307,39;800;4430794,9;22876;503053,83;3437;1573;37;1549;32
5094;2023-08-01;2202075;CAJAZEIRAS DO PIAUÍ;22;PIAUÍ;NE;NORDESTE;3839539,09;30993;856808,44;570;3648165,81;18696;706351,33;1615;1158;28;1205;25
4084;2023-08-01;3135308;JAPARAÍBA;31;MINAS GERAIS;SE;SUDESTE;8059296,27;35005;1435319,51;1483;9604909,85;21061;2037717,72;5793;1899;142;1781;126
3742;2023-08-01;2203503;ELESBÃO VELOSO;22;PIAUÍ;NE;NORDESTE;16531999,81;148567;5987519,47;2412;15992443,48;95717;6177731,62;12556;5721;123;5663;117
4400;2023-08-01;3536257;PARISI;35;SÃO PAULO;SE;SUDESTE;5874225,68;19205;2816187,73;1755;5617110,25;14380;1900743,43;3024;1117;72;1121;60
5090;2023-08-01;1701002;ANANÁS;17;TOCANTINS;NO;NORTE;22506584,5;174579;6204193,7;5650;22321014,96;111704;5680383,57;14537;5685;235;5614;229
3410;2023-08-01;2513943;SÃO DOMINGOS DO CARIRI;25;PARAÍBA;NE;NORDESTE;4661933,22;25337;222763,82;397;4578743,85;19436;271811,34;1121;1036;25;1031;23
3401;2023-08-01;3144409;NATÉRCIA;31;MINAS GERAIS;SE;SUDESTE;6592452,1;21287;2214498,76;1674;6370471,79;13521;2689331,74;4052;1679;109;1575;118
5067;2023-08-01;3165206;SÃO TOMÉ DAS LETRAS;31;MINAS GERAIS;SE;SUDESTE;9396589,94;52282;9669790,19;10511;11548901,08;41337;7999992,61;25917;2874;464;2999;441
4382;2023-08-01;2112233;TRIZIDELA DO VALE;21;MARANHÃO;NE;NORDESTE;39654130,39;289313;14805916,84;11617;38377996,28;195537;10916973,03;32025;9503;337;9557;318
4229;2023-08-01;2926806;RIO DO ANTÔNIO;29;BAHIA;NE;NORDESTE;17264753,35;79690;2908740,22;2000;16153563,13;50471;3299680,77;6754;4104;140;4016;127
3514;2023-08-01;2913705;INHAMBUPE;29;BAHIA;NE;NORDESTE;57379350,22;392176;31518852,93;17147;57407871,69;263559;29305633,53;49085;15520;611;15886;608
4863;2023-08-01;2602803;BUÍQUE;26;PERNAMBUCO;NE;NORDESTE;50182140,42;320023;7175299,99;7650;49577785,2;224982;8163539,05;26964;15511;362;15690;341
3989;2023-08-01;2204550;GUARIBAS;22;PIAUÍ;NE;NORDESTE;6687040,6;44900;2256720,14;1255;5799419,29;28351;2603500,39;2268;1701;55;1662;54
4234;2023-08-01;3524204;JABORANDI;35;SÃO PAULO;SE;SUDESTE;12942447,98;59291;4041201,29;3755;14488076,24;36320;3056056,25;8126;3196;199;3045;180
3923;2023-08-01;2611309;POMBOS;26;PERNAMBUCO;NE;NORDESTE;52017330,94;259816;32833549,12;13868;53472741,59;199222;27738142,39;35080;10746;340;10889;303
2971;2023-08-01;2108009;PASTOS BONS;21;MARANHÃO;NE;NORDESTE;31844013,15;294870;10243183,11;9518;30154489,63;179380;10723409,49;28570;8116;209;8025;201
3980;2023-08-01;2207405;PALMEIRA DO PIAUÍ;22;PIAUÍ;NE;NORDESTE;9835402,4;58634;1159928,59;1676;9010412,56;36780;1608948,87;5527;2448;66;2422;63
4621;2023-08-01;3501806;AMÉRICO DE CAMPOS;35;SÃO PAULO;SE;SUDESTE;13451062,92;50475;2842010,9;3328;13876214,24;33121;3678173,74;7846;2841;187;2750;181
3311;2023-08-01;2910750;FÁTIMA;29;BAHIA;NE;NORDESTE;25433418,6;151480;3361040,68;4309;25056527,73;104472;3278327,74;11946;6512;192;6573;185
4294;2023-08-01;2414001;TANGARÁ;24;RIO GRANDE DO NORTE;NE;NORDESTE;29916165,6;207560;5056440,72;5052;28409646,81;160171;6007265,54;21427;7258;198;7193;183
3602;2023-08-01;3148509;PAVÃO;31;MINAS GERAIS;SE;SUDESTE;11940914,27;62396;4512567,64;2500;12258083,7;42829;3505170,91;5599;3147;124;3139;133
4750;2023-08-01;2803203;ITAPORANGA D'AJUDA;28;SERGIPE;NE;NORDESTE;51376788,52;433141;13370722,59;12312;49844054,11;287791;38275281,31;43582;15591;433;15946;411
3614;2023-08-01;4315602;RIO GRANDE;43;RIO GRANDE DO SUL;SU;SUL;453144407,52;2653736;328681329,43;213054;446821961,33;1819458;432601054,66;459497;118743;7314;115270;6896
4289;2023-08-01;3517604;GUAPIARA;35;SÃO PAULO;SE;SUDESTE;28310657,54;159236;11282317,44;7418;28209572,85;100105;10604379,74;16386;8018;310;7758;287
4276;2023-08-01;1508159;URUARÁ;15;PARÁ;NO;NORTE;102010915,97;518949;55637213,55;28207;103140717,3;316134;55589652,76;101534;19300;668;18893;664
4484;2023-08-01;2704104;LAGOA DA CANOA;27;ALAGOAS;NE;NORDESTE;28091133,51;165045;4417315,07;3027;27455351,22;139634;2369983,55;7283;7197;139;7074;128
2938;2023-08-01;3549102;SÃO JOÃO DA BOA VISTA;35;SÃO PAULO;SE;SUDESTE;273423334,64;917495;228423426,04;101739;314652515,4;666124;248819330,97;203238;49305;4772;48257;4568
5034;2023-08-01;3122207;DIVINOLÂNDIA DE MINAS;31;MINAS GERAIS;SE;SUDESTE;16672096,39;55181;2492422,29;2446;22970032,29;36619;3529945,95;9899;3251;146;3265;146
4626;2023-08-01;3114907;CASA GRANDE;31;MINAS GERAIS;SE;SUDESTE;4791665,47;11202;501322,1;437;3777720,29;7222;851382,29;1433;922;39;858;39
3522;2023-08-01;2203420;DOMINGOS MOURÃO;22;PIAUÍ;NE;NORDESTE;4579866,47;35976;180202,41;457;4038079,92;24091;182124,67;1281;1611;25;1623;22
4455;2023-08-01;4110052;IGUATU;41;PARANÁ;SU;SUL;3417330,25;18642;2281826,49;1098;3074701,0;10336;2263881,26;2779;935;51;864;54
3007;2023-08-01;2511707;PILÕEZINHOS;25;PARAÍBA;NE;NORDESTE;6045711,19;38990;304992,19;688;5471749,86;29906;469417,64;1448;1735;29;1802;26
3004;2023-08-01;2608057;JATOBÁ;26;PERNAMBUCO;NE;NORDESTE;21911266,34;159675;4398962,71;2470;20088688,5;112899;3878722,27;10250;6270;120;6099;117
4360;2023-08-01;3550803;SÃO SEBASTIÃO DA GRAMA;35;SÃO PAULO;SE;SUDESTE;18614802,45;74676;15462492,18;6480;20432391,3;47495;14840629,23;12796;4566;382;4513;394
3530;2023-08-01;3503307;ARARAS;35;SÃO PAULO;SE;SUDESTE;351235432,62;1480882;292847028,17;157837;370659605,6;1018015;283979075,06;477823;74577;6327;72565;5909
4954;2023-08-01;4309704;HUMAITÁ;43;RIO GRANDE DO SUL;SU;SUL;8760360,07;25649;4250979,34;1517;7586497,23;14645;6472743,39;6305;1957;151;1716;178
5048;2023-08-01;3104106;ARCEBURGO;31;MINAS GERAIS;SE;SUDESTE;12860333,18;70751;13928251,98;6374;12971091,71;43521;22758746,09;16534;3975;290;3891;291
4012;2023-08-01;1705508;COLINAS DO TOCANTINS;17;TOCANTINS;NO;NORTE;149641274,11;611728;96534511,02;49386;166680893,03;404913;97200193,99;136005;19959;1290;20371;1262
4576;2023-08-01;2409407;PAU DOS FERROS;24;RIO GRANDE DO NORTE;NE;NORDESTE;77744139,83;435099;30239034,97;23594;74990685,3;335490;36432561,68;118349;15889;901;15634;881
3870;2023-08-01;2915908;ITANAGRA;29;BAHIA;NE;NORDESTE;10646391,94;94427;2121179,36;2338;10594167,41;64609;1316285,07;4652;3219;105;3253;97
4732;2023-08-01;2410306;SERRA CAIADA;24;RIO GRANDE DO NORTE;NE;NORDESTE;12289390,13;93189;6612706,74;3988;12095148,34;69478;5436083,24;12362;3766;132;3785;114
3567;2023-08-01;2615904;TUPARETAMA;26;PERNAMBUCO;NE;NORDESTE;17574218,86;96361;2460553,69;1936;15981552,47;67245;2352612,44;7969;3935;106;3878;100
3210;2023-08-01;2703205;IGREJA NOVA;27;ALAGOAS;NE;NORDESTE;27558646,52;183721;1356703,53;1767;24927621,38;114861;1287961,1;5015;8719;110;8564;94
4329;2023-08-01;5214838;NOVA CRIXÁS;52;GOIÁS;CO;CENTRO-OESTE;44455824,63;135830;13584167,71;11181;40288812,0;95518;16235553,58;39396;5615;444;5802;406
4769;2023-08-01;2103901;DUQUE BACELAR;21;MARANHÃO;NE;NORDESTE;11284071,51;110880;1056699,56;2227;10279454,11;71610;1222932,58;4935;4092;63;3992;63
3122;2023-08-01;2200277;ALEGRETE DO PIAUÍ;22;PIAUÍ;NE;NORDESTE;11882671,49;64244;1039016,39;1413;10318697,5;45232;1103509,61;3498;2231;53;2231;54
0;2023-08-01;3110707;CAMBUQUIRA;31;MINAS GERAIS;SE;SUDESTE;20854173,13;113895;5278665,26;6439;23527894,24;77182;7403574,06;19416;5723;413;5773;416
4655;2023-08-01;2304269;DEPUTADO IRAPUAN PINHEIRO;23;CEARÁ;NE;NORDESTE;11404977,22;70961;3198794,0;1534;11253472,54;51888;2819603,73;6187;3157;77;3165;77
2698;2023-08-01;3527256;LOURDES;35;SÃO PAULO;SE;SUDESTE;4470426,48;17955;549991,51;995;3958256,15;10449;498763,16;3419;1017;43;992;48
2701;2023-08-01;5212501;LUZIÂNIA;52;GOIÁS;CO;CENTRO-OESTE;587417570,02;3516048;344499831,81;211405;618881893,4;2467110;318673032,09;522147;115186;6546;118515;6106
2405;2023-08-01;1200054;ASSIS BRASIL;12;ACRE;NO;NORTE;10020175,32;62065;1898060,32;1975;9680657,88;38528;1253746,99;4921;2632;78;2614;71
585;2023-08-01;3165800;SENADOR JOSÉ BENTO;31;MINAS GERAIS;SE;SUDESTE;2730263,68;8612;531546,37;583;3021793,85;5917;469123,89;755;605;31;586;30
2707;2023-08-01;2926301;RIACHÃO DO JACUÍPE;29;BAHIA;NE;NORDESTE;78717489,36;441063;37743245,4;18715;81362590,6;314238;37936873,73;54163;15546;841;15906;810
2382;2023-08-01;2605509;FERREIROS;26;PERNAMBUCO;NE;NORDESTE;16119734,75;108688;2088930,76;2849;15471012,54;79530;1528214,71;6757;4691;131;4662;112
2712;2023-08-01;4302584;BOZANO;43;RIO GRANDE DO SUL;SU;SUL;3493499,89;8826;1249399,42;716;3067475,38;4995;1260249,3;1159;675;42;590;51
2370;2023-08-01;1718402;PRESIDENTE KENNEDY;17;TOCANTINS;NO;NORTE;7961766,72;48890;5377170,08;3048;7712903,46;30519;8057111,94;7369;1677;69;1696;66
2715;2023-08-01;2102200;BURITI;21;MARANHÃO;NE;NORDESTE;30500881,31;243551;3224870,31;3839;25576197,54;160998;3060540,56;17305;10279;138;9731;138
5289;2023-08-01;2208502;PORTO;22;PIAUÍ;NE;NORDESTE;13011112,14;129615;3726976,7;3143;11970151,38;84497;2066340,74;11065;4488;114;4558;110
2354;2023-08-01;3515194;ESPÍRITO SANTO DO TURVO;35;SÃO PAULO;SE;SUDESTE;7778530,86;52859;3518036,59;2652;8275924,05;29553;2568917,98;5816;2310;114;2286;101
2348;2023-08-01;4311734;MAMPITUBA;43;RIO GRANDE DO SUL;SU;SUL;4935732,24;16800;1494232,93;1217;4652090,89;10104;795435,23;2973;1052;51;989;46
514;2023-08-01;4306353;DEZESSEIS DE NOVEMBRO;43;RIO GRANDE DO SUL;SU;SUL;2966558,41;13042;2087452,76;541;2488803,23;6750;1934158,56;1702;899;41;835;50
1389;2023-08-01;3169406;TRÊS PONTAS;31;MINAS GERAIS;SE;SUDESTE;173879787,85;540914;182862648,66;45641;179460292,23;383454;198239582,0;104165;26875;2085;27103;2045
471;2023-08-01;3103108;ANTÔNIO PRADO DE MINAS;31;MINAS GERAIS;SE;SUDESTE;2493872,71;12142;244106,42;261;2358851,15;10001;250598,61;617;689;30;663;26
444;2023-08-01;2504207;CATINGUEIRA;25;PARAÍBA;NE;NORDESTE;6778160,98;42236;951811,13;1427;7225666,55;28134;528016,76;3298;1848;37;1932;35
1439;2023-08-01;1702901;AXIXÁ DO TOCANTINS;17;TOCANTINS;NO;NORTE;24018985,35;156725;3695083,91;4386;23753318,0;106884;4024052,65;16182;5746;143;5875;133
2324;2023-08-01;3170909;VARZELÂNDIA;31;MINAS GERAIS;SE;SUDESTE;32602503,88;205656;6816739,57;6983;31578860,15;138108;6907862,16;25944;8497;296;8186;287
5872;2023-08-01;2920601;MARAGOGIPE;29;BAHIA;NE;NORDESTE;60235440,28;524401;5850171,5;8367;59048061,09;386266;6788701,4;20828;17009;352;17128;337
1484;2023-08-01;5204706;CAMPINORTE;52;GOIÁS;CO;CENTRO-OESTE;43295933,83;148248;34394787,71;12916;41303961,96;94878;29522562,44;47993;6102;430;6159;437
397;2023-08-01;3520608;INDIANA;35;SÃO PAULO;SE;SUDESTE;11895530,83;52284;7353871,29;4355;12224999,3;35596;7570157,33;7706;2541;188;2483;186
5883;2023-08-01;4100400;ALMIRANTE TAMANDARÉ;41;PARANÁ;SU;SUL;259886423,77;1659403;170241895,65;122891;290420946,73;1099447;167408215,1;232976;65679;4226;66603;4070
2312;2023-08-01;3553906;TARABAI;35;SÃO PAULO;SE;SUDESTE;13437475,15;72589;6024579,99;5021;14203564,95;46443;4622603,76;8944;3491;219;3447;185
5303;2023-08-01;5002001;BATAYPORÃ;50;MATO GROSSO DO SUL;CO;CENTRO-OESTE;23253803,46;118836;15047583,62;9581;23201869,87;69098;25836224,18;23175;5620;388;5578;364
5540;2023-08-01;5219704;SANTA TEREZINHA DE GOIÁS;52;GOIÁS;CO;CENTRO-OESTE;37471324,96;104008;8628462,75;9006;38498365,03;74596;10072250,6;26564;4533;312;4617;320
1533;2023-08-01;1501253;BANNACH;15;PARÁ;NO;NORTE;9073965,93;35214;1405121,3;1009;8552070,74;23089;3305319,33;5085;1729;49;1665;59
2302;2023-08-01;3519055;HOLAMBRA;35;SÃO PAULO;SE;SUDESTE;76930740,78;194725;92100682,22;31608;75473574,36;122951;183609864,93;67292;9465;1150;9148;1112
2407;2023-08-01;3136306;JOÃO PINHEIRO;31;MINAS GERAIS;SE;SUDESTE;135118642,55;583783;123184153,79;48891;140215059,69;382662;119998155,14;121441;25723;1988;26096;1938
363;2023-08-01;4219150;VARGEM;42;SANTA CATARINA;SU;SUL;3729302,02;13426;1224456,3;914;3995841,28;8593;989257,28;1513;1054;60;996;61
5275;2023-08-01;2106904;MONÇÃO;21;MARANHÃO;NE;NORDESTE;30043999,24;287431;3245591,56;3768;26369015,71;182319;3222681,06;17275;10129;113;9909;109
1198;2023-08-01;4114401;MANGUEIRINHA;41;PARANÁ;SU;SUL;51764650,12;137027;50246047,28;15222;41195718,7;78293;45617812,48;34626;8014;644;7808;656
2599;2023-08-01;3165701;SENADOR FIRMINO;31;MINAS GERAIS;SE;SUDESTE;11097421,43;46974;5143454,34;4171;11010286,56;30536;5208855,05;10110;2901;223;2785;217
5220;2023-08-01;4211504;NOVA TRENTO;42;SANTA CATARINA;SU;SUL;25777896,32;93527;37756911,12;14035;27816471,84;55572;38436140,23;26193;6102;888;5728;880
2582;2023-08-01;4200705;ALFREDO WAGNER;42;SANTA CATARINA;SU;SUL;20168258,48;59425;8311766,05;6724;19241743,18;38568;8575664,78;15950;4056;438;3752;439
800;2023-08-01;3202603;ICONHA;32;ESPÍRITO SANTO;SE;SUDESTE;28913560,71;118706;31807004,23;11418;27700259,02;78487;45709279,55;35663;6089;598;5828;582
864;2023-08-01;2702405;DELMIRO GOUVEIA;27;ALAGOAS;NE;NORDESTE;101126775,77;707759;26026125,19;25821;95006735,14;462909;24156435,15;84640;25454;929;25848;888
868;2023-08-01;3104700;ATALÉIA;31;MINAS GERAIS;SE;SUDESTE;20916320,04;98516;3805612,8;3535;21069151,54;63359;2956039,76;10116;5027;187;5027;191
2541;2023-08-01;4304408;CANELA;43;RIO GRANDE DO SUL;SU;SUL;141380965,89;656477;126133918,07;85168;155911857,73;420391;116298714,42;188716;28146;3405;27691;3199
775;2023-08-01;4311791;MARATÁ;43;RIO GRANDE DO SUL;SU;SUL;3253314,83;11512;2349396,74;1365;3390066,29;7599;2575983,2;3376;926;104;795;108
933;2023-08-01;2506103;FAGUNDES;25;PARAÍBA;NE;NORDESTE;12495026,45;97862;1541699,72;1639;12508192,65;73696;1625630,2;6780;4657;97;4772;89
947;2023-08-01;4204194;CHAPADÃO DO LAGEADO;42;SANTA CATARINA;SU;SUL;5637378,84;14243;1000402,95;1273;3769409,44;7621;1033025,83;3573;1073;80;925;79
2503;2023-08-01;1718501;RECURSOLÂNDIA;17;TOCANTINS;NO;NORTE;6908350,77;40974;2688659,9;1200;6133089,23;26153;2229401,82;2436;1528;41;1530;33
978;2023-08-01;2701100;BRANQUINHA;27;ALAGOAS;NE;NORDESTE;11867590,8;101328;739575,99;1238;11729394,02;65703;668142,78;2887;4286;56;4350;51
1004;2023-08-01;4215307;SALETE;42;SANTA CATARINA;SU;SUL;14638057,77;50786;47343137,22;7858;13546841,41;28019;43074787,67;15656;3616;500;3313;506
5259;2023-08-01;1706001;COUTO MAGALHÃES;17;TOCANTINS;NO;NORTE;10197398,07;55146;32870840,67;3360;9032158,36;34859;38853483,31;9421;2122;102;2176;88
1026;2023-08-01;3515806;FLORA RICA;35;SÃO PAULO;SE;SUDESTE;3164057,74;16927;409011,19;519;3254956,15;9465;457103,23;1515;740;21;724;24
1053;2023-08-01;1718303;PRAIA NORTE;17;TOCANTINS;NO;NORTE;12768282,36;104614;1010221,76;1260;12342607,97;70967;1110713,44;4053;3508;59;3588;57
2458;2023-08-01;3542503;REGINÓPOLIS;35;SÃO PAULO;SE;SUDESTE;12956471,6;76552;3849783,52;4762;12424704,37;47946;3530356,27;9827;3333;215;3229;203
1056;2023-08-01;2111078;SÃO JOÃO DO SOTER;21;MARANHÃO;NE;NORDESTE;20234824,21;176851;1445480,9;1684;17662588,59;104483;1799396,51;5885;5791;87;5654;82
707;2023-08-01;3123528;DURANDÉ;31;MINAS GERAIS;SE;SUDESTE;11118427,92;55597;4198245,69;3159;10469861,1;32674;3558515,79;7458;3058;159;2782;135
2110;2023-08-01;2205540;LAGOINHA DO PIAUÍ;22;PIAUÍ;NE;NORDESTE;2729603,11;26227;3624123,65;350;2798449,3;16767;913142,79;2399;987;21;1020;22
1091;2023-08-01;2918506;JUSSARA;29;BAHIA;NE;NORDESTE;21526737,66;145153;2954159,21;2967;21518832,56;99557;2612252,57;7792;6332;136;6229;130
678;2023-08-01;2307254;JIJOCA DE JERICOACOARA;23;CEARÁ;NE;NORDESTE;59571148,47;349866;36339069,15;48477;60748715,44;271060;35044129,42;154208;10955;1300;10814;1214
658;2023-08-01;2205151;JACOBINA DO PIAUÍ;22;PIAUÍ;NE;NORDESTE;6099641,06;40144;1770239,27;1677;5727855,98;27288;1238888,13;4988;1752;60;1731;52
5266;2023-08-01;2302404;BOA VIAGEM;23;CEARÁ;NE;NORDESTE;77424317,03;503685;14897688,43;13325;72301342,37;378554;16736278,25;42372;21193;533;21202;509
5679;2023-08-01;2506004;ESPERANÇA;25;PARAÍBA;NE;NORDESTE;58631609,94;330422;32179372,72;19027;65188475,33;241896;34740779,02;46699;13471;874;13725;771
5658;2023-08-01;2804300;MURIBECA;28;SERGIPE;NE;NORDESTE;9947287,91;70903;2654301,69;1333;9376988,53;48769;3288456,17;3928;3124;50;3129;50
2426;2023-08-01;1506112;QUATIPURU;15;PARÁ;NO;NORTE;14521710,65;125966;2240019,89;4498;13933334,17;89052;2296882,5;9298;4909;106;4967;97
1199;2023-08-01;2411205;SANTA CRUZ;24;RIO GRANDE DO NORTE;NE;NORDESTE;84499275,54;559045;24624377,16;27087;80520690,48;422243;21342409,88;83548;19520;812;19494;747
5898;2023-08-01;3144805;NOVA LIMA;31;MINAS GERAIS;SE;SUDESTE;764781352,8;1546227;1866124092,06;266928;750410205,96;1046953;1033018050,74;896175;70089;7086;68067;6471
846;2023-08-01;3518107;GUARANTÃ;35;SÃO PAULO;SE;SUDESTE;11072700,57;82227;2643832,24;3645;10772424,98;48386;3585502,08;9337;3482;172;3340;176
320;2023-08-01;3133204;ITANHOMI;31;MINAS GERAIS;SE;SUDESTE;21768866,33;83619;4714465,93;3248;25716444,81;57502;4565724,65;10333;4988;234;5050;255
5394;2023-08-01;1503457;IPIXUNA DO PARÁ;15;PARÁ;NO;NORTE;41273830,57;302362;16388515,93;16982;39820597,77;206521;16211976,69;46183;11037;374;10757;384
5957;2023-08-01;2607653;ITAMBÉ;26;PERNAMBUCO;NE;NORDESTE;53954775,42;323066;14228086,96;10405;52618467,11;239867;15689933,85;36042;13542;429;13924;400
2180;2023-08-01;5106703;PONTE BRANCA;51;MATO GROSSO;CO;CENTRO-OESTE;4365917,35;18525;893436,89;950;15347135,98;12519;939086,47;2099;903;50;875;53
217;2023-08-01;3156809;SABINÓPOLIS;31;MINAS GERAIS;SE;SUDESTE;24233269,36;110633;6402334,99;6100;26312065,82;73459;5846019,38;19037;6124;286;6216;287
5338;2023-08-01;2609501;NAZARÉ DA MATA;26;PERNAMBUCO;NE;NORDESTE;49750216,01;363505;11154890,7;9696;48710206,91;265710;30646447,49;33552;14660;416;14874;384
1794;2023-08-01;4106001;CONGONHINHAS;41;PARANÁ;SU;SUL;12687762,71;61041;3282420,32;3409;12508013,26;39107;3237938,14;9148;3438;187;3385;170
5390;2023-08-01;2801306;CAPELA;28;SERGIPE;NE;NORDESTE;44886297,48;333224;18175926,75;8453;43566827,98;227365;18002723,76;33755;13440;313;13650;314
2807;2023-08-01;4321857;TRÊS PALMEIRAS;43;RIO GRANDE DO SUL;SU;SUL;8293638,9;25074;3605074,88;2611;5815043,72;13752;3541746,94;6397;1780;163;1616;162
1969;2023-08-01;1600303;MACAPÁ;16;AMAPÁ;NO;NORTE;1398967331,51;10577014;677763325,34;564084;1391838701,54;8088366;596700558,99;1285241;305359;12348;302820;11726
1817;2023-08-01;1702703;AURORA DO TOCANTINS;17;TOCANTINS;NO;NORTE;4887095,45;26833;923701,65;1758;4813144,42;18185;644055,88;4556;1332;59;1312;50
1824;2023-08-01;2400604;ALMINO AFONSO;24;RIO GRANDE DO NORTE;NE;NORDESTE;8799850,46;66748;1379066,22;1391;8200662,26;48027;1066908,07;3835;2393;64;2249;61
1839;2023-08-01;5106182;NOVA LACERDA;51;MATO GROSSO;CO;CENTRO-OESTE;15257934,6;56712;7515045,34;4641;15713128,29;33471;12183859,33;13136;2975;198;2832;185
1924;2023-08-01;3139003;MACHADO;31;MINAS GERAIS;SE;SUDESTE;98819719,03;334621;179071443,89;32032;99045443,5;237082;194598704,02;60514;18595;1517;18688;1469
185;2023-08-01;4306502;DOM FELICIANO;43;RIO GRANDE DO SUL;SU;SUL;13821181,53;67463;4412849,35;3793;11940729,6;36757;5627910,61;12914;4441;243;4010;231
2808;2023-08-01;4317251;SANTA TEREZA;43;RIO GRANDE DO SUL;SU;SUL;1449127,1;5636;301303,11;220;1860983,27;3639;469880,06;829;585;41;531;40
2063;2023-08-01;2105658;JUNCO DO MARANHÃO;21;MARANHÃO;NE;NORDESTE;9658278,07;76933;1350823,88;2220;8817520,58;50216;1158503,41;4190;2541;34;2492;37
2006;2023-08-01;3534807;OURO VERDE;35;SÃO PAULO;SE;SUDESTE;13113475,27;85805;7012604,0;4267;13162998,19;49632;5029072,28;9686;3698;212;3656;189
27;2023-08-01;2907558;CATURAMA;29;BAHIA;NE;NORDESTE;6867684,04;38154;743063,68;687;6861997,93;23547;803794,8;1997;2102;64;2069;55
5491;2023-08-01;2903003;BARRA DO MENDES;29;BAHIA;NE;NORDESTE;16591995,62;115397;2075901,41;2569;16234682,51;78247;2800168,35;11913;5771;153;5567;159
260;2023-08-01;4107108;DIAMANTE DO NORTE;41;PARANÁ;SU;SUL;10367189,53;52572;10152193,49;4209;15948192,83;32054;12303424,24;13097;2747;160;2604;157
2077;2023-08-01;3540606;PORTO FELIZ;35;SÃO PAULO;SE;SUDESTE;140453593,45;667668;105768863,97;68080;157678382,68;438332;108062791,62;138066;30356;2436;29886;2348
1640;2023-08-01;5201405;APARECIDA DE GOIÂNIA;52;GOIÁS;CO;CENTRO-OESTE;1885671602,31;9788144;1846827270,07;883991;2086790248,95;7501711;1780765104,56;2053231;329718;23616;338999;22056
5972;2023-08-01;4107504;ENGENHEIRO BELTRÃO;41;PARANÁ;SU;SUL;35345495,56;146099;20711582,3;12668;34831393,56;83126;16817861,35;29731;6746;527;6639;517
5265;2023-09-01;2300408;AIUABA;23;CEARÁ;NE;NORDESTE;17258030,07;143114;1033234,61;2676;16986767,08;105586;1061990,93;6841;5815;127;5627;127
2131;2023-09-01;1718402;PRESIDENTE KENNEDY;17;TOCANTINS;NO;NORTE;7537594,17;45653;5135842,47;2365;7596215,7;29120;8249140,04;6749;1698;70;1709;74
3316;2023-09-01;2704104;LAGOA DA CANOA;27;ALAGOAS;NE;NORDESTE;28859815,13;163934;3617682,5;3077;27274713,88;201496;2069433,25;7188;7216;139;7062;123
3463;2023-09-01;3503307;ARARAS;35;SÃO PAULO;SE;SUDESTE;348723144,81;1490515;256173444,32;153826;362320513,25;1013314;244772855,22;459000;75138;6331;73016;5982
2195;2023-09-01;4302584;BOZANO;43;RIO GRANDE DO SUL;SU;SUL;2666264,78;8398;1122380,39;744;2325854,01;4576;1536657,18;1175;702;49;583;54
4996;2023-09-01;3114907;CASA GRANDE;31;MINAS GERAIS;SE;SUDESTE;4480971,85;11063;509910,64;435;3381540,55;7019;601429,12;1283;892;39;821;33
5225;2023-09-01;3501806;AMÉRICO DE CAMPOS;35;SÃO PAULO;SE;SUDESTE;14733877,95;50369;2792460,62;3481;16276338,4;32924;3625325,0;8607;2869;194;2757;187
4840;2023-09-01;1701002;ANANÁS;17;TOCANTINS;NO;NORTE;23050393,91;176012;7613144,42;5445;22405242,91;111740;4155921,75;14872;5697;238;5703;226
2434;2023-09-01;2605509;FERREIROS;26;PERNAMBUCO;NE;NORDESTE;16463937,94;110482;1817185,12;2606;16068910,88;79081;1798238,93;6924;4755;134;4739;119
3367;2023-09-01;2931053;TANQUE NOVO;29;BAHIA;NE;NORDESTE;21950792,27;106729;8074395,1;4883;20829241,37;65215;10094837,29;14045;5464;306;5271;271
3310;2023-09-01;4123303;SANTA CRUZ DE MONTE CASTELO;41;PARANÁ;SU;SUL;18860931,77;77155;8543909,44;6453;20645583,8;47133;8055550,75;18094;4048;301;3911;292
3149;2023-09-01;3542503;REGINÓPOLIS;35;SÃO PAULO;SE;SUDESTE;12385825,0;75482;3677001,56;4388;12585388,37;48033;3139139,27;9359;3362;214;3247;202
3078;2023-09-01;1506112;QUATIPURU;15;PARÁ;NO;NORTE;14263179,85;125296;1774398,07;4374;13611726,0;86931;1404898,58;8953;4979;105;5012;94
5756;2023-09-01;2409407;PAU DOS FERROS;24;RIO GRANDE DO NORTE;NE;NORDESTE;75042084,45;415654;28573472,67;21248;73609989,73;318458;35838975,85;109787;15973;902;15720;873
1114;2023-09-01;1718303;PRAIA NORTE;17;TOCANTINS;NO;NORTE;12177027,11;101875;815723,18;1133;12348039,01;68545;1038221,2;4072;3490;65;3552;56
3134;2023-09-01;2701100;BRANQUINHA;27;ALAGOAS;NE;NORDESTE;12315170,87;101820;756354,1;1407;11500360,97;66711;891592,32;3035;4261;56;4275;51
4991;2023-09-01;2602803;BUÍQUE;26;PERNAMBUCO;NE;NORDESTE;49886895,75;318407;7360092,78;7407;49011510,88;223909;7773506,99;27005;15600;363;15830;337
3323;2023-09-01;3170909;VARZELÂNDIA;31;MINAS GERAIS;SE;SUDESTE;30798517,87;196894;5963808,99;6836;29052165,75;129761;6035088,48;24650;8532;295;8162;286
923;2023-09-01;4317251;SANTA TEREZA;43;RIO GRANDE DO SUL;SU;SUL;1399045,17;5039;212026,46;184;1881596,81;3575;580834,86;1567;490;36;454;37
924;2023-09-01;5201405;APARECIDA DE GOIÂNIA;52;GOIÁS;CO;CENTRO-OESTE;1836852359,99;9598459;1700917899,53;792987;2022199961,07;7355319;1657142427,81;1761063;331352;23765;339952;22184
5007;2023-09-01;2112233;TRIZIDELA DO VALE;21;MARANHÃO;NE;NORDESTE;38644588,2;281738;14211594,36;11078;36364019,84;191090;9988813,69;30044;9540;342;9561;318
921;2023-09-01;2411205;SANTA CRUZ;24;RIO GRANDE DO NORTE;NE;NORDESTE;82193872,43;552238;24894425,4;25546;79556581,53;418976;21035809,83;81131;19727;827;19633;772
964;2023-09-01;5106703;PONTE BRANCA;51;MATO GROSSO;CO;CENTRO-OESTE;4317736,17;18829;1039567,84;847;13985054,59;12651;941701,02;2137;869;48;877;49
3427;2023-09-01;2915908;ITANAGRA;29;BAHIA;NE;NORDESTE;11450536,44;94576;2607547,71;2426;11136820,0;64202;1571639,91;5236;3259;107;3304;94
5742;2023-09-01;3509106;CAIUÁ;35;SÃO PAULO;SE;SUDESTE;6866862,63;38633;1103012,84;1903;6593707,27;23364;912588,62;3718;1857;72;1820;67
1976;2023-09-01;1501253;BANNACH;15;PARÁ;NO;NORTE;8327719,29;33401;1724932,3;1055;8803542,55;22435;3001044,2;4711;1724;50;1663;59
4052;2023-09-01;2414001;TANGARÁ;24;RIO GRANDE DO NORTE;NE;NORDESTE;29258462,14;208824;6298786,49;5302;28215331,05;160308;6916542,92;21028;7327;207;7266;187
4824;2023-09-01;2304269;DEPUTADO IRAPUAN PINHEIRO;23;CEARÁ;NE;NORDESTE;11108548,33;70645;3437891,67;1535;10955116,73;50924;3311380,73;6170;3194;76;3161;75
5656;2023-09-01;1503457;IPIXUNA DO PARÁ;15;PARÁ;NO;NORTE;41595381,34;305385;14381781,76;14984;40694881,63;205792;14084230,61;47155;11112;374;10844;382
901;2023-09-01;4106001;CONGONHINHAS;41;PARANÁ;SU;SUL;12705387,77;60273;3482512,14;3467;11748684,17;38571;3290406,17;8605;3461;190;3430;175
1029;2023-09-01;3156809;SABINÓPOLIS;31;MINAS GERAIS;SE;SUDESTE;22487688,16;106576;5966043,33;5849;24271679,45;69172;5171602,36;16975;6128;284;6175;290
899;2023-09-01;3534807;OURO VERDE;35;SÃO PAULO;SE;SUDESTE;12141535,03;86581;3884411,63;4174;12589253,7;51072;5057107,51;10222;3727;203;3646;192
3448;2023-09-01;3527256;LOURDES;35;SÃO PAULO;SE;SUDESTE;5128832,47;18551;392417,42;819;4496129,76;10915;552042,13;3063;1020;46;1005;45
5366;2023-09-01;2703700;JARAMATAIA;27;ALAGOAS;NE;NORDESTE;8362191,49;52651;1836381,1;892;7779476,28;31996;1146722,42;2194;2258;32;2261;32
2008;2023-09-01;2102200;BURITI;21;MARANHÃO;NE;NORDESTE;28000837,57;242261;2682779,96;3697;24440593,0;160219;2697439,33;15657;10293;135;9786;135
1869;2023-09-01;2307254;JIJOCA DE JERICOACOARA;23;CEARÁ;NE;NORDESTE;57186720,62;344435;33421283,41;48079;59177683,31;273479;31979190,67;154698;10992;1310;10872;1213
5432;2023-09-01;4110052;IGUATU;41;PARANÁ;SU;SUL;3235877,94;19333;2031378,74;992;2784238,44;10255;1940146,59;2855;970;52;870;53
3156;2023-09-01;2108009;PASTOS BONS;21;MARANHÃO;NE;NORDESTE;30689136,05;270225;11711962,33;9771;28925709,01;169696;11279815,92;28089;8146;219;8031;210
4793;2023-09-01;2105658;JUNCO DO MARANHÃO;21;MARANHÃO;NE;NORDESTE;9294153,37;71634;1211056,55;1887;8623005,08;48143;1173644,45;4290;2513;38;2487;37
1713;2023-09-01;3540606;PORTO FELIZ;35;SÃO PAULO;SE;SUDESTE;137362653,62;660468;100502530,12;66433;153731538,68;437216;104724235,11;136760;30601;2479;30068;2347
1422;2023-09-01;2205151;JACOBINA DO PIAUÍ;22;PIAUÍ;NE;NORDESTE;6313657,45;39628;1734125,68;1694;5647682,25;27084;1442270,85;4974;1667;67;1626;54
1691;2023-09-01;3519055;HOLAMBRA;35;SÃO PAULO;SE;SUDESTE;77099429,07;193465;85289966,5;32049;73315888,22;122327;72166407,3;69867;9529;1154;9210;1113
5566;2023-09-01;3549102;SÃO JOÃO DA BOA VISTA;35;SÃO PAULO;SE;SUDESTE;261546015,43;902747;257838435,33;99439;302466284,04;650088;270937907,02;198011;49564;4802;48420;4564
5565;2023-09-01;3119203;COROACI;31;MINAS GERAIS;SE;SUDESTE;14801738,28;63458;3602398,48;3406;16763534,78;40398;3630360,43;11089;3553;257;3494;239
3626;2023-09-01;4304408;CANELA;43;RIO GRANDE DO SUL;SU;SUL;135539159,9;634468;107181717,91;79112;149775982,75;400942;97137262,42;166662;28267;3383;27899;3166
5476;2023-09-01;1718501;RECURSOLÂNDIA;17;TOCANTINS;NO;NORTE;5827689,6;40803;3727531,95;1351;5738633,18;25433;2503844,39;2745;1553;43;1554;31
1477;2023-09-01;2910750;FÁTIMA;29;BAHIA;NE;NORDESTE;26022700,78;154623;3653950,62;4388;25820126,36;109226;5144884,87;12937;6629;199;6679;187
3225;2023-09-01;2204550;GUARIBAS;22;PIAUÍ;NE;NORDESTE;6469728,47;43762;1325740,27;1265;5896916,76;28426;1060101,36;2146;1714;60;1705;51
5484;2023-09-01;4100301;AGUDOS DO SUL;41;PARANÁ;SU;SUL;17967053,95;71744;17468746,96;7950;17293727,78;46207;17281991,77;17782;3729;328;3717;329
3744;2023-09-01;3165206;SÃO TOMÉ DAS LETRAS;31;MINAS GERAIS;SE;SUDESTE;9413150,59;51228;8874399,75;10603;11753910,44;44882;7613279,25;27512;2853;467;2966;452
5301;2023-09-01;2506004;ESPERANÇA;25;PARAÍBA;NE;NORDESTE;57120994,78;327915;28404922,61;18447;57359183,65;241547;28672569,81;45096;13588;888;13877;794
4924;2023-09-01;3301157;CARDOSO MOREIRA;33;RIO DE JANEIRO;SE;SUDESTE;20895078,04;136522;9738716,51;6850;20766902,75;92215;8187222,32;21047;6132;356;6001;346
1657;2023-09-01;1702901;AXIXÁ DO TOCANTINS;17;TOCANTINS;NO;NORTE;23392492,42;155480;3531836,62;3913;23311696,51;105768;4401743,31;15792;5871;140;5963;138
3664;2023-09-01;2703205;IGREJA NOVA;27;ALAGOAS;NE;NORDESTE;26456452,4;184112;1473905,18;1733;24517252,29;114253;1900303,37;5053;8766;112;8623;97
3667;2023-09-01;2106904;MONÇÃO;21;MARANHÃO;NE;NORDESTE;27984487,08;284198;2895106,79;5333;24987743,93;181648;3060767,33;18542;10313;117;9981;108
1562;2023-09-01;3169406;TRÊS PONTAS;31;MINAS GERAIS;SE;SUDESTE;171366733,43;547646;222423846,76;44919;180055121,63;386266;224135051,99;104174;27183;2108;27346;2039
3702;2023-09-01;2203420;DOMINGOS MOURÃO;22;PIAUÍ;NE;NORDESTE;4659144,72;36109;188686,9;502;4112001,79;24622;160620,87;1177;1604;25;1623;21
5311;2023-09-01;2202075;CAJAZEIRAS DO PIAUÍ;22;PIAUÍ;NE;NORDESTE;3251610,36;30186;667463,02;534;3098781,79;18201;704828,79;1421;1155;20;1220;22
5307;2023-09-01;5214838;NOVA CRIXÁS;52;GOIÁS;CO;CENTRO-OESTE;43168959,2;131511;13698551,68;10700;38445971,5;94283;15729157,34;37006;5680;449;5817;413
1752;2023-09-01;5212501;LUZIÂNIA;52;GOIÁS;CO;CENTRO-OESTE;573994078,16;3421295;334518646,24;201583;609595908,97;2409513;307379397,1;506924;115784;6609;119090;6148
3209;2023-09-01;4321857;TRÊS PALMEIRAS;43;RIO GRANDE DO SUL;SU;SUL;6962476,21;24993;3053090,45;2316;5857042,66;14088;3128800,15;5889;1801;166;1634;162
1390;2023-09-01;4114401;MANGUEIRINHA;41;PARANÁ;SU;SUL;42357936,54;137029;60294787,26;14554;35898831,18;77971;25955393,88;33799;8112;656;7863;662
1767;2023-09-01;4219150;VARGEM;42;SANTA CATARINA;SU;SUL;4057085,72;13840;942730,71;779;4316832,97;8890;882704,43;1567;1036;59;1012;61
3904;2023-09-01;2611309;POMBOS;26;PERNAMBUCO;NE;NORDESTE;51705890,66;255778;31553702,29;13694;52850390,68;197090;27411760,83;35862;10848;350;10993;312
1229;2023-09-01;1600303;MACAPÁ;16;AMAPÁ;NO;NORTE;1360068931,25;10496662;825902663,14;545737;1348721456,82;7975511;587114543,07;1250333;305653;12344;303328;11757
5500;2023-09-01;2106003;LIMA CAMPOS;21;MARANHÃO;NE;NORDESTE;17188833,45;142937;4330075,43;5079;17103917,06;104574;4180424,61;13214;5322;165;5273;156
3299;2023-09-01;2608057;JATOBÁ;26;PERNAMBUCO;NE;NORDESTE;22124188,49;161112;4709008,9;2568;20106260,61;112497;4108868,42;10244;6278;115;6136;123
1827;2023-09-01;2205540;LAGOINHA DO PIAUÍ;22;PIAUÍ;NE;NORDESTE;2664644,44;27207;3534838,15;328;2462691,5;16735;1001457,87;2259;1016;19;1019;20
1262;2023-09-01;2504207;CATINGUEIRA;25;PARAÍBA;NE;NORDESTE;6886242,36;43746;1080877,89;1373;7730730,11;31375;684466,67;3621;1891;37;1946;36
1270;2023-09-01;3202603;ICONHA;32;ESPÍRITO SANTO;SE;SUDESTE;26527330,77;118106;26471916,17;10991;27397053,77;77531;37354419,98;34647;6117;604;5856;585
5277;2023-09-01;5107925;SORRISO;51;MATO GROSSO;CO;CENTRO-OESTE;706595333,08;1370537;1026056900,26;212199;792571175,14;823269;1089842611,81;421668;58630;7713;57071;7182
1816;2023-09-01;4200705;ALFREDO WAGNER;42;SANTA CATARINA;SU;SUL;18179180,43;55666;8705810,2;6957;18097917,86;36505;9120118,97;16684;3965;445;3671;449
5439;2023-09-01;2202778;COLÔNIA DO PIAUÍ;22;PIAUÍ;NE;NORDESTE;7964719,91;59250;751325,33;1521;8509966,82;38084;677805,4;3407;2611;56;2774;57
5431;2023-09-01;1504752;MOJUÍ DOS CAMPOS;15;PARÁ;NO;NORTE;12888303,29;45326;9772751,25;8294;11058029,87;30572;9860195,37;24655;1666;266;1595;255
1300;2023-09-01;5106182;NOVA LACERDA;51;MATO GROSSO;CO;CENTRO-OESTE;15811343,01;55586;11441396,99;4298;16617946,67;32771;18001752,88;12516;2975;200;2816;182
3568;2023-09-01;4315602;RIO GRANDE;43;RIO GRANDE DO SUL;SU;SUL;434594806,99;2561985;302417485,73;194571;425264943,5;1727769;398841049,1;412867;119205;7294;115795;6837
1309;2023-09-01;4311791;MARATÁ;43;RIO GRANDE DO SUL;SU;SUL;2665753,37;10913;2298017,66;1296;3195153,57;7145;2571445,63;3167;928;103;818;108
1314;2023-09-01;2111078;SÃO JOÃO DO SOTER;21;MARANHÃO;NE;NORDESTE;19777272,11;172488;1246091,05;1781;17345288,12;105419;1294075,42;6741;5797;88;5677;77
5607;2023-09-01;4127304;TERRA RICA;41;PARANÁ;SU;SUL;35980682,04;141970;9581667,35;10418;38120319,08;87449;11433295,68;30196;7357;491;7311;490
5594;2023-09-01;2410306;SERRA CAIADA;24;RIO GRANDE DO NORTE;NE;NORDESTE;12188511,71;92954;6118040,9;3688;12243070,83;68150;5222712,89;11975;3832;129;3819;118
1780;2023-09-01;3553906;TARABAI;35;SÃO PAULO;SE;SUDESTE;13092896,87;72407;5885010,99;4699;13471305,14;46490;5529657,87;9013;3537;213;3464;193
1373;2023-09-01;2506103;FAGUNDES;25;PARAÍBA;NE;NORDESTE;12507499,83;101615;1380738,3;1544;12776004,21;75351;1439486,98;6184;4581;98;4720;83
1378;2023-09-01;3518107;GUARANTÃ;35;SÃO PAULO;SE;SUDESTE;11341328,46;80773;2711101,4;3693;10895578,31;47954;4152450,65;10039;3507;173;3338;171
1387;2023-09-01;3515194;ESPÍRITO SANTO DO TURVO;35;SÃO PAULO;SE;SUDESTE;8201387,77;52445;3133995,93;2609;8822466,21;29610;2601416,43;5732;2333;108;2317;97
3205;2023-09-01;3135308;JAPARAÍBA;31;MINAS GERAIS;SE;SUDESTE;7948062,35;33755;1511276,33;1686;8729978,35;20567;2866746,01;6358;1884;137;1717;131
3853;2023-09-01;3550803;SÃO SEBASTIÃO DA GRAMA;35;SÃO PAULO;SE;SUDESTE;18346094,85;75072;15668912,8;6353;18264896,09;47765;15148810,35;13146;4588;389;4512;405
1419;2023-09-01;2200277;ALEGRETE DO PIAUÍ;22;PIAUÍ;NE;NORDESTE;11267392,7;63175;1128845,46;1422;10545012,12;43630;1256679,59;3312;2239;56;2258;56
1061;2023-09-01;1702703;AURORA DO TOCANTINS;17;TOCANTINS;NO;NORTE;4781528,77;28183;849422,27;1872;4816100,88;19667;735028,35;5257;1343;60;1327;56
2113;2023-09-01;2926301;RIACHÃO DO JACUÍPE;29;BAHIA;NE;NORDESTE;75574738,34;432766;34818366,28;18476;75972083,1;308474;35905773,52;56473;15697;855;15927;796
4590;2023-09-01;5202353;ARENÓPOLIS;52;GOIÁS;CO;CENTRO-OESTE;12052825,95;25655;3358237,26;1771;13547458,99;16171;3897592,73;5466;1425;89;1394;89
126;2023-09-01;3110707;CAMBUQUIRA;31;MINAS GERAIS;SE;SUDESTE;22098882,52;114481;6921841,54;6388;23146520,81;76664;6385944,19;19478;5722;410;5787;415
98;2023-09-01;3515806;FLORA RICA;35;SÃO PAULO;SE;SUDESTE;2643901,54;16732;395329,03;501;2539103,7;9639;409533,97;1310;756;21;729;25
599;2023-09-01;4306353;DEZESSEIS DE NOVEMBRO;43;RIO GRANDE DO SUL;SU;SUL;2513685,96;11958;2448775,46;548;2081418,18;6216;1782973,6;1777;892;42;822;49
4744;2023-09-01;2615904;TUPARETAMA;26;PERNAMBUCO;NE;NORDESTE;15420005,41;94237;3013304,03;1886;14915457,66;66122;2312461,09;8059;3986;109;3941;101
4282;2023-09-01;2207405;PALMEIRA DO PIAUÍ;22;PIAUÍ;NE;NORDESTE;8856090,2;59931;1012346,29;1731;8557850,49;36925;1270882,67;5306;2467;65;2426;62
548;2023-09-01;3165800;SENADOR JOSÉ BENTO;31;MINAS GERAIS;SE;SUDESTE;2466721,12;8402;384903,41;528;2744055,16;5701;382453,58;783;603;31;575;27
70;2023-09-01;4107108;DIAMANTE DO NORTE;41;PARANÁ;SU;SUL;10273191,56;53021;9699080,77;3921;20607458,15;32390;12460882,99;13065;2728;159;2664;161
2870;2023-09-01;2702405;DELMIRO GOUVEIA;27;ALAGOAS;NE;NORDESTE;99964527,13;710984;23634732,46;24544;93995871,05;460390;25511605,09;81922;25737;940;26040;901
683;2023-09-01;4215307;SALETE;42;SANTA CATARINA;SU;SUL;13379466,26;51999;52613803,13;7725;13133515,28;28616;47533967,8;14538;3646;496;3321;500
4766;2023-09-01;3522307;ITAPETININGA;35;SÃO PAULO;SE;SUDESTE;399543138,74;1997082;406824289,06;169635;427486737,48;1298202;357311841,77;355665;90282;6376;88070;5961
4215;2023-09-01;3148509;PAVÃO;31;MINAS GERAIS;SE;SUDESTE;11083668,24;63917;4648383,86;2287;11321268,97;43887;3199659,15;5565;3217;122;3184;134
729;2023-09-01;3520608;INDIANA;35;SÃO PAULO;SE;SUDESTE;12164572,56;52487;9180782,86;4226;12113591,78;34528;7913190,9;7214;2510;186;2496;182
2645;2023-09-01;5207600;FAZENDA NOVA;52;GOIÁS;CO;CENTRO-OESTE;12680538,78;48864;2845641,41;2489;12026690,05;34262;3667355,68;6545;2448;151;2377;144
5098;2023-09-01;2609501;NAZARÉ DA MATA;26;PERNAMBUCO;NE;NORDESTE;52449623,81;361202;11617599,1;9458;50498609,84;260524;29126110,97;32376;14724;411;14968;378
758;2023-09-01;3139003;MACHADO;31;MINAS GERAIS;SE;SUDESTE;101808505,06;327892;240701685,25;31107;107320985,73;228912;257389780,96;57887;18686;1530;18686;1462
3000;2023-09-01;2513943;SÃO DOMINGOS DO CARIRI;25;PARAÍBA;NE;NORDESTE;4601967,27;26325;217766,57;438;4593352,38;19477;338203,02;1132;1064;27;1052;25
4340;2023-09-01;2913705;INHAMBUPE;29;BAHIA;NE;NORDESTE;56722968,72;394763;27259007,06;16709;56508918,11;261045;24271388,95;47717;15743;615;16082;607
210;2023-09-01;4306502;DOM FELICIANO;43;RIO GRANDE DO SUL;SU;SUL;13330796,64;67548;4304783,28;3861;11760371,5;35969;4790656,72;12197;4486;247;4027;234
4524;2023-09-01;2203503;ELESBÃO VELOSO;22;PIAUÍ;NE;NORDESTE;16384792,53;145680;3080534,22;2318;15925647,76;93785;3473130,24;12355;5763;127;5720;121
4510;2023-09-01;3536257;PARISI;35;SÃO PAULO;SE;SUDESTE;5293537,93;20225;3278499,18;1689;5206159,48;15005;3669870,69;3482;1140;74;1105;69
5117;2023-09-01;5002001;BATAYPORÃ;50;MATO GROSSO DO SUL;CO;CENTRO-OESTE;23458997,42;125812;14667389,85;9382;22933491,17;71701;24771054,53;23144;5723;387;5631;370
180;2023-09-01;3133204;ITANHOMI;31;MINAS GERAIS;SE;SUDESTE;21820315,75;84721;4219718,02;3197;27060788,95;57920;4568538,22;10374;4928;237;4945;259
4442;2023-09-01;2920601;MARAGOGIPE;29;BAHIA;NE;NORDESTE;60477939,49;518883;5628960,21;8267;59339856,97;376795;6414672,56;19697;17269;357;17412;340
5185;2023-09-01;5219704;SANTA TEREZINHA DE GOIÁS;52;GOIÁS;CO;CENTRO-OESTE;37231618,78;103180;9397658,67;9051;34679784,56;75137;11648097,49;26645;4579;321;4649;325
386;2023-09-01;2918506;JUSSARA;29;BAHIA;NE;NORDESTE;21002263,3;145087;2634602,46;2879;19894368,69;98650;2322885,68;7209;6369;134;6281;134
392;2023-09-01;5204706;CAMPINORTE;52;GOIÁS;CO;CENTRO-OESTE;42369322,23;151037;30225596,41;13311;39618395,78;96393;26506566,36;49048;6127;424;6223;431
2596;2023-09-01;1705508;COLINAS DO TOCANTINS;17;TOCANTINS;NO;NORTE;149516244,29;597021;97319936,39;48095;151205126,75;397871;100271154,68;134683;20054;1309;20431;1266
166;2023-09-01;2907558;CATURAMA;29;BAHIA;NE;NORDESTE;6525212,91;39323;520067,86;671;6281801,99;23583;524815,87;2049;2130;69;2073;53
5863;2023-09-01;2311900;SABOEIRO;23;CEARÁ;NE;NORDESTE;23041774,96;142714;1889304,75;2605;22485602,62;111109;2361692,24;9242;6106;100;5954;97
4377;2023-09-01;2801306;CAPELA;28;SERGIPE;NE;NORDESTE;44042948,61;335529;17951172,49;8321;42336213,03;227810;19032393,69;33836;13556;334;13747;308
501;2023-09-01;2400604;ALMINO AFONSO;24;RIO GRANDE DO NORTE;NE;NORDESTE;8446148,35;68274;1462667,42;1547;7861143,78;46133;1420679,06;4250;2401;70;2256;61
2757;2023-09-01;3104700;ATALÉIA;31;MINAS GERAIS;SE;SUDESTE;18539375,07;102846;3538179,0;3577;18925498,72;64816;3468851,94;10689;5125;187;5056;192
2640;2023-09-01;3136306;JOÃO PINHEIRO;31;MINAS GERAIS;SE;SUDESTE;130138415,25;580258;145067290,65;47956;137178009,35;379071;142521076,29;120645;25846;2009;26154;1934
5837;2023-09-01;4119608;PITANGA;41;PARANÁ;SU;SUL;83645494,58;287493;69537133,86;33661;85294797,67;171842;54157639,13;62740;15839;1333;15652;1258
4156;2023-09-01;1200054;ASSIS BRASIL;12;ACRE;NO;NORTE;9696982,15;64095;1558281,21;1854;9165989,94;39558;1117660,34;4400;2666;89;2669;73
813;2023-09-01;4204194;CHAPADÃO DO LAGEADO;42;SANTA CATARINA;SU;SUL;4878907,59;13575;1010349,98;1169;3298773,07;7314;933395,67;3310;1056;76;944;77
2613;2023-09-01;2511707;PILÕEZINHOS;25;PARAÍBA;NE;NORDESTE;5787086,12;37066;303904,58;743;5461946,64;28828;233941,11;1366;1770;27;1805;25
4783;2023-09-01;3144409;NATÉRCIA;31;MINAS GERAIS;SE;SUDESTE;6547672,63;21909;2021037,1;1683;6053212,91;14231;3104350,85;4088;1701;111;1601;117
778;2023-09-01;4311734;MAMPITUBA;43;RIO GRANDE DO SUL;SU;SUL;4480468,92;16018;1401173,51;1193;4251849,51;9965;917505,96;2704;1060;54;987;48
4658;2023-09-01;3165701;SENADOR FIRMINO;31;MINAS GERAIS;SE;SUDESTE;11664757,86;45299;4624073,85;3812;11984424,92;29059;4846759,68;9427;2930;236;2810;222
835;2023-09-01;3103108;ANTÔNIO PRADO DE MINAS;31;MINAS GERAIS;SE;SUDESTE;2488052,53;12455;237093,11;271;2471748,96;9801;125332,71;762;677;26;653;22
761;2023-09-01;3123528;DURANDÉ;31;MINAS GERAIS;SE;SUDESTE;11391362,75;54897;3800672,62;3332;10190060,16;35924;2925861,57;7492;3085;165;2818;144
2338;2023-10-01;4302584;BOZANO;43;RIO GRANDE DO SUL;SU;SUL;3097880,42;8773;1091769,2;691;2771869,11;4783;931102,91;1177;712;48;611;53
5842;2023-10-01;3121506;DESTERRO DO MELO;31;MINAS GERAIS;SE;SUDESTE;4031384,42;16899;981790,97;770;4059248,23;14868;1039982,18;1312;1183;54;1118;55
4439;2023-10-01;1200054;ASSIS BRASIL;12;ACRE;NO;NORTE;11707178,21;71116;2087531,8;2232;11844463,53;43886;1354913,7;5487;2776;89;2790;79
3518;2023-10-01;5002001;BATAYPORÃ;50;MATO GROSSO DO SUL;CO;CENTRO-OESTE;25122579,17;138615;22241261,07;10580;23395683,91;76151;33365124,72;26853;5854;393;5806;371
2305;2023-10-01;2111078;SÃO JOÃO DO SOTER;21;MARANHÃO;NE;NORDESTE;21520657,18;185373;1608815,15;1930;19156074,46;111815;1640107,67;8526;5920;87;5803;84
781;2023-10-01;2205540;LAGOINHA DO PIAUÍ;22;PIAUÍ;NE;NORDESTE;2950159,9;30618;4303391,21;326;2780184,68;19195;1315575,8;2457;1057;21;1064;21
5766;2023-10-01;2211704;WALL FERRAZ;22;PIAUÍ;NE;NORDESTE;5042809,22;39703;656839,88;902;4589183,79;25065;455161,65;3956;1576;35;1585;29
3733;2023-10-01;2913705;INHAMBUPE;29;BAHIA;NE;NORDESTE;65653190,32;443022;29170923,65;17939;67764363,2;288310;29380850,64;53749;16156;647;16519;630
1490;2023-10-01;5106703;PONTE BRANCA;51;MATO GROSSO;CO;CENTRO-OESTE;4741112,33;20182;1151918,74;1046;21790709,12;13708;900712,79;2395;866;53;862;47
5556;2023-10-01;3135001;JAGUARAÇU;31;MINAS GERAIS;SE;SUDESTE;6159749,78;39305;4147672,05;2763;6054923,33;27105;3199877,98;6041;1552;106;1512;86
4703;2023-10-01;4123303;SANTA CRUZ DE MONTE CASTELO;41;PARANÁ;SU;SUL;20064902,65;84891;7655157,57;7024;20798354,69;50224;7129253,85;19052;4113;298;3987;299
3758;2023-10-01;2409407;PAU DOS FERROS;24;RIO GRANDE DO NORTE;NE;NORDESTE;80336770,98;470089;27817640,8;23918;76920356,76;348995;34128650,11;103545;16219;948;16024;878
4704;2023-10-01;2202778;COLÔNIA DO PIAUÍ;22;PIAUÍ;NE;NORDESTE;8480767,14;65948;1038037,42;1637;8813162,62;41153;876096,49;3390;2601;60;2752;55
5040;2023-10-01;2702603;FEIRA GRANDE;27;ALAGOAS;NE;NORDESTE;32987249,96;190965;10160511,2;4005;30773020,48;130107;3393995,56;6737;7952;148;7746;128
3221;2023-10-01;1705508;COLINAS DO TOCANTINS;17;TOCANTINS;NO;NORTE;161214671,68;668388;107538053,29;54656;156738939,95;431760;115964368,37;148670;20422;1333;20820;1271
2509;2023-10-01;1718402;PRESIDENTE KENNEDY;17;TOCANTINS;NO;NORTE;8771775,69;52358;7273260,29;2793;8008868,72;33578;4753545,4;8340;1731;81;1727;77
5869;2023-10-01;4127304;TERRA RICA;41;PARANÁ;SU;SUL;38942927,69;152538;12060125,01;11621;41884779,18;93511;12929139,43;31769;7506;514;7434;498
144;2023-10-01;3515806;FLORA RICA;35;SÃO PAULO;SE;SUDESTE;2914052,32;17335;486291,37;477;2707319,92;9706;451364,51;1080;746;20;738;25
5941;2023-10-01;2926806;RIO DO ANTÔNIO;29;BAHIA;NE;NORDESTE;18256689,28;103476;3586730,85;2942;17177405,8;56714;4087927,68;8685;4372;144;4326;136
497;2023-10-01;4204194;CHAPADÃO DO LAGEADO;42;SANTA CATARINA;SU;SUL;4746258,91;15166;855522,86;1140;3719393,96;7733;956229,71;3176;1075;75;945;79
3800;2023-10-01;3135308;JAPARAÍBA;31;MINAS GERAIS;SE;SUDESTE;7800697,31;34994;1472315,56;1746;8137404,19;21900;2724543,86;6546;1881;136;1743;126
5215;2023-10-01;3522307;ITAPETININGA;35;SÃO PAULO;SE;SUDESTE;416479115,84;2203678;360881923,55;183303;442103926,5;1400915;333395266,89;383320;91626;6516;89532;6100
3791;2023-10-01;2204550;GUARIBAS;22;PIAUÍ;NE;NORDESTE;7151791,82;48358;926753,86;1200;6422509,16;30709;798182,73;2178;1773;64;1733;49
454;2023-10-01;3156809;SABINÓPOLIS;31;MINAS GERAIS;SE;SUDESTE;25338580,82;121961;5473330,59;5937;27475709,18;77856;5423703,69;17538;6266;288;6366;285
5045;2023-10-01;2926301;RIACHÃO DO JACUÍPE;29;BAHIA;NE;NORDESTE;82108001,73;478946;34405273,75;19954;82162990,59;338120;36868894,78;62651;16035;852;16257;820
2839;2023-10-01;2108009;PASTOS BONS;21;MARANHÃO;NE;NORDESTE;34902616,04;300663;12785439,2;10860;32561244,89;188361;13652697,99;32031;8288;220;8199;214
442;2023-10-01;2411205;SANTA CRUZ;24;RIO GRANDE DO NORTE;NE;NORDESTE;93443771,29;624705;26193006,99;27141;88134645,16;461807;24317831,06;90435;20144;832;20072;764
1925;2023-10-01;3527256;LOURDES;35;SÃO PAULO;SE;SUDESTE;5095488,72;19585;692894,39;840;4653568,66;11377;585030,62;2969;1029;43;1030;49
24;2023-10-01;3103108;ANTÔNIO PRADO DE MINAS;31;MINAS GERAIS;SE;SUDESTE;2969288,2;13478;275544,16;303;2485465,37;10908;336026,89;841;709;28;661;27
4173;2023-10-01;3165206;SÃO TOMÉ DAS LETRAS;31;MINAS GERAIS;SE;SUDESTE;10309763,1;55958;10470714,14;10919;12544732,98;46840;9283268,99;29112;2881;484;2968;466
1452;2023-10-01;2511707;PILÕEZINHOS;25;PARAÍBA;NE;NORDESTE;6087744,81;40558;410716,89;911;5816802,51;32814;404973,81;1729;1808;30;1851;28
872;2023-10-01;5106182;NOVA LACERDA;51;MATO GROSSO;CO;CENTRO-OESTE;17328907,45;61062;7372183,52;4917;16772874,45;36515;9708113,69;14395;3032;202;2894;187
890;2023-10-01;3104700;ATALÉIA;31;MINAS GERAIS;SE;SUDESTE;21137080,11;114649;3687950,7;3882;20598085,54;70064;3295872,12;11830;5240;192;5179;193
962;2023-10-01;2205151;JACOBINA DO PIAUÍ;22;PIAUÍ;NE;NORDESTE;6565946,11;44951;2164975,18;1928;5853749,48;29522;1527453,16;5859;1694;61;1652;57
2603;2023-10-01;2400604;ALMINO AFONSO;24;RIO GRANDE DO NORTE;NE;NORDESTE;9634015,14;76474;1135277,74;1794;8589900,57;49390;1203818,08;4603;2460;69;2298;66
5935;2023-10-01;4315602;RIO GRANDE;43;RIO GRANDE DO SUL;SU;SUL;486911750,91;2927068;368172442,9;223556;474279937,79;1977434;522007364,69;493357;121119;7468;118053;7043
3627;2023-10-01;3550803;SÃO SEBASTIÃO DA GRAMA;35;SÃO PAULO;SE;SUDESTE;19831061,65;83113;16001541,15;6630;20177582,35;51883;17110423,72;14184;4698;394;4654;414
4548;2023-10-01;4120309;PORTO VITÓRIA;41;PARANÁ;SU;SUL;4408210,81;24852;2523909,92;1914;4604247,05;14994;2852674,53;3395;1543;113;1508;108
1705;2023-10-01;3542503;REGINÓPOLIS;35;SÃO PAULO;SE;SUDESTE;13319196,58;83669;4361746,36;4844;13527456,49;51888;3943384,15;10156;3393;209;3313;201
2948;2023-10-01;2105658;JUNCO DO MARANHÃO;21;MARANHÃO;NE;NORDESTE;9828793,55;80070;1548375,56;2251;9087704,33;54310;1458240,76;4562;2557;42;2525;37
5458;2023-10-01;2100832;APICUM-AÇU;21;MARANHÃO;NE;NORDESTE;23333250,22;199661;2981658,86;3837;22309516,95;140457;3705655,53;10591;6406;112;6212;111
4934;2023-10-01;1504752;MOJUÍ DOS CAMPOS;15;PARÁ;NO;NORTE;13650073,29;51126;9708149,04;9006;13901697,93;34307;8987700,48;28100;1712;274;1637;258
4936;2023-10-01;2804300;MURIBECA;28;SERGIPE;NE;NORDESTE;11008376,92;81079;2845700,37;1515;10431894,75;54728;3778779,57;4219;3295;53;3299;56
5317;2023-10-01;2506004;ESPERANÇA;25;PARAÍBA;NE;NORDESTE;62083591,09;363423;39136093,69;20357;62751020,7;261587;38103063,95;52655;13939;905;14186;814
1;2023-10-01;3110707;CAMBUQUIRA;31;MINAS GERAIS;SE;SUDESTE;24386904,46;125166;8125965,47;7143;24183164,04;81447;7432887,47;20989;5863;419;5919;421
1806;2023-10-01;3534807;OURO VERDE;35;SÃO PAULO;SE;SUDESTE;13274074,27;96228;4238473,22;4318;13920505,39;55404;4451352,16;10979;3795;222;3719;197
2812;2023-10-01;1702703;AURORA DO TOCANTINS;17;TOCANTINS;NO;NORTE;5115254,76;28767;843882,66;2361;4908751,2;19699;808334,2;5719;1360;63;1334;58
2248;2023-10-01;2703205;IGREJA NOVA;27;ALAGOAS;NE;NORDESTE;29780983,15;206528;1703816,7;2058;27683737,16;128309;3926235,6;5658;8989;114;8842;95
1778;2023-10-01;3169406;TRÊS PONTAS;31;MINAS GERAIS;SE;SUDESTE;176482505,41;586713;176766491,15;48454;179018810,2;403081;197362900,46;113259;27741;2132;27883;2056
1779;2023-10-01;4311791;MARATÁ;43;RIO GRANDE DO SUL;SU;SUL;2769027,87;12165;2376509,84;1523;3254983,61;7938;2888277,73;3966;924;106;844;104
4536;2023-10-01;2207405;PALMEIRA DO PIAUÍ;22;PIAUÍ;NE;NORDESTE;9563017,61;64628;1200331,79;1748;9292495,24;39439;1374187,29;5755;2525;64;2481;58
4949;2023-10-01;3501806;AMÉRICO DE CAMPOS;35;SÃO PAULO;SE;SUDESTE;16588008,81;54067;3373359,52;3489;15569854,11;35596;3686964,85;8662;2921;188;2793;185
212;2023-10-01;3133204;ITANHOMI;31;MINAS GERAIS;SE;SUDESTE;23745399,31;93881;5203689,75;3561;28266535,89;64107;5268625,66;11537;5022;250;5101;259
1335;2023-10-01;3520608;INDIANA;35;SÃO PAULO;SE;SUDESTE;12460959,08;57441;8558066,51;4475;12809374,56;36916;6736979,59;8037;2579;179;2545;180
257;2023-10-01;4306353;DEZESSEIS DE NOVEMBRO;43;RIO GRANDE DO SUL;SU;SUL;2722437,28;13526;2462349,49;725;2330611,32;6861;1775518,2;1778;911;40;851;46
199;2023-10-01;4306502;DOM FELICIANO;43;RIO GRANDE DO SUL;SU;SUL;14570544,18;76166;4357995,04;4204;12208651,98;41395;4933959,49;13894;4829;242;4414;241
2831;2023-10-01;4317251;SANTA TEREZA;43;RIO GRANDE DO SUL;SU;SUL;1433335,72;6024;343093,95;284;1806492,37;3600;379092,56;860;511;35;489;37
1580;2023-10-01;3519055;HOLAMBRA;35;SÃO PAULO;SE;SUDESTE;79989781,52;212679;98254443,5;31940;82783608,13;128913;84500189,69;65642;9584;1183;9351;1133
5508;2023-10-01;5220702;SÍTIO D'ABADIA;52;GOIÁS;CO;CENTRO-OESTE;4976849,67;25988;3754441,97;789;4605712,94;17027;3341472,52;2192;1146;36;1096;36
1848;2023-10-01;4106001;CONGONHINHAS;41;PARANÁ;SU;SUL;13792164,49;67482;4119132,17;3768;13330796,96;42116;3373849,28;9035;3573;194;3554;192
5501;2023-10-01;4110409;INDIANÓPOLIS;41;PARANÁ;SU;SUL;9477034,4;49081;4862062,26;2646;9184941,39;28298;4944436,07;6959;2303;109;2191;121
5755;2023-10-01;2302404;BOA VIAGEM;23;CEARÁ;NE;NORDESTE;86681470,02;577752;16191819,31;15964;82080913,79;427614;17572190,27;52156;22050;566;21916;542
3668;2023-10-01;3144409;NATÉRCIA;31;MINAS GERAIS;SE;SUDESTE;7034373,22;23582;2641947,77;1929;6658092,4;14956;3839135,09;4550;1761;121;1647;115
4506;2023-10-01;2615904;TUPARETAMA;26;PERNAMBUCO;NE;NORDESTE;17909602,48;109890;3152803,63;2393;17040579,94;75054;2705169,41;9095;4068;112;4053;100
319;2023-10-01;5204706;CAMPINORTE;52;GOIÁS;CO;CENTRO-OESTE;46992832,15;167960;35210151,87;14000;49123731,86;106062;30116498,36;53508;6223;423;6339;430
5497;2023-10-01;5219704;SANTA TEREZINHA DE GOIÁS;52;GOIÁS;CO;CENTRO-OESTE;38179637,33;115938;9923583,41;10592;36225562,34;84541;10274350,02;30512;4800;324;4831;328
4551;2023-10-01;1718501;RECURSOLÂNDIA;17;TOCANTINS;NO;NORTE;6383319,04;47925;2183906,79;1306;5954006,51;28745;2590437,71;2781;1603;41;1603;32
4479;2023-10-01;2203420;DOMINGOS MOURÃO;22;PIAUÍ;NE;NORDESTE;5035898,54;41069;213777,45;605;5062357,2;26662;230632,49;1515;1643;25;1661;21
3659;2023-10-01;5214838;NOVA CRIXÁS;52;GOIÁS;CO;CENTRO-OESTE;46175183,05;145558;15180322,69;11536;43495463,56;102422;15823287,03;40926;5726;466;5943;420
1837;2023-10-01;4114401;MANGUEIRINHA;41;PARANÁ;SU;SUL;40689195,07;153605;25576092,63;15455;36142856,74;84054;23377777,74;36311;8289;665;8091;672
1834;2023-10-01;2702405;DELMIRO GOUVEIA;27;ALAGOAS;NE;NORDESTE;110473458,83;796653;25193506,19;27190;104225971,84;519219;26348748,67;92341;26275;965;26655;908
2269;2023-10-01;2200277;ALEGRETE DO PIAUÍ;22;PIAUÍ;NE;NORDESTE;12054788,35;71490;1162332,03;1667;10948193,87;49510;1400297,42;3783;2285;56;2295;53
4477;2023-10-01;1508159;URUARÁ;15;PARÁ;NO;NORTE;103988035,69;547264;43505219,96;29783;99459498,73;335954;44704696,65;112690;19817;699;19344;681
5738;2023-10-01;2803203;ITAPORANGA D'AJUDA;28;SERGIPE;NE;NORDESTE;55051900,77;492054;20272695,24;13695;53880537,02;318218;30783707,49;50988;16143;455;16491;419
3818;2023-10-01;2611309;POMBOS;26;PERNAMBUCO;NE;NORDESTE;56114872,13;282981;30634432,77;14069;57190694,32;218412;25504372,86;39793;11116;358;11208;319
538;2023-10-01;3165800;SENADOR JOSÉ BENTO;31;MINAS GERAIS;SE;SUDESTE;2852406,68;9881;673511,14;611;2866383,93;6089;500694,34;809;636;30;601;29
2531;2023-10-01;5207600;FAZENDA NOVA;52;GOIÁS;CO;CENTRO-OESTE;15513388,41;54418;4311832,06;2945;13543215,13;37206;4414318,8;7306;2485;154;2423;148
4269;2023-10-01;2300408;AIUABA;23;CEARÁ;NE;NORDESTE;19146474,79;158166;1227221,22;3245;18247086,75;118319;1246994,89;7948;5885;131;5720;116
2149;2023-10-01;5201405;APARECIDA DE GOIÂNIA;52;GOIÁS;CO;CENTRO-OESTE;1951541955,43;10399642;1963484936,78;924468;2144745718,28;7890347;1934220925,41;1922836;335500;24389;344058;22713
2446;2023-10-01;2910750;FÁTIMA;29;BAHIA;NE;NORDESTE;29836169,4;173189;5834214,9;4597;30381118,21;115796;8732863,04;13267;6824;202;6820;181
5364;2023-10-01;3148707;PEDRA AZUL;31;MINAS GERAIS;SE;SUDESTE;43406358,64;297713;12894844,28;10127;40767885,23;202378;12430638,07;47843;11237;452;11412;417
2685;2023-10-01;3524204;JABORANDI;35;SÃO PAULO;SE;SUDESTE;14382106,68;67357;4308239,91;4156;17112250,32;39383;4137172,49;9817;3291;215;3137;192
3429;2023-10-01;5212501;LUZIÂNIA;52;GOIÁS;CO;CENTRO-OESTE;627570873,44;3761473;344079814,3;218778;660909352,55;2598375;302243966,31;554478;117472;6743;120580;6282
2041;2023-10-01;4304408;CANELA;43;RIO GRANDE DO SUL;SU;SUL;146571209,85;703456;126571822,77;86745;159328449,5;437211;112524808,74;185517;28661;3484;28367;3328
2017;2023-10-01;1501253;BANNACH;15;PARÁ;NO;NORTE;8887002,28;38737;1659711,86;1223;9482625,41;24928;3174766,49;5890;1760;52;1705;59
3054;2023-10-01;4321857;TRÊS PALMEIRAS;43;RIO GRANDE DO SUL;SU;SUL;7807353,0;27026;3859879,37;2913;6643719,14;15012;5281691,03;7295;1818;170;1673;167
5960;2023-10-01;2410306;SERRA CAIADA;24;RIO GRANDE DO NORTE;NE;NORDESTE;14100809,04;108777;5386433,84;4106;13316995,02;77966;5327520,16;13976;3911;131;3907;114
3949;2023-10-01;2202075;CAJAZEIRAS DO PIAUÍ;22;PIAUÍ;NE;NORDESTE;3626598,79;33851;646379,52;537;3440944,28;20754;745486,32;1521;1191;21;1247;24
93;2023-10-01;3123528;DURANDÉ;31;MINAS GERAIS;SE;SUDESTE;10668974,98;61190;4611115,21;3425;9871807,03;44927;3338431,26;8017;3165;164;2888;139
2005;2023-10-01;2102200;BURITI;21;MARANHÃO;NE;NORDESTE;32117079,11;279461;2617294,36;3623;28663056,87;181566;2909756,44;17769;10718;139;10337;134
4292;2023-10-01;2203503;ELESBÃO VELOSO;22;PIAUÍ;NE;NORDESTE;17366148,68;158292;4691563,4;2632;17194161,77;101576;4950220,07;13670;5943;132;5844;118
3928;2023-10-01;3148509;PAVÃO;31;MINAS GERAIS;SE;SUDESTE;12332725,29;71287;4214646,71;2463;11879483,41;50103;3764386,13;6355;3214;127;3223;140
648;2023-10-01;3518107;GUARANTÃ;35;SÃO PAULO;SE;SUDESTE;12313516,2;87058;3385388,97;4113;11889587,42;51137;4227064,67;10643;3552;185;3391;174
4755;2023-10-01;2311900;SABOEIRO;23;CEARÁ;NE;NORDESTE;25525076,71;158153;2272115,31;2892;25090845,7;121056;2245086,09;10331;6161;112;6020;95
5686;2023-10-01;5213772;MONTIVIDIU DO NORTE;52;GOIÁS;CO;CENTRO-OESTE;8642300,99;39425;3685831,91;2075;8664354,51;24745;3313124,87;6569;1764;76;1752;66
4632;2023-10-01;1701002;ANANÁS;17;TOCANTINS;NO;NORTE;24037107,07;194229;7269938,95;5940;23317928,26;122187;5338834,27;15871;5817;239;5764;224
2906;2023-10-01;2513943;SÃO DOMINGOS DO CARIRI;25;PARAÍBA;NE;NORDESTE;4865765,56;28317;246253,76;492;4855392,93;20972;354406,86;1197;1091;26;1070;24
3114;2023-10-01;3553906;TARABAI;35;SÃO PAULO;SE;SUDESTE;14623285,68;84093;4481730,03;4816;14993942,72;51560;3817060,72;9855;3566;216;3536;192
47;2023-10-01;2907558;CATURAMA;29;BAHIA;NE;NORDESTE;7348430,41;49786;777463,5;924;6799866,86;25616;584645,83;2155;2210;68;2140;57
744;2023-10-01;3202603;ICONHA;32;ESPÍRITO SANTO;SE;SUDESTE;28264995,43;128497;53037751,53;12329;30092738,21;82944;63985717,88;37986;6192;611;5946;595
5256;2023-10-01;2602803;BUÍQUE;26;PERNAMBUCO;NE;NORDESTE;54814742,62;358800;8983970,34;8329;53421558,44;249742;10278179,29;30046;16143;368;16275;339
988;2023-10-01;4311734;MAMPITUBA;43;RIO GRANDE DO SUL;SU;SUL;4957939,82;18243;1341527,58;1205;4971617,28;11291;761530,22;2874;1074;50;1022;44
2643;2023-10-01;2605509;FERREIROS;26;PERNAMBUCO;NE;NORDESTE;18952498,73;125158;1620851,19;2551;17900396,77;89099;1702484,16;7931;4918;131;4866;118
4070;2023-10-01;2609501;NAZARÉ DA MATA;26;PERNAMBUCO;NE;NORDESTE;54168696,1;407627;12303812,14;10046;52510056,63;293394;39007028,36;34902;15131;422;15353;380
5365;2023-10-01;2112233;TRIZIDELA DO VALE;21;MARANHÃO;NE;NORDESTE;43313097,35;315760;15114602,19;12619;40993439,54;212777;12421928,3;34412;9725;357;9786;335
4773;2023-10-01;2414001;TANGARÁ;24;RIO GRANDE DO NORTE;NE;NORDESTE;31384766,99;233845;5778863,34;5720;30244652,6;176549;5701495,06;24098;7473;212;7401;196
2083;2023-10-01;1506112;QUATIPURU;15;PARÁ;NO;NORTE;14968919,92;136208;2214327,01;4493;14339245,59;93406;2087253,08;9654;5036;111;5086;100
4034;2023-10-01;1706001;COUTO MAGALHÃES;17;TOCANTINS;NO;NORTE;12062009,95;60314;35436531,31;3473;10959356,13;37908;41854530,45;9920;2210;106;2212;96
1050;2023-10-01;1718303;PRAIA NORTE;17;TOCANTINS;NO;NORTE;13266898,12;113792;935579,1;1322;12957205,06;73661;1089721,97;4393;3544;66;3613;62
720;2023-10-01;3515194;ESPÍRITO SANTO DO TURVO;35;SÃO PAULO;SE;SUDESTE;9035328,35;62913;3266505,86;2749;10077567,87;34342;3632565,5;6235;2368;111;2342;104
3403;2023-10-01;2703700;JARAMATAIA;27;ALAGOAS;NE;NORDESTE;9156598,07;56172;1562506,27;870;8636514,78;36000;1023345,06;2114;2261;32;2291;31
49;2023-10-01;2504207;CATINGUEIRA;25;PARAÍBA;NE;NORDESTE;7357947,76;50718;1186332,89;1495;7723344,84;35536;804196,21;3990;1956;39;1979;37
4225;2023-10-01;3114907;CASA GRANDE;31;MINAS GERAIS;SE;SUDESTE;5286461,64;11774;589448,07;471;5251827,54;7209;814539,92;1261;891;41;841;37
1215;2023-10-01;4200705;ALFREDO WAGNER;42;SANTA CATARINA;SU;SUL;18192308,95;57870;7371013,94;6858;18044244,5;36548;8694571,91;16667;3997;454;3769;459
1218;2023-10-01;3139003;MACHADO;31;MINAS GERAIS;SE;SUDESTE;101012605,27;361602;213139178,24;33337;107170614,53;248547;235577493,55;62726;19152;1572;19219;1514
94;2023-10-01;4107108;DIAMANTE DO NORTE;41;PARANÁ;SU;SUL;11222633,7;56005;10318895,44;4425;11446431,33;32472;18272452,32;13619;2803;166;2713;158
1222;2023-10-01;4215307;SALETE;42;SANTA CATARINA;SU;SUL;13398601,92;53513;65725422,74;7756;12929927,97;28385;60147299,74;16075;3671;493;3355;497
4313;2023-10-01;4100400;ALMIRANTE TAMANDARÉ;41;PARANÁ;SU;SUL;269117302,44;1844259;187023304,82;129086;298879876,71;1152220;179886620,94;245475;67171;4376;67927;4198
2186;2023-10-01;2307254;JIJOCA DE JERICOACOARA;23;CEARÁ;NE;NORDESTE;60676727,55;380044;34217704,68;55624;61379369,17;296462;32677263,68;169942;11185;1328;10980;1227
3175;2023-10-01;3503307;ARARAS;35;SÃO PAULO;SE;SUDESTE;374603385,74;1616183;296029903,83;165642;392416103,41;1077583;290405578,43;500360;76170;6447;74103;6080
920;2023-10-01;2918506;JUSSARA;29;BAHIA;NE;NORDESTE;23425215,03;169071;2810489,24;3170;21924889,73;111236;2634610,39;7692;6562;136;6482;138
5617;2023-10-01;4105201;CERRO AZUL;41;PARANÁ;SU;SUL;31996314,0;210482;9846533,31;8817;33297813,61;119858;9325695,77;21086;8151;364;7765;336
4314;2023-10-01;3165701;SENADOR FIRMINO;31;MINAS GERAIS;SE;SUDESTE;11798685,97;49864;5030341,22;4260;11728376,22;31933;5748437,7;10494;2967;233;2845;227
3863;2023-10-01;3549102;SÃO JOÃO DA BOA VISTA;35;SÃO PAULO;SE;SUDESTE;272438036,58;979065;257375199,01;106713;310081872,19;692866;261500509,0;208047;50308;4917;49143;4660
586;2023-10-01;1702901;AXIXÁ DO TOCANTINS;17;TOCANTINS;NO;NORTE;25330758,91;174854;3548697,67;4241;24127057,45;116728;4342192,16;18369;5900;142;5992;134
2943;2023-10-01;2608057;JATOBÁ;26;PERNAMBUCO;NE;NORDESTE;23627347,21;178713;5339786,93;2920;21366071,89;120512;5742250,27;10915;6433;129;6303;128
3384;2023-10-01;3136306;JOÃO PINHEIRO;31;MINAS GERAIS;SE;SUDESTE;134583075,62;626052;178075458,15;51113;138847028,9;404285;158702801,36;132413;26114;2014;26460;1967
3006;2023-10-01;2701100;BRANQUINHA;27;ALAGOAS;NE;NORDESTE;13237527,57;115293;1054530,65;1822;12310076,02;77408;934914,17;3750;4321;56;4339;53
5107;2023-10-01;3536257;PARISI;35;SÃO PAULO;SE;SUDESTE;6501442,39;21570;3933033,17;1922;6813639,18;15907;3242502,78;3765;1166;77;1156;68
5612;2023-10-01;5202353;ARENÓPOLIS;52;GOIÁS;CO;CENTRO-OESTE;14225869,38;28343;2778637,78;1912;13331597,0;17932;5334445,66;6248;1464;87;1436;86
4583;2023-10-01;2704104;LAGOA DA CANOA;27;ALAGOAS;NE;NORDESTE;31618959,0;185244;4280868,3;3322;30148904,42;209717;2566329,91;8629;7410;143;7298;120
2192;2023-10-01;4219150;VARGEM;42;SANTA CATARINA;SU;SUL;3585789,68;15652;1109826,44;939;3884479,25;9758;968947,24;1847;1079;62;1024;65
1311;2023-10-01;2915908;ITANAGRA;29;BAHIA;NE;NORDESTE;11984903,58;110398;3190746,07;2855;12001621,22;72503;2185122,49;5794;3333;111;3359;97
1298;2023-10-01;3540606;PORTO FELIZ;35;SÃO PAULO;SE;SUDESTE;145551817,83;732487;102994333,92;70627;161590614,82;480335;107671332,56;143859;31060;2508;30510;2385
1261;2023-10-01;1600303;MACAPÁ;16;AMAPÁ;NO;NORTE;1485890302,27;11540210;716794774,19;591899;1480826565,73;8682477;808594715,23;1380453;309555;12651;307093;12023
1801;2023-10-01;3170909;VARZELÂNDIA;31;MINAS GERAIS;SE;SUDESTE;32628117,52;217643;6728872,86;7283;30919421,52;141973;6487616,75;26489;8658;297;8318;279
5737;2023-10-01;3517604;GUAPIARA;35;SÃO PAULO;SE;SUDESTE;30292002,76;183911;13166314,56;8630;29957080,62;111203;11634157,04;19082;8252;325;7971;303
4296;2023-10-01;4100301;AGUDOS DO SUL;41;PARANÁ;SU;SUL;18852073,04;83684;21432842,58;8997;19074481,37;52920;17884005,5;19035;3799;337;3737;338
3886;2023-10-01;1503457;IPIXUNA DO PARÁ;15;PARÁ;NO;NORTE;45745961,92;339658;18305461,67;16137;44117768,59;223270;17337220,08;52763;11335;393;11116;397
3447;2023-10-01;4110052;IGUATU;41;PARANÁ;SU;SUL;3554118,6;20097;2299543,19;1093;3608474,5;10765;2111306,41;3069;975;50;899;55
3903;2023-10-01;2106904;MONÇÃO;21;MARANHÃO;NE;NORDESTE;31253943,82;316391;3408831,96;4774;28134880,43;197232;3959825,89;19523;10558;116;10228;107
1988;2023-10-01;2506103;FAGUNDES;25;PARAÍBA;NE;NORDESTE;13315202,84;111567;1594583,91;1685;13909145,51;81148;1674907,88;7224;4754;103;4865;81
3559;2023-11-01;4100400;ALMIRANTE TAMANDARÉ;41;PARANÁ;SU;SUL;285793135,98;1937975;186710545,17;133091;318682327,2;1201861;177677617,13;259045;67818;4430;68686;4253
3378;2023-11-01;2615904;TUPARETAMA;26;PERNAMBUCO;NE;NORDESTE;18696644,33;112965;2775626,43;2381;17506312,13;76225;2677517,24;8602;4168;119;4083;104
3452;2023-11-01;2704104;LAGOA DA CANOA;27;ALAGOAS;NE;NORDESTE;34359343,59;195985;4267804,75;3443;32467402,04;150180;2351956,16;9018;7734;135;7521;119
3422;2023-11-01;2105658;JUNCO DO MARANHÃO;21;MARANHÃO;NE;NORDESTE;10627264,14;83239;1583460,86;2115;9901048,63;56729;1651396,03;4538;2586;42;2540;39
1892;2023-11-01;2506103;FAGUNDES;25;PARAÍBA;NE;NORDESTE;14637882,34;115253;1591861,47;1875;14752174,33;83314;1783148,59;7574;4791;105;4916;86
5362;2023-11-01;2202075;CAJAZEIRAS DO PIAUÍ;22;PIAUÍ;NE;NORDESTE;4057095,37;35300;659293,41;542;3869757,58;22105;584002,11;1519;1225;21;1274;25
5401;2023-11-01;5212501;LUZIÂNIA;52;GOIÁS;CO;CENTRO-OESTE;635297681,9;3888826;326809320,54;216242;680152402,57;2633652;296183433,93;559063;118540;6751;121385;6263
32;2023-11-01;4107108;DIAMANTE DO NORTE;41;PARANÁ;SU;SUL;11551374,31;59857;8501357,62;4225;11345920,86;34640;13812168,44;13437;2840;160;2730;160
3507;2023-11-01;2608057;JATOBÁ;26;PERNAMBUCO;NE;NORDESTE;24285118,78;187742;4669540,06;2980;22372019,0;123315;5469707,42;11443;6553;137;6385;128
1884;2023-11-01;2910750;FÁTIMA;29;BAHIA;NE;NORDESTE;30748886,47;195043;5202854,29;4733;30800952,56;126599;5929202,73;14157;6979;211;6971;189
184;2023-11-01;3123528;DURANDÉ;31;MINAS GERAIS;SE;SUDESTE;10966391,32;65467;3672260,46;3640;9468309,81;38056;2782477,19;9634;3228;165;2963;144
3474;2023-11-01;2106904;MONÇÃO;21;MARANHÃO;NE;NORDESTE;31657425,28;328763;2822259,47;4821;28114370,45;203545;3278409,74;19398;10849;118;10428;112
3449;2023-11-01;4321857;TRÊS PALMEIRAS;43;RIO GRANDE DO SUL;SU;SUL;7934386,24;28435;3671575,32;2863;6943548,6;15667;4128442,15;7052;1864;168;1699;165
168;2023-11-01;3133204;ITANHOMI;31;MINAS GERAIS;SE;SUDESTE;24348750,65;95837;4695348,76;3377;27342492,01;64063;5095533,12;11522;5129;245;5105;268
2073;2023-11-01;2605509;FERREIROS;26;PERNAMBUCO;NE;NORDESTE;19788590,73;131364;2058973,63;2584;18990485,66;91790;1771235,7;7906;4993;132;4933;115
4567;2023-11-01;2804300;MURIBECA;28;SERGIPE;NE;NORDESTE;12245259,64;86068;3597488,11;1433;11846275,94;56982;4545570,25;4374;3376;56;3349;56
1989;2023-11-01;4219150;VARGEM;42;SANTA CATARINA;SU;SUL;3818279,64;16239;1243288,21;826;4174180,86;9260;961125,58;1798;1076;62;1030;60
5414;2023-11-01;2701100;BRANQUINHA;27;ALAGOAS;NE;NORDESTE;14439316,24;124787;1124380,74;1689;13289531,53;79464;1097258,49;3667;4453;58;4448;53
2016;2023-11-01;4302584;BOZANO;43;RIO GRANDE DO SUL;SU;SUL;3225767,29;9559;995033,17;728;3553106,31;5199;1632816,1;1178;720;42;617;48
3386;2023-11-01;4315602;RIO GRANDE;43;RIO GRANDE DO SUL;SU;SUL;510062854,7;3100169;361851128,1;226876;496583084,76;2031259;451418957,55;510295;122206;7572;118800;7076
4962;2023-11-01;1701002;ANANÁS;17;TOCANTINS;NO;NORTE;27451123,84;202504;6434771,37;6132;25636519,84;126040;6398511,96;16114;5973;254;5860;230
4951;2023-11-01;1718501;RECURSOLÂNDIA;17;TOCANTINS;NO;NORTE;7919693,33;52359;1646762,36;1208;6494358,92;30874;2404683,83;2658;1616;39;1588;36
119;2023-11-01;4306353;DEZESSEIS DE NOVEMBRO;43;RIO GRANDE DO SUL;SU;SUL;2941279,25;14438;2577527,63;661;2661755,75;7434;2150482,61;1905;924;43;863;47
1910;2023-11-01;2400604;ALMINO AFONSO;24;RIO GRANDE DO NORTE;NE;NORDESTE;9567329,74;79257;1460218,64;1793;8881422,02;50080;1372758,07;4485;2480;76;2360;66
4986;2023-11-01;3114907;CASA GRANDE;31;MINAS GERAIS;SE;SUDESTE;4437382,06;12472;695262,61;463;4252203,38;7588;850158,7;1300;899;44;851;39
4792;2023-11-01;3550803;SÃO SEBASTIÃO DA GRAMA;35;SÃO PAULO;SE;SUDESTE;18968912,81;88794;18830417,69;6736;19131190,03;54287;18466584,44;14324;4813;397;4706;415
1769;2023-11-01;3515194;ESPÍRITO SANTO DO TURVO;35;SÃO PAULO;SE;SUDESTE;9812470,38;66995;2938570,72;2521;10286556,59;36290;2659806,48;6507;2405;109;2412;104
1106;2023-11-01;4311734;MAMPITUBA;43;RIO GRANDE DO SUL;SU;SUL;5936274,9;19288;1453487,47;1198;4994551,45;11574;800249,88;2878;1097;52;1047;49
5801;2023-11-01;2920601;MARAGOGIPE;29;BAHIA;NE;NORDESTE;68974793,4;613065;6544995,94;8599;68823848,84;426834;7398428,36;23156;18179;360;18157;349
4272;2023-11-01;3136306;JOÃO PINHEIRO;31;MINAS GERAIS;SE;SUDESTE;141571471,83;655693;133348229,0;53139;144391096,35;417015;113060073,58;137104;26461;2028;26723;1962
4844;2023-11-01;2611309;POMBOS;26;PERNAMBUCO;NE;NORDESTE;58823764,13;313439;30748780,98;14790;59176577,98;234134;24328039,3;41333;11416;359;11458;328
4846;2023-11-01;2926301;RIACHÃO DO JACUÍPE;29;BAHIA;NE;NORDESTE;82543170,94;487361;37243285,9;20433;83010230,69;339815;37010285,67;62526;16177;888;16375;830
3959;2023-11-01;2300408;AIUABA;23;CEARÁ;NE;NORDESTE;20325981,65;171746;1396359,1;2973;19153980,25;123759;1337276,67;8776;6051;126;5812;121
1170;2023-11-01;3104700;ATALÉIA;31;MINAS GERAIS;SE;SUDESTE;21128963,22;116786;3369897,39;3639;20709251,41;71513;3194237,94;11524;5349;193;5283;187
5814;2023-11-01;3122207;DIVINOLÂNDIA DE MINAS;31;MINAS GERAIS;SE;SUDESTE;16697062,51;64814;2953399,52;2788;18103600,22;40679;3335909,91;10731;3403;155;3367;147
4852;2023-11-01;2112233;TRIZIDELA DO VALE;21;MARANHÃO;NE;NORDESTE;43317245,38;316623;16752914,41;12252;41744306,2;216626;12985690,2;35309;9898;364;9918;329
5815;2023-11-01;2409407;PAU DOS FERROS;24;RIO GRANDE DO NORTE;NE;NORDESTE;84616118,39;498126;29589143,11;25642;79658043,94;358155;35960519,44;97212;16509;981;16191;904
618;2023-11-01;5204706;CAMPINORTE;52;GOIÁS;CO;CENTRO-OESTE;44972337,2;174812;22920746,97;14435;43833143,63;106375;26133065,54;54841;6370;437;6421;437
5644;2023-11-01;3501806;AMÉRICO DE CAMPOS;35;SÃO PAULO;SE;SUDESTE;15972248,31;58045;3462187,54;3366;14974935,27;37722;4044824,87;8803;2959;194;2841;183
597;2023-11-01;2918506;JUSSARA;29;BAHIA;NE;NORDESTE;23536344,96;175429;2917346,45;3593;22597143,28;115900;3047539,36;7948;6661;148;6535;137
3895;2023-11-01;3524204;JABORANDI;35;SÃO PAULO;SE;SUDESTE;15471432,96;71734;5500681,59;4144;18310616,56;41336;3649538,33;10461;3347;214;3211;185
594;2023-11-01;1718303;PRAIA NORTE;17;TOCANTINS;NO;NORTE;14155802,91;120562;715053,61;1256;13749892,21;77940;945917,03;3582;3621;64;3699;58
1103;2023-11-01;3520608;INDIANA;35;SÃO PAULO;SE;SUDESTE;13767322,76;58140;7786256,93;4660;14016807,67;38191;6105430,5;8738;2622;192;2598;183
590;2023-11-01;3169406;TRÊS PONTAS;31;MINAS GERAIS;SE;SUDESTE;186245545,42;613903;171911543,54;49114;181682924,51;424382;197764276,47;119584;28144;2158;28238;2081
4752;2023-11-01;2302404;BOA VIAGEM;23;CEARÁ;NE;NORDESTE;88158846,75;600330;19172331,81;14839;83805246,77;435009;19225234,84;52033;22351;572;22156;535
4022;2023-11-01;1702703;AURORA DO TOCANTINS;17;TOCANTINS;NO;NORTE;5046868,37;30615;997319,63;2408;4702597,07;20495;780321,21;5703;1391;66;1367;62
849;2023-11-01;3518107;GUARANTÃ;35;SÃO PAULO;SE;SUDESTE;12925964,55;91447;3746515,66;4486;13072914,42;52878;4527321,28;11668;3597;182;3481;176
4130;2023-11-01;3536257;PARISI;35;SÃO PAULO;SE;SUDESTE;7327567,97;23317;2878418,19;1623;6133028,34;17034;3165058,1;3928;1175;73;1171;67
884;2023-11-01;3139003;MACHADO;31;MINAS GERAIS;SE;SUDESTE;137778001,7;388782;171980796,81;34035;139890181,65;263407;193112420,57;66455;19575;1571;19539;1514
4101;2023-11-01;3165206;SÃO TOMÉ DAS LETRAS;31;MINAS GERAIS;SE;SUDESTE;11485978,59;59896;10135610,15;10892;13452701,82;48368;8297111,05;29993;2930;489;3026;472
919;2023-11-01;5106703;PONTE BRANCA;51;MATO GROSSO;CO;CENTRO-OESTE;4654836,7;21438;1771273,43;1327;13228785,22;14110;1006183,77;2461;873;50;865;51
5768;2023-11-01;5219704;SANTA TEREZINHA DE GOIÁS;52;GOIÁS;CO;CENTRO-OESTE;38236270,76;119540;11365490,16;10591;35859857,36;87170;11983183,85;30845;4791;331;4816;342
938;2023-11-01;4311791;MARATÁ;43;RIO GRANDE DO SUL;SU;SUL;3286561,2;13146;2569235,22;1456;3730572,79;7645;2683740,76;3546;961;109;837;113
4085;2023-11-01;2204550;GUARIBAS;22;PIAUÍ;NE;NORDESTE;7794233,91;55234;1294472,28;1214;6969886,14;33561;897894,35;2297;1797;56;1774;48
5729;2023-11-01;4119608;PITANGA;41;PARANÁ;SU;SUL;87529786,16;332175;67383797,96;36187;90901704,99;192773;62358609,99;69177;16345;1366;16287;1306
4078;2023-11-01;4113007;JUSSARA;41;PARANÁ;SU;SUL;15563227,91;77598;28723551,1;6760;14265479,92;44681;6610122,16;12663;3645;223;3447;221
4815;2023-11-01;4123303;SANTA CRUZ DE MONTE CASTELO;41;PARANÁ;SU;SUL;20365933,36;89941;8507012,13;7040;21233759,59;52751;9222251,88;19836;4163;310;4020;300
4062;2023-11-01;2304269;DEPUTADO IRAPUAN PINHEIRO;23;CEARÁ;NE;NORDESTE;12028592,72;77684;3953641,74;1751;11680110,36;55017;3359046,4;7260;3314;87;3272;78
5774;2023-11-01;4104501;CAPANEMA;41;PARANÁ;SU;SUL;33254202,29;146779;49421407,91;20268;31422244,43;82747;43568993,71;55479;8738;886;8204;868
1038;2023-11-01;2205151;JACOBINA DO PIAUÍ;22;PIAUÍ;NE;NORDESTE;6789868,84;47213;2228709,49;2171;6220342,31;30900;1777331,87;6044;1743;65;1707;53
4762;2023-11-01;2203420;DOMINGOS MOURÃO;22;PIAUÍ;NE;NORDESTE;5524255,89;41618;168162,89;537;6153029,42;27396;301519,3;1482;1650;26;1678;21
695;2023-11-01;4204194;CHAPADÃO DO LAGEADO;42;SANTA CATARINA;SU;SUL;4911735,59;16527;1011304,15;1353;3911489,17;8381;1094966,42;3705;1104;76;962;76
3885;2023-11-01;3135308;JAPARAÍBA;31;MINAS GERAIS;SE;SUDESTE;8864403,69;37944;1869503,91;1592;9338820,76;22304;2270560,16;6900;1924;140;1805;138
1271;2023-11-01;2411205;SANTA CRUZ;24;RIO GRANDE DO NORTE;NE;NORDESTE;92905148,91;644115;25334666,29;27659;88215342,04;471377;23527066,31;94833;20394;851;20301;786
5627;2023-11-01;5214838;NOVA CRIXÁS;52;GOIÁS;CO;CENTRO-OESTE;49564270,23;149758;15890395,72;11553;47259855,12;109978;17326681,76;38399;5862;473;5977;425
1553;2023-11-01;4200705;ALFREDO WAGNER;42;SANTA CATARINA;SU;SUL;19249534,52;63226;7550924,31;7715;19053502,38;39864;8147468,12;18448;4091;459;3825;451
385;2023-11-01;3519055;HOLAMBRA;35;SÃO PAULO;SE;SUDESTE;87016942,14;221946;117118415,31;32909;85795739,29;133404;96253638,75;67468;9665;1219;9405;1150
376;2023-11-01;3110707;CAMBUQUIRA;31;MINAS GERAIS;SE;SUDESTE;23998120,36;134940;6276164,81;6987;24250219,42;85710;6707564,03;21575;5956;425;6002;429
1579;2023-11-01;3534807;OURO VERDE;35;SÃO PAULO;SE;SUDESTE;14106888,34;103482;4141370,64;4417;14558102,16;57748;4686011,66;11759;3855;227;3779;207
4458;2023-11-01;4120309;PORTO VITÓRIA;41;PARANÁ;SU;SUL;4293888,38;25940;2343802,16;2018;5218037,38;15756;2341263,7;3992;1591;114;1557;114
3665;2023-11-01;2203503;ELESBÃO VELOSO;22;PIAUÍ;NE;NORDESTE;18117068,25;167520;4089176,97;2722;17741584,07;105263;4410211,68;13996;6083;140;5958;128
304;2023-11-01;4215307;SALETE;42;SANTA CATARINA;SU;SUL;14655168,14;57329;40735004,51;8254;15154166,85;31434;36746963,11;17075;3754;508;3439;494
4494;2023-11-01;2602803;BUÍQUE;26;PERNAMBUCO;NE;NORDESTE;55798331,26;379231;9525634,78;8372;54607686,31;259701;10117829,39;29674;16611;364;16718;347
1653;2023-11-01;1718402;PRESIDENTE KENNEDY;17;TOCANTINS;NO;NORTE;8556519,78;53519;5197556,29;2716;7955596,82;32713;4419331,98;7200;1738;78;1748;71
270;2023-11-01;3165800;SENADOR JOSÉ BENTO;31;MINAS GERAIS;SE;SUDESTE;3690355,93;9626;378809,9;600;2951605,22;6204;387979,61;730;630;31;600;30
243;2023-11-01;2907558;CATURAMA;29;BAHIA;NE;NORDESTE;7686349,51;50780;729711,41;833;7334698,08;26564;718572,18;2153;2270;65;2187;55
4526;2023-11-01;1200054;ASSIS BRASIL;12;ACRE;NO;NORTE;11680532,95;74158;1863375,63;2273;11475969,59;44973;1526003,32;5884;2902;98;2893;75
3597;2023-11-01;2202778;COLÔNIA DO PIAUÍ;22;PIAUÍ;NE;NORDESTE;9055877,29;68069;783668,63;1610;9336685,9;41300;659465,09;3493;2620;57;2753;53
1763;2023-11-01;2200277;ALEGRETE DO PIAUÍ;22;PIAUÍ;NE;NORDESTE;12269669,76;73912;984994,73;1512;10924746,57;49611;1170235,6;4012;2304;55;2314;52
227;2023-11-01;4306502;DOM FELICIANO;43;RIO GRANDE DO SUL;SU;SUL;14745121,86;81209;4452351,75;4577;12119061,23;42577;5033148,29;15014;4724;242;4268;240
4913;2023-11-01;2931053;TANQUE NOVO;29;BAHIA;NE;NORDESTE;25075403,47;131913;8635183,96;5896;23229165,01;74950;10827198,54;15663;5791;319;5519;277
4431;2023-11-01;2506004;ESPERANÇA;25;PARAÍBA;NE;NORDESTE;64074975,33;377762;43800044,29;20205;64089705,32;268994;41454876,92;53697;14192;898;14355;795
1509;2023-11-01;4317251;SANTA TEREZA;43;RIO GRANDE DO SUL;SU;SUL;1421113,61;5835;225348,29;190;1714940,13;3630;485134,86;821;563;33;508;40
4426;2023-11-01;1706001;COUTO MAGALHÃES;17;TOCANTINS;NO;NORTE;12030779,94;64441;22779616,91;3159;10678931,47;39599;29659119,33;8989;2245;100;2245;89
1296;2023-11-01;2307254;JIJOCA DE JERICOACOARA;23;CEARÁ;NE;NORDESTE;61389957,4;390375;36244388,53;55484;61615318,01;295858;33287531,73;163796;11333;1329;11168;1208
1303;2023-11-01;2504207;CATINGUEIRA;25;PARAÍBA;NE;NORDESTE;7523416,67;52843;835532,24;691;7647939,36;36766;722611,94;3307;1978;39;1985;35
4736;2023-11-01;3144409;NATÉRCIA;31;MINAS GERAIS;SE;SUDESTE;7113744,28;25004;2353952,19;2173;6248418,68;15419;4241012,99;5395;1799;116;1665;118
544;2023-11-01;1702901;AXIXÁ DO TOCANTINS;17;TOCANTINS;NO;NORTE;24749440,31;180015;3941686,72;3881;23446019,36;117712;4531894,03;17094;6080;135;6109;130
1342;2023-11-01;2205540;LAGOINHA DO PIAUÍ;22;PIAUÍ;NE;NORDESTE;3190918,33;32493;3388476,07;313;3049607,14;19930;951590,61;2332;1086;22;1071;20
504;2023-11-01;3156809;SABINÓPOLIS;31;MINAS GERAIS;SE;SUDESTE;25607008,16;129393;5892689,4;6222;27686783,02;81126;5677572,56;18576;6423;292;6433;287
4890;2023-11-01;2703205;IGREJA NOVA;27;ALAGOAS;NE;NORDESTE;31780573,79;214792;1947177,01;2027;29325762,27;134175;1528103,45;6307;9179;113;9035;94
4543;2023-11-01;2903003;BARRA DO MENDES;29;BAHIA;NE;NORDESTE;18310553,76;131205;2848754,48;3176;17308071,4;84445;3339500,66;13370;5977;173;5734;171
4357;2023-11-01;2803203;ITAPORANGA D'AJUDA;28;SERGIPE;NE;NORDESTE;57153390,58;518347;61811182,53;13341;55266691,08;328617;61216906,44;56191;16438;463;16704;419
483;2023-11-01;3515806;FLORA RICA;35;SÃO PAULO;SE;SUDESTE;3117916,28;18909;336354,08;436;2776948,19;10311;374985,66;1111;771;19;746;22
3798;2023-11-01;2311900;SABOEIRO;23;CEARÁ;NE;NORDESTE;26676567,15;162746;2409246,9;2877;25340908,98;124475;2338144,64;10815;6257;106;6129;96
1441;2023-11-01;5201405;APARECIDA DE GOIÂNIA;52;GOIÁS;CO;CENTRO-OESTE;2016871174,64;10796824;2025252286,23;875879;2189820890,24;8020080;1938034212,23;1895211;338600;24504;346761;22910
4712;2023-11-01;2609501;NAZARÉ DA MATA;26;PERNAMBUCO;NE;NORDESTE;55982486,36;426272;11518771,3;11083;54313894,05;299280;41681042,41;36547;15304;424;15533;384
1461;2023-11-01;2702405;DELMIRO GOUVEIA;27;ALAGOAS;NE;NORDESTE;113784607,95;833283;26498969,79;27366;109226381,86;535547;25936132,82;92312;26743;974;27039;906
3755;2023-11-01;2111078;SÃO JOÃO DO SOTER;21;MARANHÃO;NE;NORDESTE;21730195,77;193399;1229235,74;1755;18941254,4;114871;1392238,04;8176;6044;82;5868;79
415;2023-11-01;3103108;ANTÔNIO PRADO DE MINAS;31;MINAS GERAIS;SE;SUDESTE;2749431,15;13891;368607,48;431;2511194,25;10659;459177,68;942;712;31;672;31
5852;2023-11-01;3148806;PEDRA DO ANTA;31;MINAS GERAIS;SE;SUDESTE;4718687,62;22736;847647,61;952;4218737,91;17838;558147,22;1367;1227;68;1226;54
439;2023-11-01;3202603;ICONHA;32;ESPÍRITO SANTO;SE;SUDESTE;30601076,46;137742;59839444,54;12956;32068491,34;87740;66453859,36;39212;6301;613;6060;623
2892;2023-11-01;3148509;PAVÃO;31;MINAS GERAIS;SE;SUDESTE;11994352,97;72552;4727543,94;2606;12538934,9;50101;4006237,06;6214;3295;126;3290;131
2978;2023-11-01;3542503;REGINÓPOLIS;35;SÃO PAULO;SE;SUDESTE;14271672,57;84973;4424077,4;4727;14708901,72;53243;3623397,88;9715;3444;212;3348;199
3266;2023-11-01;2703700;JARAMATAIA;27;ALAGOAS;NE;NORDESTE;9799366,91;58690;1691676,62;880;9073157,41;37304;1238341,28;2280;2347;32;2317;31
2138;2023-11-01;3540606;PORTO FELIZ;35;SÃO PAULO;SE;SUDESTE;155395620,65;805485;105387775,79;73376;166773628,3;535756;106070342,88;151867;31352;2512;30832;2404
2838;2023-11-01;2414001;TANGARÁ;24;RIO GRANDE DO NORTE;NE;NORDESTE;33646152,6;240281;8030020,31;6023;32191191,7;180248;8946353,07;26659;7618;229;7516;195
2220;2023-11-01;5106182;NOVA LACERDA;51;MATO GROSSO;CO;CENTRO-OESTE;16926563,36;62539;7552635,3;5455;17237762,11;37409;6626916,44;14392;3091;203;2933;186
2482;2023-11-01;3170909;VARZELÂNDIA;31;MINAS GERAIS;SE;SUDESTE;32268145,53;222397;6820831,16;7106;30850730,07;143697;6843174,51;25785;8815;285;8472;283
2145;2023-11-01;2511707;PILÕEZINHOS;25;PARAÍBA;NE;NORDESTE;6850349,37;44124;392582,04;905;6493330,3;34073;310851,84;1617;1851;34;1893;25
5032;2023-11-01;2915908;ITANAGRA;29;BAHIA;NE;NORDESTE;12453234,5;114988;2807109,68;2846;12176325,68;74968;1899190,48;5866;3452;104;3423;94
2684;2023-11-01;3553906;TARABAI;35;SÃO PAULO;SE;SUDESTE;14639543,59;87354;4891024,41;4683;16252484,66;52784;3928657,41;9883;3605;211;3583;192
3296;2023-11-01;1501253;BANNACH;15;PARÁ;NO;NORTE;11175689,29;39608;1131603,03;1072;11120553,51;24711;2758321,32;5540;1795;53;1727;53
2695;2023-11-01;3549102;SÃO JOÃO DA BOA VISTA;35;SÃO PAULO;SE;SUDESTE;286252892,61;1021202;287525401,23;109092;329878618,47;710049;296730383,37;214128;50825;4917;49568;4668
3291;2023-11-01;4304408;CANELA;43;RIO GRANDE DO SUL;SU;SUL;156499040,75;747482;136169300,37;93603;169940953,55;461971;126164476,59;198289;28984;3544;28708;3383
2464;2023-11-01;3527256;LOURDES;35;SÃO PAULO;SE;SUDESTE;5373599,98;20099;411612,0;853;4295418,55;11501;459267,4;3137;1044;46;1015;51
2709;2023-11-01;2913705;INHAMBUPE;29;BAHIA;NE;NORDESTE;70458434,53;470126;29230774,85;18240;70997959,6;298493;25955897,09;52667;16442;657;16714;635
3001;2023-11-01;4114401;MANGUEIRINHA;41;PARANÁ;SU;SUL;40239678,09;168826;31624332,76;16222;37613250,69;91669;28968490,84;38479;8438;683;8224;677
3257;2023-11-01;4110052;IGUATU;41;PARANÁ;SU;SUL;3437659,79;20143;2077185,78;1028;3387529,56;11421;1966848,59;2825;983;51;887;51
3241;2023-11-01;3503307;ARARAS;35;SÃO PAULO;SE;SUDESTE;388639178,2;1714742;299517459,05;170103;448722888,64;1125407;297374255,87;502107;76878;6481;74820;6083
2789;2023-11-01;2801306;CAPELA;28;SERGIPE;NE;NORDESTE;51757396,63;410336;18855235,82;8788;48503736,06;261878;32250925,07;39832;14287;343;14385;319
5121;2023-11-01;4309704;HUMAITÁ;43;RIO GRANDE DO SUL;SU;SUL;7539153,51;29694;3251065,48;1660;6619250,36;16477;2933640,84;6537;2021;162;1808;181
2279;2023-11-01;2108009;PASTOS BONS;21;MARANHÃO;NE;NORDESTE;34760057,44;303412;12240212,1;10382;32646226,84;186538;12567306,56;30136;8369;226;8254;215
5339;2023-11-01;2207405;PALMEIRA DO PIAUÍ;22;PIAUÍ;NE;NORDESTE;9968401,62;67816;1691648,59;1905;9520453,64;41711;1797311,57;5926;2585;65;2547;64
2747;2023-11-01;1600303;MACAPÁ;16;AMAPÁ;NO;NORTE;1519257682,63;11819224;851621541,94;597795;1505910450,98;8713234;759775451,7;1409122;311869;12786;308660;12083
5012;2023-11-01;1503457;IPIXUNA DO PARÁ;15;PARÁ;NO;NORTE;44432207,07;343842;17337202,6;16312;42833736,07;223134;14653322,7;52227;11564;394;11306;385
5187;2023-11-01;4127304;TERRA RICA;41;PARANÁ;SU;SUL;43264973,99;163770;11590180,43;11760;47526379,44;98279;12063626,16;32818;7633;503;7594;490
3101;2023-11-01;5207600;FAZENDA NOVA;52;GOIÁS;CO;CENTRO-OESTE;14121910,85;57640;4697118,99;2891;12617784,2;38258;4592334,89;7434;2574;157;2466;154
2755;2023-11-01;1506112;QUATIPURU;15;PARÁ;NO;NORTE;16053593,16;147523;2586476,76;3086;15261248,96;99020;3143018,17;7250;5205;116;5162;105
3228;2023-11-01;3165701;SENADOR FIRMINO;31;MINAS GERAIS;SE;SUDESTE;12442731,46;52738;5558061,62;4520;12016336,4;33717;5903070,53;10822;3122;234;2920;224
2659;2023-11-01;2102200;BURITI;21;MARANHÃO;NE;NORDESTE;34729306,15;313345;3069419,61;3479;31077126,21;198345;2956877,25;18456;11079;142;10663;141
2337;2023-11-01;1705508;COLINAS DO TOCANTINS;17;TOCANTINS;NO;NORTE;160344868,59;700828;96363871,66;54410;163830371,63;443767;106964511,34;152194;20642;1355;20958;1281
2642;2023-11-01;4106001;CONGONHINHAS;41;PARANÁ;SU;SUL;14969772,59;72181;4135094,1;3719;14831213,84;43987;4341658,36;10000;3576;196;3538;192
2866;2023-11-01;2513943;SÃO DOMINGOS DO CARIRI;25;PARAÍBA;NE;NORDESTE;5119131,01;29331;182166,01;469;4994637,21;21070;253650,73;1133;1102;27;1067;27
4756;2023-12-01;4120309;PORTO VITÓRIA;41;PARANÁ;SU;SUL;5186251,1;29306;2301031,22;2176;6038404,84;17914;2541381,75;4417;1604;111;1615;122
1896;2023-12-01;3540606;PORTO FELIZ;35;SÃO PAULO;SE;SUDESTE;183873761,14;938794;120425009,67;83457;195727289,36;586207;120633840,51;223155;31834;2573;31540;2450
2727;2023-12-01;3527256;LOURDES;35;SÃO PAULO;SE;SUDESTE;6151932,9;23807;633577,58;1146;5379543,06;14115;743924,0;4075;1066;45;1050;53
3498;2023-12-01;1200054;ASSIS BRASIL;12;ACRE;NO;NORTE;13680614,7;84714;2007788,06;2719;13448800,14;51635;1474046,29;7520;2993;92;2953;75
809;2023-12-01;4311734;MAMPITUBA;43;RIO GRANDE DO SUL;SU;SUL;6369897,58;23586;1538280,85;1122;5817129,86;13800;871040,44;3221;1114;53;1081;49
5334;2023-12-01;5219704;SANTA TEREZINHA DE GOIÁS;52;GOIÁS;CO;CENTRO-OESTE;40923437,91;135776;11989509,69;11732;41724595,77;97558;11243710,88;37513;4836;340;4944;336
477;2023-12-01;3202603;ICONHA;32;ESPÍRITO SANTO;SE;SUDESTE;35065275,92;158773;73154899,41;14010;35953361,94;103063;84700706,26;44224;6388;610;6229;618
499;2023-12-01;5201405;APARECIDA DE GOIÂNIA;52;GOIÁS;CO;CENTRO-OESTE;2255964812,46;12196963;2276760475,86;909878;2475252247,96;8890482;2104506357,1;2141313;342589;24787;351914;23185
3306;2023-12-01;3503307;ARARAS;35;SÃO PAULO;SE;SUDESTE;449422079,3;1973597;360296370,9;183226;483026039,88;1267319;310077918,84;564691;77796;6532;76399;6156
2592;2023-12-01;1718402;PRESIDENTE KENNEDY;17;TOCANTINS;NO;NORTE;9594884,15;58558;5507990,8;2893;8974007,02;36925;7444430,99;8950;1778;78;1806;75
1132;2023-12-01;3520608;INDIANA;35;SÃO PAULO;SE;SUDESTE;14887017,38;68214;8926943,1;5053;15454886,85;43133;7616222,95;10494;2654;189;2641;189
1119;2023-12-01;1718303;PRAIA NORTE;17;TOCANTINS;NO;NORTE;16364145,97;136976;844436,11;1690;16299299,03;90611;1121456,58;4098;3690;61;3752;61
4167;2023-12-01;3524204;JABORANDI;35;SÃO PAULO;SE;SUDESTE;18577534,27;87642;5835267,89;4624;20346496,4;48993;3930371,11;13223;3368;226;3285;199
5845;2023-12-01;3551306;SEBASTIANÓPOLIS DO SUL;35;SÃO PAULO;SE;SUDESTE;7738057,4;32156;5892366,5;2348;7497591,1;21229;4889931,11;5699;1650;132;1515;128
456;2023-12-01;3133204;ITANHOMI;31;MINAS GERAIS;SE;SUDESTE;26928489,84;105101;5269490,58;3682;31478318,79;72098;5852058,47;13475;5186;256;5236;269
4386;2023-12-01;5202353;ARENÓPOLIS;52;GOIÁS;CO;CENTRO-OESTE;13658346,09;33844;3812480,54;2251;11456061,13;21522;5134670,01;7274;1503;92;1482;87
5415;2023-12-01;1706001;COUTO MAGALHÃES;17;TOCANTINS;NO;NORTE;12983246,97;75257;21082291,08;3387;12010427,2;45085;25349056,9;10013;2317;104;2325;94
441;2023-12-01;3123528;DURANDÉ;31;MINAS GERAIS;SE;SUDESTE;11764703,7;75138;4075567,74;4005;10587759,28;41474;3083219,4;14301;3262;170;3040;143
1177;2023-12-01;1501253;BANNACH;15;PARÁ;NO;NORTE;11234488,26;48165;1319480,67;1115;11632290,82;28652;2552292,05;5821;1824;56;1762;60
5411;2023-12-01;3114907;CASA GRANDE;31;MINAS GERAIS;SE;SUDESTE;4716306,48;13941;562693,67;515;3729973,27;8667;609884,54;1461;925;45;873;36
407;2023-12-01;3515806;FLORA RICA;35;SÃO PAULO;SE;SUDESTE;3392122,89;21189;605785,96;526;3266477,9;12051;565110,05;1305;786;20;762;23
1606;2023-12-01;2506103;FAGUNDES;25;PARAÍBA;NE;NORDESTE;16845036,16;129871;1922134,14;2090;17153085,63;96403;1838182,83;9483;4898;117;5036;93
2750;2023-12-01;3553906;TARABAI;35;SÃO PAULO;SE;SUDESTE;16783860,24;102790;4989127,47;4409;17239313,0;61832;5249019,64;12083;3675;209;3697;194
1173;2023-12-01;2702405;DELMIRO GOUVEIA;27;ALAGOAS;NE;NORDESTE;132599563,26;929771;28742735,38;31495;125768778,45;613068;29174020,11;115767;27114;992;27546;937
3150;2023-12-01;4302584;BOZANO;43;RIO GRANDE DO SUL;SU;SUL;3459535,16;11151;1125451,34;838;3283519,49;6267;970863,36;1543;734;45;647;51
3963;2023-12-01;2704104;LAGOA DA CANOA;27;ALAGOAS;NE;NORDESTE;39907242,96;221780;4479132,39;3610;37830820,32;175248;3097853,45;11987;7852;145;7762;123
3070;2023-12-01;2105658;JUNCO DO MARANHÃO;21;MARANHÃO;NE;NORDESTE;13622912,22;98222;1533198,12;2491;12825520,49;65480;1497968,17;5847;2647;40;2631;42
4968;2023-12-01;4123303;SANTA CRUZ DE MONTE CASTELO;41;PARANÁ;SU;SUL;25547844,87;102196;9435323,63;7890;26106182,07;61296;10913823,6;24003;4228;311;4116;311
4407;2023-12-01;2913705;INHAMBUPE;29;BAHIA;NE;NORDESTE;75489727,14;531444;32038669,43;19749;73724649,55;337749;29005274,12;60645;16750;648;17176;640
2981;2023-12-01;2207405;PALMEIRA DO PIAUÍ;22;PIAUÍ;NE;NORDESTE;11330528,93;75560;1340002,23;2428;11051339,72;45893;1244332,92;8010;2599;64;2585;61
4708;2023-12-01;1503457;IPIXUNA DO PARÁ;15;PARÁ;NO;NORTE;58063712,27;419382;19872082,82;17181;54043819,89;270385;16488591,25;65842;11882;390;11661;383
814;2023-12-01;4219150;VARGEM;42;SANTA CATARINA;SU;SUL;4948279,96;19627;1594901,78;984;5241185,45;11754;1000926,91;2215;1105;66;1077;62
2243;2023-12-01;1506112;QUATIPURU;15;PARÁ;NO;NORTE;19732583,93;175541;3824014,3;3273;18959426,32;117842;4612582,79;8406;5250;115;5314;108
4390;2023-12-01;2204550;GUARIBAS;22;PIAUÍ;NE;NORDESTE;9675283,05;65806;1249424,28;1223;8519730,98;40201;1264510,05;2613;1864;59;1845;50
1633;2023-12-01;5212501;LUZIÂNIA;52;GOIÁS;CO;CENTRO-OESTE;712736289,26;4396641;367620161,63;232889;752819760,2;2944018;335764270,73;638639;119954;6794;123313;6344
779;2023-12-01;3139003;MACHADO;31;MINAS GERAIS;SE;SUDESTE;120774745,08;446939;163891236,18;37069;131997970,74;304739;176286981,13;76361;19852;1615;20038;1540
5027;2023-12-01;2801306;CAPELA;28;SERGIPE;NE;NORDESTE;62148553,64;473724;20501103,98;9756;58687925,34;303791;34047953,83;49115;14647;344;14824;325
4108;2023-12-01;2409407;PAU DOS FERROS;24;RIO GRANDE DO NORTE;NE;NORDESTE;97132739,59;563720;32521726,46;27142;93963628,31;408727;43594003,69;120318;16686;972;16471;921
5099;2023-12-01;2202075;CAJAZEIRAS DO PIAUÍ;22;PIAUÍ;NE;NORDESTE;4529218,64;39869;961564,1;639;4356118,23;24423;1357401,14;1810;1252;25;1301;24
1672;2023-12-01;3136306;JOÃO PINHEIRO;31;MINAS GERAIS;SE;SUDESTE;150804690,23;742306;159007571,0;56406;160071642,68;471078;137344324,68;160364;26873;2078;27321;2001
5812;2023-12-01;2311900;SABOEIRO;23;CEARÁ;NE;NORDESTE;30464949,05;181884;2849552,38;3135;29317770,69;138849;2973634,3;13102;6309;117;6210;99
911;2023-12-01;4306502;DOM FELICIANO;43;RIO GRANDE DO SUL;SU;SUL;15604878,19;91448;6068381,93;4984;13177333,95;48311;6291924,47;17643;4739;255;4391;243
3570;2023-12-01;1701002;ANANÁS;17;TOCANTINS;NO;NORTE;32121701,14;227836;6506273,53;7158;30821833,73;146099;6058674,47;19850;5970;253;5929;233
749;2023-12-01;1702901;AXIXÁ DO TOCANTINS;17;TOCANTINS;NO;NORTE;31152822,73;209085;4402560,52;4578;30256752,23;139090;5050773,04;21143;6075;135;6212;128
987;2023-12-01;2918506;JUSSARA;29;BAHIA;NE;NORDESTE;25833215,85;196893;2926539,21;3807;25251072,12;133888;3313287,7;9572;6778;144;6741;147
716;2023-12-01;4204194;CHAPADÃO DO LAGEADO;42;SANTA CATARINA;SU;SUL;6659461,58;18857;1427075,64;1381;5701424,27;9827;1488569,89;4587;1116;80;998;79
975;2023-12-01;2205540;LAGOINHA DO PIAUÍ;22;PIAUÍ;NE;NORDESTE;3793894,05;36323;2809520,93;355;3633784,63;22472;757532,67;2589;1076;22;1101;20
5725;2023-12-01;4107504;ENGENHEIRO BELTRÃO;41;PARANÁ;SU;SUL;39978960,29;187548;24043215,83;14386;46694487,39;101059;19684322,82;39775;6989;536;6973;533
5796;2023-12-01;1504752;MOJUÍ DOS CAMPOS;15;PARÁ;NO;NORTE;15635790,61;61097;11704498,85;9335;13473245,1;42736;10094018,97;32422;1763;273;1696;270
1819;2023-12-01;5106182;NOVA LACERDA;51;MATO GROSSO;CO;CENTRO-OESTE;19457752,91;73121;10945383,81;5626;20724686,22;42647;11573709,45;16940;3133;209;3002;194
2664;2023-12-01;2608057;JATOBÁ;26;PERNAMBUCO;NE;NORDESTE;30494206,05;218854;5631674,47;3432;27577752,74;145021;4949199,8;13901;6632;135;6533;129
5239;2023-12-01;3135308;JAPARAÍBA;31;MINAS GERAIS;SE;SUDESTE;10617134,86;46530;1820406,47;1840;11349070,33;26513;2496762,78;8414;1967;145;1833;138
605;2023-12-01;1600303;MACAPÁ;16;AMAPÁ;NO;NORTE;1880155519,89;13512653;998914711,93;657313;1866025653,11;9911529;907675030,29;1705613;316342;12941;315159;12258
4961;2023-12-01;2107407;OLHO D'ÁGUA DAS CUNHÃS;21;MARANHÃO;NE;NORDESTE;41602781,28;322374;4736307,93;3692;38957239,65;204996;7727449,85;22965;8821;137;8583;136
3539;2023-12-01;2910750;FÁTIMA;29;BAHIA;NE;NORDESTE;34291099,26;208058;4799328,91;4945;35272751,22;146468;5825333,01;15305;7156;204;7145;183
2638;2023-12-01;2106904;MONÇÃO;21;MARANHÃO;NE;NORDESTE;37653550,32;382585;3243492,21;4879;33870909,79;234631;3726722,55;22375;11115;115;10786;109
2256;2023-12-01;2205151;JACOBINA DO PIAUÍ;22;PIAUÍ;NE;NORDESTE;8108435,59;53501;2932177,19;2423;7437844,61;35812;2061699,46;7156;1770;66;1758;57
4183;2023-12-01;2703700;JARAMATAIA;27;ALAGOAS;NE;NORDESTE;11543212,25;70400;1981676,43;1004;10736670,04;44770;1153491,63;2572;2446;29;2439;29
1872;2023-12-01;2701100;BRANQUINHA;27;ALAGOAS;NE;NORDESTE;16183723,91;150303;1068990,25;1701;15248432,55;90338;1007587,62;3974;4581;64;4602;57
3132;2023-12-01;4200705;ALFREDO WAGNER;42;SANTA CATARINA;SU;SUL;23897784,61;70654;9365657,06;8880;23909156,84;46533;10255783,78;23684;4178;456;4003;470
4007;2023-12-01;4321857;TRÊS PALMEIRAS;43;RIO GRANDE DO SUL;SU;SUL;9596125,9;33583;4300549,65;3145;7541497,66;18212;4016193,53;9376;1913;169;1776;165
1862;2023-12-01;2504207;CATINGUEIRA;25;PARAÍBA;NE;NORDESTE;8263017,29;60421;1169880,17;920;8551582,8;43628;824129,17;3319;2007;43;2052;42
1859;2023-12-01;2102200;BURITI;21;MARANHÃO;NE;NORDESTE;42926302,53;365063;3657918,28;4026;38018687,6;233778;3660303,51;23893;11421;142;10955;143
1063;2023-12-01;5106703;PONTE BRANCA;51;MATO GROSSO;CO;CENTRO-OESTE;5853096,15;25490;1419912,26;1910;18529639,34;17683;1356393,18;4317;900;49;882;53
3131;2023-12-01;1705508;COLINAS DO TOCANTINS;17;TOCANTINS;NO;NORTE;190479103,71;767969;99466243,02;56753;188258420,02;483179;108564375,77;167767;20903;1358;21328;1287
4120;2023-12-01;3135001;JAGUARAÇU;31;MINAS GERAIS;SE;SUDESTE;7357632,37;45608;14962516,19;3014;7202705,7;29980;12693957,77;6701;1593;102;1583;92
3528;2023-12-01;4315602;RIO GRANDE;43;RIO GRANDE DO SUL;SU;SUL;603504732,59;3627152;410300360,05;251849;578590968,55;2362066;469878792,21;612586;123902;7594;121560;7181
3577;2023-12-01;2200277;ALEGRETE DO PIAUÍ;22;PIAUÍ;NE;NORDESTE;14817731,18;85600;1060698,47;1887;13510981,28;57424;1302254,41;5067;2314;58;2344;50
1049;2023-12-01;3165800;SENADOR JOSÉ BENTO;31;MINAS GERAIS;SE;SUDESTE;3501357,51;11489;568511,47;591;3746807,45;7860;332724,44;922;665;33;625;31
3470;2023-12-01;2410306;SERRA CAIADA;24;RIO GRANDE DO NORTE;NE;NORDESTE;16787204,49;128444;8181348,99;5129;16115528,91;92983;7035252,63;15730;4065;136;4103;122
3022;2023-12-01;3550803;SÃO SEBASTIÃO DA GRAMA;35;SÃO PAULO;SE;SUDESTE;21785073,87;102232;20645685,09;7559;22474973,54;62909;19663239,55;16791;4921;403;4846;410
2558;2023-12-01;2513943;SÃO DOMINGOS DO CARIRI;25;PARAÍBA;NE;NORDESTE;6356572,68;33940;289844,06;494;6066606,99;25068;477703,11;1551;1125;26;1095;28
1851;2023-12-01;3104700;ATALÉIA;31;MINAS GERAIS;SE;SUDESTE;23275860,46;136844;3737502,56;4021;23665551,92;86417;2909688,91;14004;5496;193;5427;193
3039;2023-12-01;2304269;DEPUTADO IRAPUAN PINHEIRO;23;CEARÁ;NE;NORDESTE;14362749,4;89237;4507157,11;2008;13760868,71;62855;4145038,48;9012;3456;83;3475;84
842;2023-12-01;3169406;TRÊS PONTAS;31;MINAS GERAIS;SE;SUDESTE;197313210,98;715378;278804965,09;53111;197153980,97;495274;298200207,81;138772;28654;2169;29158;2104
1280;2023-12-01;3518107;GUARANTÃ;35;SÃO PAULO;SE;SUDESTE;15319720,61;106695;3482197,11;4740;14540284,48;61051;5448682,26;13673;3678;180;3543;175
5625;2023-12-01;4110052;IGUATU;41;PARANÁ;SU;SUL;4422496,13;23676;2741866,37;1206;4015246,99;12989;2036144,57;4144;1015;51;949;56
2794;2023-12-01;4317251;SANTA TEREZA;43;RIO GRANDE DO SUL;SU;SUL;2124357,02;7120;455777,99;367;2063369,82;4243;503883,89;1150;550;41;504;44
2031;2023-12-01;2615904;TUPARETAMA;26;PERNAMBUCO;NE;NORDESTE;21461427,48;127734;3090853,01;2409;19638590,4;85473;3075669,75;11001;4265;120;4189;112
3425;2023-12-01;4100301;AGUDOS DO SUL;41;PARANÁ;SU;SUL;23186233,5;104216;26554176,69;10642;23839624,87;63499;23661342,7;24426;3994;339;3999;338
4909;2023-12-01;2300408;AIUABA;23;CEARÁ;NE;NORDESTE;22348951,3;187887;1302040,62;3204;20975300,18;137229;1461255,09;11141;6128;136;5949;119
3420;2023-12-01;2605509;FERREIROS;26;PERNAMBUCO;NE;NORDESTE;23147826,12;157449;2133638,86;2856;22641214,09;108550;2951052,36;9549;5132;134;5098;121
3739;2023-12-01;2203503;ELESBÃO VELOSO;22;PIAUÍ;NE;NORDESTE;21554686,84;185478;4219004,38;3105;21141289,06;121254;4573377,92;16648;6178;142;6087;129
5535;2023-12-01;3104106;ARCEBURGO;31;MINAS GERAIS;SE;SUDESTE;17400550,28;101240;19511393,43;7704;17405889,48;59138;36449612,76;23286;4217;306;4146;311
5343;2023-12-01;3165206;SÃO TOMÉ DAS LETRAS;31;MINAS GERAIS;SE;SUDESTE;12478859,64;66589;9669487,68;11332;15730628,93;56397;9381024,08;38590;3000;496;3097;472
4682;2023-12-01;2931053;TANQUE NOVO;29;BAHIA;NE;NORDESTE;26129433,2;136186;8670258,22;6503;24512743,79;82639;10416782,48;18089;5880;331;5656;290
2076;2023-12-01;4114401;MANGUEIRINHA;41;PARANÁ;SU;SUL;47425309,85;198390;27737700,83;17248;42281546,62;106044;24527158,55;46141;8584;680;8505;680
3430;2023-12-01;3542503;REGINÓPOLIS;35;SÃO PAULO;SE;SUDESTE;16154521,62;103938;4719839,67;5175;15801077,45;62788;3959788,83;12518;3478;213;3421;195
2018;2023-12-01;5207600;FAZENDA NOVA;52;GOIÁS;CO;CENTRO-OESTE;15584535,77;65159;5968999,78;3142;13716894,6;43266;4400479,66;8993;2534;159;2486;154
3796;2023-12-01;2203420;DOMINGOS MOURÃO;22;PIAUÍ;NE;NORDESTE;6960196,54;49296;253477,62;710;6312112,33;31974;307309,64;1779;1706;26;1737;22
3805;2023-12-01;2926301;RIACHÃO DO JACUÍPE;29;BAHIA;NE;NORDESTE;92058702,71;548753;35229684,59;21300;95577940,23;384586;34286547,1;70781;16439;897;16771;840
4984;2023-12-01;4113007;JUSSARA;41;PARANÁ;SU;SUL;17852369,78;95515;30685335,71;6514;17831333,81;53790;7662446,12;14252;3712;235;3577;222
226;2023-12-01;2907558;CATURAMA;29;BAHIA;NE;NORDESTE;8532361,88;56305;599531,96;788;8558308,97;30496;664731,42;2573;2328;61;2275;55
2844;2023-12-01;2307254;JIJOCA DE JERICOACOARA;23;CEARÁ;NE;NORDESTE;67670866,28;443785;39471933,4;62289;70824735,68;333785;40683063,74;195640;11485;1352;11318;1238
4569;2023-12-01;2804300;MURIBECA;28;SERGIPE;NE;NORDESTE;13828267,82;97830;3244870,84;1567;13392203,21;63798;4242983,64;5440;3446;57;3454;59
1522;2023-12-01;4106001;CONGONHINHAS;41;PARANÁ;SU;SUL;18332725,46;83446;5315568,86;4168;17542093,44;51681;4582490,77;14109;3666;193;3635;189
2833;2023-12-01;3170909;VARZELÂNDIA;31;MINAS GERAIS;SE;SUDESTE;36608753,37;253260;6146627,62;7543;35540206,17;165217;6779939,62;32696;8990;296;8698;289
187;2023-12-01;3110707;CAMBUQUIRA;31;MINAS GERAIS;SE;SUDESTE;26480773,87;150791;6678562,93;7749;27079607,06;96390;7927125,9;25538;6036;433;6161;426
2849;2023-12-01;2506004;ESPERANÇA;25;PARAÍBA;NE;NORDESTE;72314551,3;423656;40071643,4;22736;73252526,76;305950;38912567,29;63016;14419;910;14714;819
1325;2023-12-01;3519055;HOLAMBRA;35;SÃO PAULO;SE;SUDESTE;102713086,81;250766;130356861,5;34324;97557711,26;149031;111334426,58;73487;9826;1225;9562;1170
5163;2023-12-01;4110409;INDIANÓPOLIS;41;PARANÁ;SU;SUL;11300993,37;63482;5122369,36;2659;11056278,68;36584;5136632,06;8547;2346;116;2300;117
223;2023-12-01;3103108;ANTÔNIO PRADO DE MINAS;31;MINAS GERAIS;SE;SUDESTE;2984203,86;15887;334941,34;486;2845509,03;11893;381029,44;1190;722;33;684;28
118;2023-12-01;3156809;SABINÓPOLIS;31;MINAS GERAIS;SE;SUDESTE;29772564,79;144654;8076464,08;7068;30966687,34;91463;6439899,84;23769;6597;294;6763;295
4538;2023-12-01;5002001;BATAYPORÃ;50;MATO GROSSO DO SUL;CO;CENTRO-OESTE;32565535,06;171939;16355594,32;12486;32485951,83;90528;13666432,57;34151;5992;399;5947;377
3187;2023-12-01;2611309;POMBOS;26;PERNAMBUCO;NE;NORDESTE;69950522,94;360509;34967894,01;15996;69782307,17;260834;30397357,28;48866;11669;374;11769;329
2044;2023-12-01;1702703;AURORA DO TOCANTINS;17;TOCANTINS;NO;NORTE;6106982,4;38522;1016128,77;2825;5936704,75;25354;1048736,88;8779;1412;66;1385;62
106;2023-12-01;4306353;DEZESSEIS DE NOVEMBRO;43;RIO GRANDE DO SUL;SU;SUL;3646008,3;17507;3029812,71;766;3485918,79;8774;2813531,25;2452;945;45;910;46
3930;2023-12-01;3165701;SENADOR FIRMINO;31;MINAS GERAIS;SE;SUDESTE;15095530,97;60059;5485663,41;4985;14491186,83;39533;5558613,41;13036;3125;227;2999;229
3784;2023-12-01;2414001;TANGARÁ;24;RIO GRANDE DO NORTE;NE;NORDESTE;38050585,24;269437;8764795,91;6926;36309099,16;211285;9884558,55;31694;7647;223;7562;203
2410;2023-12-01;2111078;SÃO JOÃO DO SOTER;21;MARANHÃO;NE;NORDESTE;27030618,77;219729;2137325,8;2036;22876209,11;130941;2156040,21;8876;6133;90;5999;83
2841;2023-12-01;4304408;CANELA;43;RIO GRANDE DO SUL;SU;SUL;187941936,28;883124;155312897,18;97660;204761404,19;529360;145978127,3;234998;29367;3580;29379;3491
2784;2023-12-01;4100400;ALMIRANTE TAMANDARÉ;41;PARANÁ;SU;SUL;332297458,87;2199666;203367601,55;140540;375716528,0;1351988;185179222,02;292403;68707;4420;69965;4252
2103;2023-12-01;2108009;PASTOS BONS;21;MARANHÃO;NE;NORDESTE;38811163,69;336960;11500294,2;13369;37165419,01;211564;11073283,12;37285;8492;229;8396;213
368;2023-12-01;4215307;SALETE;42;SANTA CATARINA;SU;SUL;17878399,42;69167;85343017,11;8978;17559401,0;36825;78333983,36;19849;3804;501;3559;495
5525;2023-12-01;1718501;RECURSOLÂNDIA;17;TOCANTINS;NO;NORTE;8396092,64;58469;2316764,41;1139;7204992,44;34508;3963011,38;3136;1626;38;1625;34
4651;2023-12-01;2211704;WALL FERRAZ;22;PIAUÍ;NE;NORDESTE;6106434,93;46294;731460,51;839;5795448,39;28661;536130,15;4612;1613;35;1623;29
1974;2023-12-01;3144409;NATÉRCIA;31;MINAS GERAIS;SE;SUDESTE;8000632,69;27353;3447946,63;2081;7055159,12;18034;8958178,97;5444;1863;122;1711;119
3918;2023-12-01;5214838;NOVA CRIXÁS;52;GOIÁS;CO;CENTRO-OESTE;51497714,91;171650;15860656,25;13105;51844626,01;117780;16565889,2;45467;5924;477;6109;425
4446;2023-12-01;3501806;AMÉRICO DE CAMPOS;35;SÃO PAULO;SE;SUDESTE;24671196,63;67203;4766026,65;4174;23470253,85;43853;5093035,6;11044;3019;194;2942;185
2761;2023-12-01;3549102;SÃO JOÃO DA BOA VISTA;35;SÃO PAULO;SE;SUDESTE;328133081,07;1181462;262397489,58;119147;365058258,88;801902;253502827,9;245532;51534;4985;50730;4738
4468;2023-12-01;4211504;NOVA TRENTO;42;SANTA CATARINA;SU;SUL;33313266,83;121718;45398292,41;16247;38310412,7;72312;40021051,02;31495;6406;932;6157;929
4470;2023-12-01;2602803;BUÍQUE;26;PERNAMBUCO;NE;NORDESTE;67391260,13;428516;7995886,05;9607;65181952,52;293099;9677346,82;37154;16961;378;17220;353
2416;2023-12-01;2511707;PILÕEZINHOS;25;PARAÍBA;NE;NORDESTE;7892138,52;50404;447929,37;916;7669147,82;37752;603205,86;1791;1877;30;1949;27
3459;2023-12-01;2915908;ITANAGRA;29;BAHIA;NE;NORDESTE;14387865,33;130417;2710590,54;3232;14419219,23;83984;1774074,13;7399;3405;109;3453;90
1205;2023-12-01;3515194;ESPÍRITO SANTO DO TURVO;35;SÃO PAULO;SE;SUDESTE;10755975,25;74362;3418774,08;2896;11477211,66;40381;3201216,64;8122;2448;123;2456;109
1243;2023-12-01;4311791;MARATÁ;43;RIO GRANDE DO SUL;SU;SUL;3500001,38;15156;2693439,82;1609;4061144,7;9286;2821282,61;4240;971;109;888;111
1574;2023-12-01;2411205;SANTA CRUZ;24;RIO GRANDE DO NORTE;NE;NORDESTE;109088995,76;711351;29181387,91;29019;103656481,47;524873;27883721,5;106564;20641;869;20600;798
3685;2023-12-01;2703205;IGREJA NOVA;27;ALAGOAS;NE;NORDESTE;36372084,54;250714;2129589,01;2114;33015788,46;155680;4735842,99;7084;9473;115;9324;96
2099;2023-12-01;3534807;OURO VERDE;35;SÃO PAULO;SE;SUDESTE;16830382,64;120964;5140743,42;5220;17582122,29;66368;6353209,43;15019;3902;230;3895;221
272;2023-12-01;4107108;DIAMANTE DO NORTE;41;PARANÁ;SU;SUL;14947429,26;70937;11732505,27;4695;16390417,01;41619;13305619,04;16749;2879;167;2834;164
4487;2023-12-01;3121506;DESTERRO DO MELO;31;MINAS GERAIS;SE;SUDESTE;4498405,71;20637;1261188,96;709;4491023,75;16535;1137380,05;1477;1202;56;1158;65
4497;2023-12-01;2609501;NAZARÉ DA MATA;26;PERNAMBUCO;NE;NORDESTE;70306270,98;501293;13765392,94;13043;68780200,4;345949;30882211,54;45094;15697;429;15905;401
1457;2023-12-01;2400604;ALMINO AFONSO;24;RIO GRANDE DO NORTE;NE;NORDESTE;11022119,35;84239;1551695,5;1832;9979331,52;55189;1322098,64;5123;2551;75;2415;63
5973;2023-12-01;2516755;TENÓRIO;25;PARAÍBA;NE;NORDESTE;5228966,04;45695;1226874,72;1085;5075387,51;29743;662479,51;2682;1333;49;1356;40
1246;2023-12-01;5204706;CAMPINORTE;52;GOIÁS;CO;CENTRO-OESTE;51645081,76;199816;27994427,01;15170;50624775,92;119101;26204025,28;63295;6455;438;6553;440
3215;2023-12-01;3148509;PAVÃO;31;MINAS GERAIS;SE;SUDESTE;14604617,84;84484;5765248,85;2598;14497307,5;57776;5410078,21;8918;3345;120;3359;139
5920;2023-12-01;2903003;BARRA DO MENDES;29;BAHIA;NE;NORDESTE;20456769,47;148372;2893742,52;3610;20680716,15;96960;3214517,35;15681;6164;169;5975;169
3072;2024-01-01;2106904;MONÇÃO;21;MARANHÃO;NE;NORDESTE;35136028,88;354180;3728368,79;4166;30075478,34;211908;4536913,77;19711;11250;120;10791;116
3729;2024-01-01;2701100;BRANQUINHA;27;ALAGOAS;NE;NORDESTE;15644191,05;149422;1250282,67;1858;14567167,52;88974;1157437,19;4125;4603;62;4596;57
5586;2024-01-01;3517604;GUAPIARA;35;SÃO PAULO;SE;SUDESTE;36057316,44;209996;14086129,01;9316;36234387,65;119497;12942039,27;21765;8609;334;8395;317
2321;2024-01-01;5207600;FAZENDA NOVA;52;GOIÁS;CO;CENTRO-OESTE;15872691,13;62337;4272902,9;3057;15143704,28;39535;4893504,2;7834;2552;155;2452;154
1357;2024-01-01;5201405;APARECIDA DE GOIÂNIA;52;GOIÁS;CO;CENTRO-OESTE;2054785292,46;11233089;2210375849,46;866939;2201927980,13;7951137;2081049728,64;2006987;344245;25120;350829;23429
1382;2024-01-01;3202603;ICONHA;32;ESPÍRITO SANTO;SE;SUDESTE;33051108,57;144056;68471006,84;13575;33869022,26;91677;76378095,63;40759;6453;654;6154;622
4080;2024-01-01;2611309;POMBOS;26;PERNAMBUCO;NE;NORDESTE;62711263,24;326697;40715751,02;14492;62452810,29;249621;33854609,06;45855;11818;365;11760;330
1386;2024-01-01;5106182;NOVA LACERDA;51;MATO GROSSO;CO;CENTRO-OESTE;18829209,88;67397;10498623,96;5542;18372246,51;38362;13669821,11;15814;3135;201;2956;186
2320;2024-01-01;3542503;REGINÓPOLIS;35;SÃO PAULO;SE;SUDESTE;15426701,75;94284;4462116,74;4655;14889230,84;56280;3397210,0;9974;3507;217;3420;202
3809;2024-01-01;5202353;ARENÓPOLIS;52;GOIÁS;CO;CENTRO-OESTE;12410258,47;30367;2763671,48;2237;11969811,9;18674;5406844,96;6835;1485;91;1446;90
3747;2024-01-01;5214838;NOVA CRIXÁS;52;GOIÁS;CO;CENTRO-OESTE;46301542,87;158980;16578700,47;12605;45306873,79;104562;18410344,72;43465;5958;482;6073;436
1724;2024-01-01;2102200;BURITI;21;MARANHÃO;NE;NORDESTE;36644565,53;331807;4042976,44;4086;32757389,54;212470;3863850,78;22383;11488;146;10988;140
2591;2024-01-01;3104700;ATALÉIA;31;MINAS GERAIS;SE;SUDESTE;22088686,42;123911;3500535,07;3900;21357299,51;74645;3591810,07;12308;5505;187;5375;191
2589;2024-01-01;3165701;SENADOR FIRMINO;31;MINAS GERAIS;SE;SUDESTE;14437170,68;57512;5406526,29;4676;13652729,45;35115;5251522,75;12554;3129;240;2976;230
851;2024-01-01;3518107;GUARANTÃ;35;SÃO PAULO;SE;SUDESTE;13971665,49;99167;4329582,97;4715;13081947,11;55265;6168316,39;12212;3678;180;3562;185
1755;2024-01-01;4114401;MANGUEIRINHA;41;PARANÁ;SU;SUL;42515110,19;188483;29675743,94;16186;42183683,0;93465;29713017,22;39421;8634;685;8398;670
5551;2024-01-01;2926806;RIO DO ANTÔNIO;29;BAHIA;NE;NORDESTE;19146788,19;108292;3661875,4;3439;18386547,83;61220;3866432,38;11678;4630;159;4568;141
5582;2024-01-01;4113007;JUSSARA;41;PARANÁ;SU;SUL;15466479,4;86893;35628712,53;6078;13933617,27;45084;18038260,82;11960;3718;241;3525;235
5073;2024-01-01;4110409;INDIANÓPOLIS;41;PARANÁ;SU;SUL;10896594,77;55016;4397787,53;2459;9646173,47;31056;4306902,61;7158;2373;119;2273;119
4116;2024-01-01;3148509;PAVÃO;31;MINAS GERAIS;SE;SUDESTE;13044369,84;76251;4793972,87;2393;13151201,79;52269;3854915,6;6085;3350;127;3340;132
1739;2024-01-01;3540606;PORTO FELIZ;35;SÃO PAULO;SE;SUDESTE;161722776,17;907193;118161404,18;77815;171726383,1;472883;132580073,54;312398;32032;2598;31346;2464
4098;2024-01-01;2202778;COLÔNIA DO PIAUÍ;22;PIAUÍ;NE;NORDESTE;9477961,91;69948;1027587,86;1924;8984327,95;43628;811447,4;4720;2715;58;2825;59
1505;2024-01-01;2513943;SÃO DOMINGOS DO CARIRI;25;PARAÍBA;NE;NORDESTE;6128728,54;31823;314042,75;525;5587217,16;22515;383679,84;1565;1152;30;1115;29
3931;2024-01-01;2920601;MARAGOGIPE;29;BAHIA;NE;NORDESTE;70917734,62;618803;6953661,16;8595;69023926,96;436691;6434333,98;24035;18701;357;18651;351
4051;2024-01-01;1706001;COUTO MAGALHÃES;17;TOCANTINS;NO;NORTE;13354627,81;70764;14919255,34;3175;12526053,0;42100;21553840,74;9110;2332;105;2313;93
5631;2024-01-01;3536257;PARISI;35;SÃO PAULO;SE;SUDESTE;6165782,83;25592;2713583,49;1882;6487300,5;17124;2354842,21;3935;1199;78;1190;71
5634;2024-01-01;2107407;OLHO D'ÁGUA DAS CUNHÃS;21;MARANHÃO;NE;NORDESTE;37047111,43;305659;5132592,3;3585;34521675,05;185979;6564180,85;19864;8941;139;8551;132
3701;2024-01-01;4315602;RIO GRANDE;43;RIO GRANDE DO SUL;SU;SUL;540432139,99;3305269;366745744,53;234485;524304693,03;2145103;574673674,88;566410;124520;7664;122156;7235
2278;2024-01-01;2605509;FERREIROS;26;PERNAMBUCO;NE;NORDESTE;20289206,6;144739;2094545,46;2423;19063660,05;92649;2030744,14;7874;5138;136;5068;119
1573;2024-01-01;1718303;PRAIA NORTE;17;TOCANTINS;NO;NORTE;15703360,66;129947;905295,64;1716;14642629,35;82518;1093863,35;3682;3732;62;3783;60
3669;2024-01-01;2410306;SERRA CAIADA;24;RIO GRANDE DO NORTE;NE;NORDESTE;15809600,61;120237;5461864,24;5354;14893351,59;84163;4574143,56;15182;4112;142;4080;123
1149;2024-01-01;1501253;BANNACH;15;PARÁ;NO;NORTE;9892260,91;46048;1669047,76;998;9905560,35;25913;2313348,97;5447;1806;53;1730;55
4876;2024-01-01;2204550;GUARIBAS;22;PIAUÍ;NE;NORDESTE;8634878,42;58286;1035249,28;1050;7496244,11;34417;998423,85;2355;1880;58;1841;47
5272;2024-01-01;5220702;SÍTIO D'ABADIA;52;GOIÁS;CO;CENTRO-OESTE;4897774,88;29281;2620760,47;693;4633071,75;17941;2053745,07;2326;1186;38;1141;34
1217;2024-01-01;1506112;QUATIPURU;15;PARÁ;NO;NORTE;16887260,74;158626;2817649,21;3143;15872785,14;104698;3539361,9;8017;5285;112;5294;106
1160;2024-01-01;3169406;TRÊS PONTAS;31;MINAS GERAIS;SE;SUDESTE;178719807,3;638323;302320363,08;52989;203962181,36;425754;278818540,48;122828;28924;2198;28997;2139
3954;2024-01-01;3550803;SÃO SEBASTIÃO DA GRAMA;35;SÃO PAULO;SE;SUDESTE;21437833,09;93475;20137084,38;7603;21616992,19;56248;21690205,03;15621;4970;407;4867;410
3596;2024-01-01;2105658;JUNCO DO MARANHÃO;21;MARANHÃO;NE;NORDESTE;11199328,06;89903;1227887,14;2119;10035420,39;57725;1219567,46;5123;2703;41;2614;42
3914;2024-01-01;3144409;NATÉRCIA;31;MINAS GERAIS;SE;SUDESTE;7337332,68;25812;2903912,8;1973;7150772,21;15933;6314962,18;4632;1881;121;1739;118
1212;2024-01-01;3515194;ESPÍRITO SANTO DO TURVO;35;SÃO PAULO;SE;SUDESTE;9963244,74;68107;2694139,27;2761;10629905,85;35357;2820169,75;6888;2442;123;2446;103
5511;2024-01-01;3503307;ARARAS;35;SÃO PAULO;SE;SUDESTE;406877761,61;1784936;301715155,04;170302;414887823,27;1102865;300822664,06;505464;78290;6566;75983;6200
4845;2024-01-01;2602803;BUÍQUE;26;PERNAMBUCO;NE;NORDESTE;60773957,12;411794;8594477,84;9167;58536425,99;273117;12530807,17;36009;17219;379;17280;364
5597;2024-01-01;2112233;TRIZIDELA DO VALE;21;MARANHÃO;NE;NORDESTE;45103235,52;335055;19479304,67;13155;43294025,33;225328;14659539,56;39181;10140;369;10132;345
3141;2024-01-01;3170909;VARZELÂNDIA;31;MINAS GERAIS;SE;SUDESTE;34267921,29;242500;6546435,22;7283;31729066,45;149005;6824755,34;30960;9130;308;8737;293
1545;2024-01-01;3139003;MACHADO;31;MINAS GERAIS;SE;SUDESTE;112354836,66;403081;131350363,71;33612;129570137,72;260601;126448328,68;67462;20039;1621;19870;1530
2353;2024-01-01;3553906;TARABAI;35;SÃO PAULO;SE;SUDESTE;15711611,76;94824;5057027,12;4504;16582440,47;53486;4662775,45;10881;3725;215;3706;203
5709;2024-01-01;1701002;ANANÁS;17;TOCANTINS;NO;NORTE;27848012,98;216783;4920101,14;6720;26142724,94;130673;5368160,29;16296;5977;256;5868;235
3636;2024-01-01;4100400;ALMIRANTE TAMANDARÉ;41;PARANÁ;SU;SUL;287951809,46;2002028;192954405,63;129465;307447612,31;1166808;187200895,15;258598;69059;4406;69542;4240
1327;2024-01-01;4204194;CHAPADÃO DO LAGEADO;42;SANTA CATARINA;SU;SUL;5875474,83;17064;1452873,97;1365;5600732,97;8171;1951598,11;3950;1136;74;1004;75
3189;2024-01-01;5212501;LUZIÂNIA;52;GOIÁS;CO;CENTRO-OESTE;651585286,21;4013114;350872940,49;219546;672770874,71;2624517;318250703,34;585275;120417;6818;122756;6296
1021;2024-01-01;3520608;INDIANA;35;SÃO PAULO;SE;SUDESTE;12540682,24;62291;7851945,85;4630;12766079,56;37949;7394811,52;9180;2677;192;2621;194
1033;2024-01-01;2506103;FAGUNDES;25;PARAÍBA;NE;NORDESTE;15844018,39;123653;1978674,63;1950;16023859,85;89766;2220766,84;9058;4926;119;5006;100
3660;2024-01-01;4302584;BOZANO;43;RIO GRANDE DO SUL;SU;SUL;3078860,11;10931;1249294,07;709;3011937,2;5632;1091132,09;1251;757;45;678;47
1048;2024-01-01;2205540;LAGOINHA DO PIAUÍ;22;PIAUÍ;NE;NORDESTE;3515885,96;35105;2429545,55;393;3105387,24;21245;904653,14;2507;1078;20;1098;20
1290;2024-01-01;1702703;AURORA DO TOCANTINS;17;TOCANTINS;NO;NORTE;5655330,23;33842;934636,55;2641;5313225,3;22024;914660,72;6894;1417;72;1393;69
3714;2024-01-01;2704104;LAGOA DA CANOA;27;ALAGOAS;NE;NORDESTE;36105375,57;200440;4702936,26;3715;34138060,79;131724;3103709,29;11205;7830;145;7683;123
3127;2024-01-01;2203503;ELESBÃO VELOSO;22;PIAUÍ;NE;NORDESTE;18922221,69;170544;4510400,18;3149;17587495,26;108939;4762343,68;15714;6235;133;6099;131
1649;2024-01-01;4304408;CANELA;43;RIO GRANDE DO SUL;SU;SUL;166129588,12;820345;141439900,73;89391;180079337,07;471757;127432876,77;195356;29615;3595;29268;3437
5685;2024-01-01;2806503;SANTA ROSA DE LIMA;28;SERGIPE;NE;NORDESTE;6125210,42;67650;351727,23;624;6001044,26;42223;204740,0;1244;1964;28;1951;20
5026;2024-01-01;2931053;TANQUE NOVO;29;BAHIA;NE;NORDESTE;24830211,53;129455;7672767,67;6015;22917988,22;72646;9001112,86;16836;6013;334;5638;281
2456;2024-01-01;1600303;MACAPÁ;16;AMAPÁ;NO;NORTE;1576730011,46;12149724;1002469604,62;603222;1529081776,3;8680483;1013164749,23;1524009;316037;12921;312132;12233
2378;2024-01-01;4321857;TRÊS PALMEIRAS;43;RIO GRANDE DO SUL;SU;SUL;7927835,57;31076;3917453,76;2978;6935222,96;16851;4288434,59;7768;1909;162;1777;157
4027;2024-01-01;2915908;ITANAGRA;29;BAHIA;NE;NORDESTE;12377206,44;115819;2428738,16;2892;12082535,49;72998;1970998,06;6388;3440;113;3429;97
2112;2024-01-01;2400604;ALMINO AFONSO;24;RIO GRANDE DO NORTE;NE;NORDESTE;10470966,84;79284;1931018,13;1546;9136087,94;51799;1440867,99;5351;2577;74;2428;69
837;2024-01-01;2504207;CATINGUEIRA;25;PARAÍBA;NE;NORDESTE;7811076,03;57342;1348972,08;949;7964189,16;39046;834981,43;4371;2029;44;2053;39
278;2024-01-01;3110707;CAMBUQUIRA;31;MINAS GERAIS;SE;SUDESTE;24672348,69;139181;7114616,41;7783;26385599,48;88011;7471398,71;23522;6064;430;6118;434
297;2024-01-01;3123528;DURANDÉ;31;MINAS GERAIS;SE;SUDESTE;10793120,67;71052;3470174,53;3636;9201948,62;38533;2468052,88;7480;3310;170;3057;145
305;2024-01-01;2918506;JUSSARA;29;BAHIA;NE;NORDESTE;24405375,59;185299;2378422,81;3480;22955037,29;122611;2941358,2;8902;6854;145;6681;146
4464;2024-01-01;2302404;BOA VIAGEM;23;CEARÁ;NE;NORDESTE;92354452,81;627281;20052467,97;16450;86378244,19;445560;19852724,92;60688;22994;569;22616;534
343;2024-01-01;4215307;SALETE;42;SANTA CATARINA;SU;SUL;15224465,48;61005;46928753,62;7921;14783792,19;30959;41263811,57;15959;3823;500;3491;485
1964;2024-01-01;4219150;VARGEM;42;SANTA CATARINA;SU;SUL;4737973,17;18222;1495251,29;902;4616139,61;10023;1256673,07;1748;1124;62;1075;61
5409;2024-01-01;4309704;HUMAITÁ;43;RIO GRANDE DO SUL;SU;SUL;7850779,12;30246;3627036,77;1577;6495218,36;15739;3966329,71;6626;2081;171;1860;179
2752;2024-01-01;2703205;IGREJA NOVA;27;ALAGOAS;NE;NORDESTE;35337305,44;247026;2171817,13;2320;31624318,91;149024;4398542,64;5984;9626;115;9375;93
1928;2024-01-01;2307254;JIJOCA DE JERICOACOARA;23;CEARÁ;NE;NORDESTE;68221399,05;429840;45261076,91;66040;72947873,57;339640;44173223,92;208957;11529;1359;11328;1252
1758;2024-01-01;4106001;CONGONHINHAS;41;PARANÁ;SU;SUL;15880761,28;76166;5476319,37;3962;14839741,25;44373;5254617,25;11319;3704;202;3643;184
420;2024-01-01;3133204;ITANHOMI;31;MINAS GERAIS;SE;SUDESTE;25139552,41;97089;5716696,52;3444;29318563,49;62691;6547159,54;12612;5218;242;5208;265
4403;2024-01-01;1705508;COLINAS DO TOCANTINS;17;TOCANTINS;NO;NORTE;185069920,48;700451;97015560,79;53257;183328424,32;422292;104792084,27;156504;21054;1365;21227;1308
4388;2024-01-01;2801306;CAPELA;28;SERGIPE;NE;NORDESTE;56999182,24;445631;24222774,47;9447;55928792,0;281459;34029464,62;44990;14848;351;14859;324
5179;2024-01-01;1508159;URUARÁ;15;PARÁ;NO;NORTE;103453534,85;596669;40699695,52;33484;100278950,67;341246;42127595,87;132033;20765;719;20196;707
5426;2024-01-01;5002001;BATAYPORÃ;50;MATO GROSSO DO SUL;CO;CENTRO-OESTE;27294236,97;154162;13427974,49;11812;28992846,38;78127;9797985,22;29788;6078;390;5866;373
3304;2024-01-01;2608057;JATOBÁ;26;PERNAMBUCO;NE;NORDESTE;25848031,77;194103;5356399,85;3173;23249814,39;125117;5140383,91;12205;6669;123;6467;133
515;2024-01-01;2411205;SANTA CRUZ;24;RIO GRANDE DO NORTE;NE;NORDESTE;102866161,83;673736;27298107,3;25446;95304144,9;473944;25042478,24;94634;20765;864;20573;801
4960;2024-01-01;2703700;JARAMATAIA;27;ALAGOAS;NE;NORDESTE;10681233,72;66342;1721054,03;866;10140765,98;40652;1281411,15;2884;2452;32;2439;29
4731;2024-01-01;2414001;TANGARÁ;24;RIO GRANDE DO NORTE;NE;NORDESTE;34878979,9;251392;5904391,71;6008;32487528,64;187308;7125220,29;27884;7718;225;7560;207
4336;2024-01-01;2506004;ESPERANÇA;25;PARAÍBA;NE;NORDESTE;68531014,21;395416;47232513,47;22052;68473528,21;274454;46643694,41;58336;14553;909;14599;824
1871;2024-01-01;4200705;ALFREDO WAGNER;42;SANTA CATARINA;SU;SUL;22882685,02;69235;9545571,36;8581;24933960,2;43774;13099919,5;22660;4220;464;4023;462
2009;2024-01-01;3519055;HOLAMBRA;35;SÃO PAULO;SE;SUDESTE;88981966,83;227390;120909512,97;31194;90053542,83;130439;103308739,55;63592;9871;1236;9510;1172
551;2024-01-01;5204706;CAMPINORTE;52;GOIÁS;CO;CENTRO-OESTE;49940257,59;185438;20939866,33;14207;48215059,79;107940;18199528,4;55932;6510;449;6523;445
267;2024-01-01;4306353;DEZESSEIS DE NOVEMBRO;43;RIO GRANDE DO SUL;SU;SUL;3309806,04;15709;2525933,61;705;3014701,49;8162;2305624,06;1607;961;44;882;45
5168;2024-01-01;1503457;IPIXUNA DO PARÁ;15;PARÁ;NO;NORTE;44149813,17;358962;19137645,8;16263;41612117,59;225080;15669295,77;56496;11903;383;11569;374
4652;2024-01-01;2615904;TUPARETAMA;26;PERNAMBUCO;NE;NORDESTE;19779562,38;120271;4194941,14;2853;18546397,7;77752;3220476,87;10930;4294;120;4206;109
2124;2024-01-01;2108009;PASTOS BONS;21;MARANHÃO;NE;NORDESTE;34749218,4;310749;12469252,01;12211;31760596,95;189652;13240327,1;34321;8717;233;8459;221
2880;2024-01-01;3501806;AMÉRICO DE CAMPOS;35;SÃO PAULO;SE;SUDESTE;29788083,99;62088;3616448,64;4134;28433656,19;39033;4364471,71;9771;3030;194;2906;183
5356;2024-01-01;3524204;JABORANDI;35;SÃO PAULO;SE;SUDESTE;16170678,72;77116;6201208,47;4177;17569321,4;42665;4283918,11;10245;3400;225;3238;187
4660;2024-01-01;2903003;BARRA DO MENDES;29;BAHIA;NE;NORDESTE;18977572,91;133840;3146490,4;3532;17987242,71;84909;3130667,95;14838;6243;170;5956;170
2095;2024-01-01;2511707;PILÕEZINHOS;25;PARAÍBA;NE;NORDESTE;6933083,99;46969;355341,72;822;6414859,08;35014;412828,8;1789;1929;32;1951;25
2917;2024-01-01;4123303;SANTA CRUZ DE MONTE CASTELO;41;PARANÁ;SU;SUL;22883594,8;94018;10500758,47;7669;23374181,4;51461;9292814,64;20922;4268;321;4099;311
2134;2024-01-01;1702901;AXIXÁ DO TOCANTINS;17;TOCANTINS;NO;NORTE;28541996,74;192426;5785634,76;4487;28327154,51;124611;5398909,85;19700;6132;139;6204;148
3352;2024-01-01;3549102;SÃO JOÃO DA BOA VISTA;35;SÃO PAULO;SE;SUDESTE;308577344,59;1094871;274452198,61;111589;325732061,64;713564;285121521,85;224589;51872;5014;50566;4736
131;2024-01-01;4306502;DOM FELICIANO;43;RIO GRANDE DO SUL;SU;SUL;14946460,06;88069;4364161,8;4820;12706864,43;44180;4945816,22;15671;4807;249;4448;248
149;2024-01-01;4107108;DIAMANTE DO NORTE;41;PARANÁ;SU;SUL;12498009,01;61926;8354582,78;4313;26209678,11;34371;12367364,83;13601;2933;169;2814;159
2837;2024-01-01;4317251;SANTA TEREZA;43;RIO GRANDE DO SUL;SU;SUL;1835863,21;6373;465088,97;278;1731886,95;3082;452549,43;1030;550;37;479;43
2834;2024-01-01;2910750;FÁTIMA;29;BAHIA;NE;NORDESTE;33825618,09;201936;4813442,39;5030;33089131,07;136355;6213995,88;14636;7372;218;7172;193
2828;2024-01-01;1718402;PRESIDENTE KENNEDY;17;TOCANTINS;NO;NORTE;8575978,56;51498;10336609,01;2989;8295736,32;31958;10107379,37;7893;1780;83;1788;77
2824;2024-01-01;2304269;DEPUTADO IRAPUAN PINHEIRO;23;CEARÁ;NE;NORDESTE;13085360,93;82077;3897080,54;1775;12162164,81;56561;3483365,69;8257;3514;87;3366;85
2798;2024-01-01;3527256;LOURDES;35;SÃO PAULO;SE;SUDESTE;5560231,66;20702;465541,59;1148;5445517,09;12331;425755,01;3445;1064;46;1041;48
4535;2024-01-01;1718501;RECURSOLÂNDIA;17;TOCANTINS;NO;NORTE;7586393,1;54590;1420990,17;1091;7477835,74;30687;1250788,33;2712;1641;38;1633;30
225;2024-01-01;2907558;CATURAMA;29;BAHIA;NE;NORDESTE;7369566,12;48933;809952,1;688;6822457,33;28984;813938,45;2941;2344;65;2255;52
2025;2024-01-01;2702405;DELMIRO GOUVEIA;27;ALAGOAS;NE;NORDESTE;120858504,01;876595;28776450,6;30178;112822420,66;561477;28224428,57;104495;27347;1003;27533;932
3338;2024-01-01;2111078;SÃO JOÃO DO SOTER;21;MARANHÃO;NE;NORDESTE;23544400,59;197813;2047976,91;2098;18675924,29;117322;2455648,4;8169;6153;89;5979;82
4684;2024-01-01;4120309;PORTO VITÓRIA;41;PARANÁ;SU;SUL;4700326,28;26954;2818781,67;2214;5298665,81;15430;2488295,85;4041;1607;120;1589;124
4688;2024-01-01;2803203;ITAPORANGA D'AJUDA;28;SERGIPE;NE;NORDESTE;63982910,11;570925;18484140,77;14828;60781015,86;352390;47360637,5;66323;16993;473;17199;445
4316;2024-01-01;2207405;PALMEIRA DO PIAUÍ;22;PIAUÍ;NE;NORDESTE;11472591,98;69044;1233562,96;2421;9566485,53;40007;1288994,87;6799;2603;62;2552;62
2977;2024-01-01;4110052;IGUATU;41;PARANÁ;SU;SUL;4207974,78;21693;2730100,16;1191;3453999,54;11131;1491534,61;3282;1021;52;929;51
587;2024-01-01;3515806;FLORA RICA;35;SÃO PAULO;SE;SUDESTE;3294992,59;21547;452322,82;548;3121811,25;11004;470377,23;1118;808;20;772;23
673;2024-01-01;2200277;ALEGRETE DO PIAUÍ;22;PIAUÍ;NE;NORDESTE;13166568,94;75342;914980,38;1728;12053043,24;49448;1223874,8;4380;2371;53;2345;55
767;2024-01-01;4311734;MAMPITUBA;43;RIO GRANDE DO SUL;SU;SUL;5405917,77;21004;1193810,18;1068;5515310,12;12686;679352,94;2992;1124;52;1052;48
1825;2024-01-01;2926301;RIACHÃO DO JACUÍPE;29;BAHIA;NE;NORDESTE;88507918,44;507970;35284346,75;20209;88885985,54;347595;35499670,81;67491;16652;897;16718;839
4188;2024-01-01;3135308;JAPARAÍBA;31;MINAS GERAIS;SE;SUDESTE;8536963,63;42709;1909337,28;2016;8827216,86;22948;2118509,7;7008;1980;143;1843;132
2667;2024-01-01;1200054;ASSIS BRASIL;12;ACRE;NO;NORTE;11830486,21;75876;1972210,33;2500;12577150,1;46061;1630678,45;6914;2930;90;2900;77
3543;2024-01-01;3136306;JOÃO PINHEIRO;31;MINAS GERAIS;SE;SUDESTE;142758601,29;694033;128337581,97;54460;151206015,73;419445;126577242,07;144457;27010;2077;27172;1992
1840;2024-01-01;3534807;OURO VERDE;35;SÃO PAULO;SE;SUDESTE;16438942,38;116365;4095061,74;4564;16610321,04;60642;4975163,29;11850;3943;226;3882;211
4177;2024-01-01;3301157;CARDOSO MOREIRA;33;RIO DE JANEIRO;SE;SUDESTE;25445963,13;170653;33689648,2;6394;24012341,57;103981;21072373,55;21934;6479;362;6360;351
602;2024-01-01;5106703;PONTE BRANCA;51;MATO GROSSO;CO;CENTRO-OESTE;5086845,54;24951;1252348,81;1595;21077047,25;15186;1242804,45;3226;892;53;890;55
751;2024-01-01;3103108;ANTÔNIO PRADO DE MINAS;31;MINAS GERAIS;SE;SUDESTE;2739590,46;15007;399998,97;390;2683491,45;10573;395017,3;932;734;28;692;28
4189;2024-01-01;5219704;SANTA TEREZINHA DE GOIÁS;52;GOIÁS;CO;CENTRO-OESTE;39811039,16;124967;10879094,9;10997;41177619,05;85245;11532462,95;32796;4916;342;4958;352
591;2024-01-01;4311791;MARATÁ;43;RIO GRANDE DO SUL;SU;SUL;3308757,16;13203;2193346,44;1365;3594256,02;8095;3110155,28;3201;988;108;845;109
5560;2024-01-01;2210201;SÃO JOSÉ DO PIAUÍ;22;PIAUÍ;NE;NORDESTE;8142823,76;67344;914861,14;932;7878947,62;41209;1154623,55;3382;2649;43;2572;41
4956;2024-01-01;2202075;CAJAZEIRAS DO PIAUÍ;22;PIAUÍ;NE;NORDESTE;3879273,7;36664;1673883,87;648;3593706,35;21952;1851575,37;1990;1258;25;1284;26
3300;2024-01-01;2100832;APICUM-AÇU;21;MARANHÃO;NE;NORDESTE;26706436,69;229747;3635547,82;4486;25179571,43;154624;4751229,36;13456;6804;116;6583;118
817;2024-01-01;2205151;JACOBINA DO PIAUÍ;22;PIAUÍ;NE;NORDESTE;7558228,99;49534;1736908,13;2207;6770012,29;32172;2735612,27;6858;1810;67;1774;54
741;2024-01-01;3156809;SABINÓPOLIS;31;MINAS GERAIS;SE;SUDESTE;29183905,62;137288;7126047,05;6255;29064410,72;83391;6332898,66;21290;6653;289;6647;292
2677;2024-01-01;2913705;INHAMBUPE;29;BAHIA;NE;NORDESTE;69183614,09;500083;27942786,99;19043;68420455,47;311364;25579902,27;55003;16981;659;17178;640
783;2024-01-01;3165800;SENADOR JOSÉ BENTO;31;MINAS GERAIS;SE;SUDESTE;3397119,17;10085;557504,26;655;3335323,03;6104;461125,77;1138;665;35;630;31
4265;2024-01-01;2300408;AIUABA;23;CEARÁ;NE;NORDESTE;20489603,39;179322;1409034,31;3262;19339819,48;125252;1536676,4;10038;6164;137;5928;127
1336;2024-02-01;5106703;PONTE BRANCA;51;MATO GROSSO;CO;CENTRO-OESTE;4971262,82;26411;1377566,96;1742;20312595,07;15738;1291711,04;3160;892;56;897;56
5944;2024-02-01;5002001;BATAYPORÃ;50;MATO GROSSO DO SUL;CO;CENTRO-OESTE;26860051,68;156217;15961062,0;12130;26670853,5;80592;26528509,72;30281;6081;407;5914;389
897;2024-02-01;4317251;SANTA TEREZA;43;RIO GRANDE DO SUL;SU;SUL;1669891,03;6473;286614,1;301;1563852,96;3186;401377,45;1000;550;43;486;46
177;2024-02-01;4306502;DOM FELICIANO;43;RIO GRANDE DO SUL;SU;SUL;16791916,35;87485;4892146,42;4705;14808863,5;44177;5240263,84;15591;4840;256;4416;254
3847;2024-02-01;2602803;BUÍQUE;26;PERNAMBUCO;NE;NORDESTE;57800113,91;406592;8373501,12;8779;56309887,76;270524;9555905,6;34678;17371;383;17417;358
1329;2024-02-01;2605509;FERREIROS;26;PERNAMBUCO;NE;NORDESTE;19150349,86;143260;2499041,88;2643;18098673,29;95263;2086666,78;8533;5193;136;5102;121
4771;2024-02-01;2207405;PALMEIRA DO PIAUÍ;22;PIAUÍ;NE;NORDESTE;9967439,83;69627;987014,81;2225;9061253,49;39410;1273462,46;7279;2640;70;2595;67
2804;2024-02-01;1600303;MACAPÁ;16;AMAPÁ;NO;NORTE;1526436761,28;12080086;979904174,09;596339;1517119771,03;8641706;999709927,36;1525728;316943;13020;313150;12333
910;2024-02-01;4200705;ALFREDO WAGNER;42;SANTA CATARINA;SU;SUL;23540502,48;69352;10783366,97;8704;30275911,09;44042;12403997,34;22864;4277;476;4123;477
4200;2024-02-01;1718402;PRESIDENTE KENNEDY;17;TOCANTINS;NO;NORTE;8486562,2;53817;8589265,09;3096;8940439,83;32678;6526159,94;7853;1792;88;1776;78
4532;2024-02-01;2204550;GUARIBAS;22;PIAUÍ;NE;NORDESTE;8889474,17;58012;1134615,47;1113;7901849,65;35422;1003308,88;2372;1900;55;1893;52
5126;2024-02-01;3549102;SÃO JOÃO DA BOA VISTA;35;SÃO PAULO;SE;SUDESTE;292774700,79;1107249;281892567,74;111118;323878214,27;728152;282422829,02;227570;52230;5024;50796;4844
230;2024-02-01;2907558;CATURAMA;29;BAHIA;NE;NORDESTE;7677063,43;48867;637226,02;678;7235460,32;28712;612946,37;2350;2351;61;2285;61
712;2024-02-01;2205540;LAGOINHA DO PIAUÍ;22;PIAUÍ;NE;NORDESTE;4189118,45;34309;2848646,21;329;4586613,64;20982;975385,9;2452;1113;19;1125;21
2569;2024-02-01;3503307;ARARAS;35;SÃO PAULO;SE;SUDESTE;385331386,2;1775966;300500841,66;169833;402469297,59;1120731;307473227,04;516845;78748;6614;76189;6293
5292;2024-02-01;1503457;IPIXUNA DO PARÁ;15;PARÁ;NO;NORTE;45939485,87;363053;16400431,25;16414;42746748,02;227509;13967782,31;56628;12034;379;11747;381
84;2024-02-01;3165800;SENADOR JOSÉ BENTO;31;MINAS GERAIS;SE;SUDESTE;3006087,14;10123;373059,65;466;2881771,33;7195;770844,67;806;652;33;634;35
120;2024-02-01;3103108;ANTÔNIO PRADO DE MINAS;31;MINAS GERAIS;SE;SUDESTE;2772873,65;16147;174545,93;384;2737929,79;11474;211749,7;1261;747;32;705;28
2325;2024-02-01;2513943;SÃO DOMINGOS DO CARIRI;25;PARAÍBA;NE;NORDESTE;5247254,49;30305;329034,52;611;4994515,11;21490;395902,56;1465;1152;29;1113;29
1458;2024-02-01;5201405;APARECIDA DE GOIÂNIA;52;GOIÁS;CO;CENTRO-OESTE;2016005892,03;11261995;2127378672,25;857544;2184323696,82;8003760;1971699886,82;2022862;346547;25368;353351;23664
805;2024-02-01;4215307;SALETE;42;SANTA CATARINA;SU;SUL;14610931,24;59896;48554378,91;8522;14838773,22;31857;42101373,77;17284;3848;515;3541;508
790;2024-02-01;3156809;SABINÓPOLIS;31;MINAS GERAIS;SE;SUDESTE;27873894,52;134868;6531652,04;6355;27690221,37;82464;6372651,31;20754;6639;293;6674;304
36;2024-02-01;3518107;GUARANTÃ;35;SÃO PAULO;SE;SUDESTE;13870169,65;100805;4363096,01;4918;13256613,97;56350;6607428,23;12576;3728;181;3569;185
1451;2024-02-01;3515194;ESPÍRITO SANTO DO TURVO;35;SÃO PAULO;SE;SUDESTE;9651968,64;63637;3174657,67;2702;9582585,2;33509;3378563,32;6375;2474;129;2450;115
1435;2024-02-01;3520608;INDIANA;35;SÃO PAULO;SE;SUDESTE;13355383,15;64509;7385394,27;4754;13588213,96;39240;5699016,32;9894;2693;200;2642;191
3782;2024-02-01;2409407;PAU DOS FERROS;24;RIO GRANDE DO NORTE;NE;NORDESTE;88099151,85;521685;33203983,7;23993;81962213,7;366804;42872399,75;108521;17004;987;16603;933
5084;2024-02-01;4309704;HUMAITÁ;43;RIO GRANDE DO SUL;SU;SUL;7834435,7;31226;3967625,55;1618;8010169,41;16431;3718973,21;6384;2107;165;1826;186
5150;2024-02-01;2926301;RIACHÃO DO JACUÍPE;29;BAHIA;NE;NORDESTE;87556333,92;506944;32157881,53;19460;86725395,22;344820;30773600,41;66639;16633;897;16779;852
5152;2024-02-01;4127304;TERRA RICA;41;PARANÁ;SU;SUL;41929955,03;178222;11216437,8;11538;46341303,94;101709;12472441,38;34696;7926;519;7795;507
3788;2024-02-01;2511707;PILÕEZINHOS;25;PARAÍBA;NE;NORDESTE;6930419,47;46333;398971,52;913;6579604,74;34389;384447,87;1840;1946;36;1957;31
4628;2024-02-01;5214838;NOVA CRIXÁS;52;GOIÁS;CO;CENTRO-OESTE;45313046,72;158884;14708934,64;12353;43293250,95;105280;15591519,02;42351;6009;472;6106;424
74;2024-02-01;3133204;ITANHOMI;31;MINAS GERAIS;SE;SUDESTE;25539255,41;99596;5105936,1;3335;29750747,83;64630;5769244,43;12891;5267;253;5251;263
4622;2024-02-01;2311900;SABOEIRO;23;CEARÁ;NE;NORDESTE;25560540,94;164748;2454512,29;2881;24078636,03;123284;2431016,59;11796;6433;110;6258;100
2335;2024-02-01;2703205;IGREJA NOVA;27;ALAGOAS;NE;NORDESTE;34512137,0;237744;2199309,6;2066;31828508,03;145623;4841421,45;6252;9618;116;9432;97
5042;2024-02-01;2703700;JARAMATAIA;27;ALAGOAS;NE;NORDESTE;9952890,9;64464;1003601,91;737;9478530,85;39965;777746,03;2462;2440;31;2446;28
5961;2024-02-01;3522307;ITAPETININGA;35;SÃO PAULO;SE;SUDESTE;443394288,34;2510089;331353865,47;192410;465410604,72;1488634;315960623,67;431525;94920;6723;92229;6326
2863;2024-02-01;4123303;SANTA CRUZ DE MONTE CASTELO;41;PARANÁ;SU;SUL;22034138,98;95927;11318258,28;7738;22338551,4;53542;10582634,93;21753;4314;324;4120;320
5213;2024-02-01;2410306;SERRA CAIADA;24;RIO GRANDE DO NORTE;NE;NORDESTE;15575571,05;119864;5893189,27;5074;14657204,15;82977;5515670,57;14888;4161;144;4158;127
2573;2024-02-01;3170909;VARZELÂNDIA;31;MINAS GERAIS;SE;SUDESTE;33723642,14;243650;6175153,43;6960;32080034,19;147664;6216408,9;28023;9229;306;8837;296
2570;2024-02-01;2701100;BRANQUINHA;27;ALAGOAS;NE;NORDESTE;15707016,77;146935;1240062,92;1804;14586022,81;88454;908566,96;4524;4634;68;4647;57
3872;2024-02-01;2102200;BURITI;21;MARANHÃO;NE;NORDESTE;34726285,42;319693;3574711,09;4090;30438831,26;204677;3062791,69;22012;11475;143;10937;143
936;2024-02-01;4204194;CHAPADÃO DO LAGEADO;42;SANTA CATARINA;SU;SUL;5873361,41;17570;1564843,89;1541;7178015,87;8792;1792001,49;3961;1149;74;1023;77
1269;2024-02-01;2702405;DELMIRO GOUVEIA;27;ALAGOAS;NE;NORDESTE;116697861,87;873433;26845821,27;28568;110770688,49;558014;26231615,48;99913;27487;1012;27677;920
4415;2024-02-01;4100400;ALMIRANTE TAMANDARÉ;41;PARANÁ;SU;SUL;290079616,77;2031889;193105654,96;135729;315973464,61;1208362;178276749,74;271091;69592;4504;69972;4342
1165;2024-02-01;4106001;CONGONHINHAS;41;PARANÁ;SU;SUL;15306311,29;79291;4803555,68;3618;15440013,38;46167;4059523,28;10796;3747;204;3669;193
423;2024-02-01;5204706;CAMPINORTE;52;GOIÁS;CO;CENTRO-OESTE;45716052,09;185766;17713855,85;14466;45789725,69;111792;15344189,83;57112;6529;451;6610;445
3965;2024-02-01;3148509;PAVÃO;31;MINAS GERAIS;SE;SUDESTE;12507546,79;76399;4378778,69;2144;12486796,8;51197;3475192,8;5705;3360;121;3312;122
465;2024-02-01;3110707;CAMBUQUIRA;31;MINAS GERAIS;SE;SUDESTE;22134692,08;136209;7089712,34;7583;23391216,96;86463;6869352,64;23694;6138;431;6135;432
5667;2024-02-01;4317004;SANTANA DA BOA VISTA;43;RIO GRANDE DO SUL;SU;SUL;10240850,69;51313;2609256,61;2739;9065529,61;28281;2483469,04;9702;3133;160;2842;153
475;2024-02-01;1702901;AXIXÁ DO TOCANTINS;17;TOCANTINS;NO;NORTE;27557483,4;197317;3896522,98;4600;25900709,12;127122;4721843,43;19049;6168;149;6199;141
476;2024-02-01;4219150;VARGEM;42;SANTA CATARINA;SU;SUL;4262130,12;18644;1312686,05;935;4552548,58;10545;1093078,32;1953;1128;64;1081;61
5800;2024-02-01;4110409;INDIANÓPOLIS;41;PARANÁ;SU;SUL;10017631,21;54278;6442394,93;2498;9839061,61;30743;6147628,16;7444;2390;119;2265;120
2678;2024-02-01;2913705;INHAMBUPE;29;BAHIA;NE;NORDESTE;70345782,84;494970;26959588,54;17723;71411677,89;306018;23640059,87;54782;17077;660;17321;637
982;2024-02-01;3202603;ICONHA;32;ESPÍRITO SANTO;SE;SUDESTE;31808289,32;142760;56292059,69;12998;33173841,31;89454;60468588,37;39925;6496;650;6177;624
1118;2024-02-01;2307254;JIJOCA DE JERICOACOARA;23;CEARÁ;NE;NORDESTE;62662785,77;398973;40154481,42;56901;63273160,54;291113;34855219,05;171918;11570;1332;11332;1228
5707;2024-02-01;2312106;SANTANA DO CARIRI;23;CEARÁ;NE;NORDESTE;23822237,04;212424;1652134,03;3532;23416280,49;135923;2442812,98;11648;7836;108;7593;106
5822;2024-02-01;4321600;TRAMANDAÍ;43;RIO GRANDE DO SUL;SU;SUL;169236141,99;1011289;99563823,09;105086;182435296,42;673978;83437655,36;301146;31678;3060;31390;2859
1097;2024-02-01;2504207;CATINGUEIRA;25;PARAÍBA;NE;NORDESTE;7303074,84;53678;1034562,5;759;7421388,02;38799;784742,94;3151;2036;43;2081;36
3997;2024-02-01;3165206;SÃO TOMÉ DAS LETRAS;31;MINAS GERAIS;SE;SUDESTE;11664236,11;64320;9100569,89;11717;13290752,32;48927;8061552,01;34536;3064;505;3140;477
542;2024-02-01;2411205;SANTA CRUZ;24;RIO GRANDE DO NORTE;NE;NORDESTE;96956136,39;667572;26002054,46;25695;91778310,95;468088;23994581,31;92805;20976;861;20763;809
5108;2024-02-01;5219704;SANTA TEREZINHA DE GOIÁS;52;GOIÁS;CO;CENTRO-OESTE;42484239,18;126579;10158265,73;10712;41692481,49;85951;12025944,26;32766;4871;345;4924;346
4831;2024-02-01;2931053;TANQUE NOVO;29;BAHIA;NE;NORDESTE;23966449,56;132724;7771464,05;5796;21987911,09;76035;8749834,58;15826;6149;337;5722;301
5689;2024-02-01;5212501;LUZIÂNIA;52;GOIÁS;CO;CENTRO-OESTE;652462732,19;4045266;344915916,91;215617;678785853,61;2671141;305325935,87;585845;121039;6899;123561;6425
2711;2024-02-01;1702703;AURORA DO TOCANTINS;17;TOCANTINS;NO;NORTE;5867919,06;37430;1007369,67;2574;5549485,19;22751;838565,01;6582;1428;75;1397;71
559;2024-02-01;4311734;MAMPITUBA;43;RIO GRANDE DO SUL;SU;SUL;5901786,1;20927;1027334,41;791;5662576,21;12543;722205,96;2839;1129;50;1068;46
2995;2024-02-01;3501806;AMÉRICO DE CAMPOS;35;SÃO PAULO;SE;SUDESTE;17002272,49;62033;3546151,58;4230;18995168,05;39292;4186060,97;9756;3046;206;2899;193
5927;2024-02-01;3152131;PONTO CHIQUE;31;MINAS GERAIS;SE;SUDESTE;7157709,43;54060;1729301,47;1789;6890395,53;31739;1286599,84;6478;1938;71;1954;72
2430;2024-02-01;2200277;ALEGRETE DO PIAUÍ;22;PIAUÍ;NE;NORDESTE;11933552,54;75849;843404,5;1742;11233560,59;49386;1039835,68;4030;2358;55;2343;52
405;2024-02-01;3123528;DURANDÉ;31;MINAS GERAIS;SE;SUDESTE;10342100,1;69977;2937403,52;3505;10467120,98;37675;1829192,56;7622;3334;162;3043;135
4810;2024-02-01;2506004;ESPERANÇA;25;PARAÍBA;NE;NORDESTE;65067866,03;393416;48404313,63;21278;65455696,67;277705;47989284,64;58817;14600;929;14759;825
3883;2024-02-01;3165701;SENADOR FIRMINO;31;MINAS GERAIS;SE;SUDESTE;12795448,1;57325;5740889,06;4670;12725427,57;36415;6281803,68;13707;3153;243;3009;249
3099;2024-02-01;3136306;JOÃO PINHEIRO;31;MINAS GERAIS;SE;SUDESTE;151183824,25;697704;110723641,83;53815;149544009,93;425378;108500091,42;139825;27168;2096;27298;2003
2669;2024-02-01;2203503;ELESBÃO VELOSO;22;PIAUÍ;NE;NORDESTE;19206563,69;174470;4621694,41;2996;18296661,54;106795;4809320,9;15182;6260;140;6131;129
282;2024-02-01;4107108;DIAMANTE DO NORTE;41;PARANÁ;SU;SUL;12353028,83;63623;10786437,97;4718;12771076,8;36103;13889221,54;14003;2900;173;2856;158
285;2024-02-01;3534807;OURO VERDE;35;SÃO PAULO;SE;SUDESTE;16375932,2;112639;3886740,68;4857;16285231,96;61135;8364949,79;12639;4007;222;3949;214
2535;2024-02-01;5207600;FAZENDA NOVA;52;GOIÁS;CO;CENTRO-OESTE;15238760,4;61088;4838267,26;3066;13761012,18;39791;5136883,89;7950;2583;164;2504;155
5730;2024-02-01;3536257;PARISI;35;SÃO PAULO;SE;SUDESTE;6893588,35;27116;2023349,06;1820;7012484,6;17499;1487646,13;3939;1230;77;1199;71
2961;2024-02-01;3519055;HOLAMBRA;35;SÃO PAULO;SE;SUDESTE;84525433,87;223476;107828458,8;30763;81178459,45;131939;96250220,46;64157;9960;1263;9601;1177
3908;2024-02-01;4302584;BOZANO;43;RIO GRANDE DO SUL;SU;SUL;3214313,16;11553;1666848,96;818;3178622,27;5966;1341063,82;1335;752;43;686;50
410;2024-02-01;4306353;DEZESSEIS DE NOVEMBRO;43;RIO GRANDE DO SUL;SU;SUL;2822176,47;15190;3059118,09;765;2519528,59;7437;2561790,34;1698;972;43;888;44
4867;2024-02-01;2804300;MURIBECA;28;SERGIPE;NE;NORDESTE;13254064,66;93710;3915618,27;2484;13043715,48;59387;5134019,0;5918;3484;61;3441;57
4069;2024-02-01;2100832;APICUM-AÇU;21;MARANHÃO;NE;NORDESTE;25820949,79;230617;3651407,4;4244;24711996,99;157676;4051437,92;13605;6983;112;6734;107
5795;2024-02-01;4105201;CERRO AZUL;41;PARANÁ;SU;SUL;33539252,8;248439;11309800,08;9859;34430159,43;122085;10571896,36;20896;8717;362;8257;336
4448;2024-02-01;4304408;CANELA;43;RIO GRANDE DO SUL;SU;SUL;169945498,31;819333;119712931,92;83439;173801709,05;461083;113662084,42;182723;29851;3602;29352;3462
388;2024-02-01;1718303;PRAIA NORTE;17;TOCANTINS;NO;NORTE;14405620,16;126113;813109,14;1415;13998517,62;79569;976416,8;3449;3744;59;3765;60
1208;2024-02-01;2205151;JACOBINA DO PIAUÍ;22;PIAUÍ;NE;NORDESTE;7775040,7;50616;2469296,6;2835;7093545,97;31457;1678073,48;7629;1830;67;1793;59
4252;2024-02-01;2608057;JATOBÁ;26;PERNAMBUCO;NE;NORDESTE;24801355,48;191733;4866610,73;2905;21708444,33;123997;4844983,17;11667;6736;145;6502;124
4436;2024-02-01;4110052;IGUATU;41;PARANÁ;SU;SUL;4275382,76;21648;2295731,61;1107;3767432,38;11201;1748238,48;3346;1021;55;943;51
2498;2024-02-01;3540606;PORTO FELIZ;35;SÃO PAULO;SE;SUDESTE;153279935,49;854946;112435145,97;78153;165388868,02;479115;113334071,79;202080;32209;2638;31493;2508
5880;2024-02-01;2203420;DOMINGOS MOURÃO;22;PIAUÍ;NE;NORDESTE;5759095,96;47627;435659,09;749;5056028,1;29447;392175,55;1912;1752;31;1714;24
2751;2024-02-01;2304269;DEPUTADO IRAPUAN PINHEIRO;23;CEARÁ;NE;NORDESTE;13163622,67;80808;4145892,35;1842;12634193,82;56544;3863958,3;8118;3394;89;3372;87
4751;2024-02-01;2106904;MONÇÃO;21;MARANHÃO;NE;NORDESTE;34460236,39;353344;3169160,58;4365;30228428,69;213111;3721983,68;20232;11390;110;10941;108
1474;2024-02-01;2918506;JUSSARA;29;BAHIA;NE;NORDESTE;23996504,74;186715;1960337,42;3210;23181818,64;120270;2335520,0;8311;6945;140;6752;143
1079;2024-02-01;2506103;FAGUNDES;25;PARAÍBA;NE;NORDESTE;15104082,75;120213;1668058,64;1857;15498777,04;85012;1741686,35;8214;4994;115;5049;100
1536;2024-02-01;5106182;NOVA LACERDA;51;MATO GROSSO;CO;CENTRO-OESTE;18846547,25;71517;10341763,96;5297;24700940,65;39956;10089998,67;15883;3162;215;3015;196
3350;2024-02-01;2105658;JUNCO DO MARANHÃO;21;MARANHÃO;NE;NORDESTE;10765790,85;89387;1401928,59;2176;10079457,1;57636;1261955,11;4866;2712;45;2663;38
2160;2024-02-01;4321857;TRÊS PALMEIRAS;43;RIO GRANDE DO SUL;SU;SUL;8281768,37;31468;3957181,85;2959;7705382,64;16638;4081264,2;8027;1949;172;1788;164
3349;2024-02-01;1705508;COLINAS DO TOCANTINS;17;TOCANTINS;NO;NORTE;179577633,24;712637;106821663,69;55048;173364518,48;437667;103934887,61;160151;21192;1366;21407;1312
3268;2024-02-01;2915908;ITANAGRA;29;BAHIA;NE;NORDESTE;12182915,12;113830;2428273,24;2901;12254754,09;73682;1711242,53;6754;3460;117;3473;101
1594;2024-02-01;3169406;TRÊS PONTAS;31;MINAS GERAIS;SE;SUDESTE;179033207,21;646045;285643592,78;52059;204795150,43;430806;275542337,68;123100;29102;2237;29251;2188
1694;2024-02-01;2108009;PASTOS BONS;21;MARANHÃO;NE;NORDESTE;34728219,67;314811;10519744,0;11790;32353970,72;195530;10380544,31;33618;8680;233;8525;223
3687;2024-02-01;2615904;TUPARETAMA;26;PERNAMBUCO;NE;NORDESTE;19163628,72;123354;3564483,97;2585;17773708,47;78261;2924999,45;10436;4291;117;4222;110
5328;2024-02-01;4120309;PORTO VITÓRIA;41;PARANÁ;SU;SUL;4666187,66;29248;3202425,21;2272;5693193,75;16407;2557710,07;4159;1631;114;1611;109
2254;2024-02-01;1506112;QUATIPURU;15;PARÁ;NO;NORTE;17349338,42;157543;2700305,61;2737;16361700,54;102516;3742049,97;7334;5335;111;5318;100
3546;2024-02-01;2704104;LAGOA DA CANOA;27;ALAGOAS;NE;NORDESTE;34517040,51;194010;4508197,03;3446;33633775,92;128019;3053508,88;12239;7865;155;7764;138
2067;2024-02-01;3139003;MACHADO;31;MINAS GERAIS;SE;SUDESTE;98688288,79;400499;122419529,9;33082;120040639,1;263262;131295411,16;69874;20138;1643;19980;1569
2166;2024-02-01;2400604;ALMINO AFONSO;24;RIO GRANDE DO NORTE;NE;NORDESTE;10050362,95;76759;1511900,64;1778;9009469,25;50393;1272962,77;5361;2577;78;2417;62
3439;2024-02-01;2302404;BOA VIAGEM;23;CEARÁ;NE;NORDESTE;90401234,52;620045;18692987,13;15455;84883350,24;436046;18618647,48;57650;22922;574;22637;550
5443;2024-02-01;2803203;ITAPORANGA D'AJUDA;28;SERGIPE;NE;NORDESTE;61348672,21;553761;33917548,37;13705;59836170,41;340286;59329069,81;52404;17071;475;17306;444
4971;2024-02-01;3135308;JAPARAÍBA;31;MINAS GERAIS;SE;SUDESTE;8744924,91;41090;1836652,91;1820;8894418,01;23883;2004343,58;8092;1964;151;1785;136
2051;2024-02-01;4315602;RIO GRANDE;43;RIO GRANDE DO SUL;SU;SUL;516564219,55;3228290;331402674,01;221898;504227889,76;2085447;424527020,85;547261;124908;7694;120999;7212
1889;2024-02-01;3144409;NATÉRCIA;31;MINAS GERAIS;SE;SUDESTE;6903293,69;25558;2328287,1;2095;6344799,45;16169;8258125,12;4621;1889;124;1763;133
5008;2024-02-01;3524204;JABORANDI;35;SÃO PAULO;SE;SUDESTE;18337925,09;77254;3722858,18;4395;17774637,44;43685;3442536,33;11105;3463;229;3302;206
2035;2024-02-01;3553906;TARABAI;35;SÃO PAULO;SE;SUDESTE;14871324,97;91617;5052028,74;4379;15391399,79;53863;5389181,1;10670;3732;210;3703;200
3588;2024-02-01;2211704;WALL FERRAZ;22;PIAUÍ;NE;NORDESTE;5490765,2;43067;795490,4;857;4938855,12;25655;600656,92;3818;1661;37;1629;34
2176;2024-02-01;4114401;MANGUEIRINHA;41;PARANÁ;SU;SUL;42900930,6;190951;34342853,7;15923;39605131,47;96674;33803833,74;40345;8750;687;8464;695
3321;2024-02-01;2910750;FÁTIMA;29;BAHIA;NE;NORDESTE;34989272,41;196791;6073340,06;4993;35508753,08;130933;7147548,03;14590;7287;211;7167;196
5305;2024-02-01;2414001;TANGARÁ;24;RIO GRANDE DO NORTE;NE;NORDESTE;33451234,41;248388;5731710,33;6164;31460422,27;184953;6726694,46;26005;7766;230;7607;208
2136;2024-02-01;2111078;SÃO JOÃO DO SOTER;21;MARANHÃO;NE;NORDESTE;22159212,76;201858;1652968,13;2475;19408530,66;119342;1908281,3;7827;6258;96;6103;85
4938;2024-02-01;2920601;MARAGOGIPE;29;BAHIA;NE;NORDESTE;70591459,54;623603;5771295,06;8480;68518449,64;438313;7002237,37;25720;18781;363;18688;355
3467;2024-02-01;1501253;BANNACH;15;PARÁ;NO;NORTE;9813803,87;44295;1552417,22;1421;9519203,12;26192;3131417,03;6660;1848;51;1765;55
5030;2024-02-01;3104106;ARCEBURGO;31;MINAS GERAIS;SE;SUDESTE;15292149,03;90968;22313085,46;7333;15194816,15;51853;32781814,47;20649;4274;305;4174;298
5336;2024-02-01;3114907;CASA GRANDE;31;MINAS GERAIS;SE;SUDESTE;4296784,29;12246;1229589,37;589;3985948,46;7626;857282,42;1474;929;47;857;39
1662;2024-02-01;3515806;FLORA RICA;35;SÃO PAULO;SE;SUDESTE;3693381,18;21707;345240,48;389;3491551,49;11257;324409,47;1051;807;21;777;22
3375;2024-02-01;3527256;LOURDES;35;SÃO PAULO;SE;SUDESTE;4392250,45;19340;590291,58;1262;5004718,43;11827;481818,72;3209;1097;49;1052;48
1670;2024-02-01;3104700;ATALÉIA;31;MINAS GERAIS;SE;SUDESTE;21026027,91;122983;3068006,78;3609;21194292,86;74564;3059428,24;11948;5494;189;5392;192
3315;2024-02-01;2300408;AIUABA;23;CEARÁ;NE;NORDESTE;20356709,27;176121;1295701,14;3305;18789086,01;122266;1440364,5;9622;6189;137;5964;125
1491;2024-02-01;4311791;MARATÁ;43;RIO GRANDE DO SUL;SU;SUL;3244021,52;13438;2283910,3;1323;3377493,2;9026;3056863,87;3396;998;111;843;107
2161;2024-02-01;3550803;SÃO SEBASTIÃO DA GRAMA;35;SÃO PAULO;SE;SUDESTE;22729286,45;95079;24583551,16;7600;23949634,0;56943;21678647,44;15134;5006;418;4870;413
1757;2024-02-01;3542503;REGINÓPOLIS;35;SÃO PAULO;SE;SUDESTE;14472703,9;94178;3836654,28;4559;14071502,47;57678;2833920,64;10095;3517;205;3429;199
3170;2024-03-01;3135308;JAPARAÍBA;31;MINAS GERAIS;SE;SUDESTE;10892535,86;44365;1742204,14;2152;10685668,3;25229;2111663,56;8192;2024;164;1850;142
4729;2024-03-01;3165701;SENADOR FIRMINO;31;MINAS GERAIS;SE;SUDESTE;14323644,52;63515;5120216,96;4828;14355147,01;39304;5578760,6;13433;3221;249;3082;250
1879;2024-03-01;3519055;HOLAMBRA;35;SÃO PAULO;SE;SUDESTE;91209993,46;247925;109693738,49;33772;90821129,76;146074;98098505,17;71115;10018;1290;9739;1228
2723;2024-03-01;3553906;TARABAI;35;SÃO PAULO;SE;SUDESTE;17052456,78;103257;9465960,92;7959;18082221,71;60356;5195082,59;11322;3801;218;3784;204
4424;2024-03-01;3135001;JAGUARAÇU;31;MINAS GERAIS;SE;SUDESTE;7189442,88;49718;12755679,31;2907;7068575,51;29188;11465898,52;6551;1615;107;1596;94
2404;2024-03-01;4315602;RIO GRANDE;43;RIO GRANDE DO SUL;SU;SUL;561174508,52;3538230;353602754,87;239201;539078151,4;2241621;489976399,13;585995;126231;7847;122722;7293
1264;2024-03-01;3139003;MACHADO;31;MINAS GERAIS;SE;SUDESTE;106577059,53;445896;196621398,24;35624;122990409,14;292148;224760490,77;78650;20506;1681;20460;1612
2986;2024-03-01;2701100;BRANQUINHA;27;ALAGOAS;NE;NORDESTE;17314680,71;168435;963014,4;1840;16197712,99;98892;1002903,01;5718;4742;67;4752;59
450;2024-03-01;3110707;CAMBUQUIRA;31;MINAS GERAIS;SE;SUDESTE;25418357,25;157899;6574207,22;8329;25185327,79;97742;6686250,1;26026;6271;446;6270;436
437;2024-03-01;3133204;ITANHOMI;31;MINAS GERAIS;SE;SUDESTE;26899442,67;111341;6755065,15;3861;30891764,7;73523;5812620,55;13847;5361;259;5368;282
5874;2024-03-01;1504752;MOJUÍ DOS CAMPOS;15;PARÁ;NO;NORTE;15200667,2;64997;9346458,6;8521;14154692,51;41353;10668680,21;33083;1927;266;1867;278
3480;2024-03-01;2703700;JARAMATAIA;27;ALAGOAS;NE;NORDESTE;11694331,21;75389;1203026,38;752;11073194,88;47048;849799,72;2492;2508;33;2511;27
5867;2024-03-01;1508159;URUARÁ;15;PARÁ;NO;NORTE;116150591,79;686598;45135740,4;36407;116508057,57;398217;42169254,2;142653;21253;744;20839;707
1126;2024-03-01;5106182;NOVA LACERDA;51;MATO GROSSO;CO;CENTRO-OESTE;20512727,21;79880;11469633,88;5938;23118945,82;44575;8989667,94;17543;3210;213;3075;196
1250;2024-03-01;2504207;CATINGUEIRA;25;PARAÍBA;NE;NORDESTE;8490832,04;63453;1176486,65;896;8949349,57;50501;857283,25;3448;2105;45;2127;35
2399;2024-03-01;2111078;SÃO JOÃO DO SOTER;21;MARANHÃO;NE;NORDESTE;24634721,97;226955;1832079,7;3521;21476799,97;132764;1768881,38;10501;6378;96;6225;84
5452;2024-03-01;2804300;MURIBECA;28;SERGIPE;NE;NORDESTE;14084613,0;111122;4302893,4;2987;13537325,63;71350;4891750,76;6975;3615;65;3580;63
4713;2024-03-01;1706001;COUTO MAGALHÃES;17;TOCANTINS;NO;NORTE;12925651,23;84439;27355502,28;4170;12532900,06;51094;32493525,43;11582;2414;106;2389;101
3485;2024-03-01;4110052;IGUATU;41;PARANÁ;SU;SUL;4498799,71;26711;2140366,67;1151;4360719,69;13508;2007656,99;3707;1048;53;985;51
4161;2024-03-01;4100301;AGUDOS DO SUL;41;PARANÁ;SU;SUL;24991202,58;115593;26132072,96;12279;24589261,98;66120;24365995,36;25426;4248;362;4200;355
4387;2024-03-01;2704104;LAGOA DA CANOA;27;ALAGOAS;NE;NORDESTE;40475754,22;228390;5517090,11;3891;37944192,92;150388;3738248,75;12748;8091;150;7936;130
1923;2024-03-01;3549102;SÃO JOÃO DA BOA VISTA;35;SÃO PAULO;SE;SUDESTE;325340927,94;1231811;281144586,35;121449;352432659,71;811421;285742555,45;252788;53034;5159;51696;4871
833;2024-03-01;1718303;PRAIA NORTE;17;TOCANTINS;NO;NORTE;15838340,57;147476;943553,93;1525;15366810,12;94711;1836122,05;4325;3796;61;3837;60
1565;2024-03-01;3104700;ATALÉIA;31;MINAS GERAIS;SE;SUDESTE;22442175,59;140639;3570547,6;3781;22636937,82;84412;3321612,56;13432;5601;187;5517;196
5422;2024-03-01;3524204;JABORANDI;35;SÃO PAULO;SE;SUDESTE;18925241,21;85632;4069991,49;5282;18636818,65;48030;4300974,69;12024;3527;228;3359;208
4903;2024-03-01;3104106;ARCEBURGO;31;MINAS GERAIS;SE;SUDESTE;16534362,76;100991;26331150,97;8585;16869062,72;56162;37445090,66;23690;4371;301;4201;309
1226;2024-03-01;2506103;FAGUNDES;25;PARAÍBA;NE;NORDESTE;16887774,51;136665;1625612,27;2006;17042027,07;97552;1724282,21;8896;5143;116;5221;97
4221;2024-03-01;2602803;BUÍQUE;26;PERNAMBUCO;NE;NORDESTE;64141512,19;456867;7971472,17;9587;62287582,23;303960;8300841,99;39006;17790;391;17954;368
668;2024-03-01;3534807;OURO VERDE;35;SÃO PAULO;SE;SUDESTE;17593614,72;124159;4951922,53;5168;17095918,87;66965;6093588,98;14412;4055;231;3955;215
5799;2024-03-01;4123303;SANTA CRUZ DE MONTE CASTELO;41;PARANÁ;SU;SUL;23271391,3;110691;10625521,7;7991;24057833,99;62801;10412784,77;24052;4371;323;4204;316
4748;2024-03-01;2106904;MONÇÃO;21;MARANHÃO;NE;NORDESTE;38014218,76;397205;3099334,54;4670;33279119,71;237656;3003212,38;22734;11675;117;11234;124
3292;2024-03-01;1705508;COLINAS DO TOCANTINS;17;TOCANTINS;NO;NORTE;204123073,39;821304;120256353,14;61679;197688999,59;505374;120599750,05;184742;21502;1398;21800;1352
5797;2024-03-01;3522307;ITAPETININGA;35;SÃO PAULO;SE;SUDESTE;501378580,9;2814478;422280361,32;211378;521445630,93;1666522;398279738,27;483768;96360;6855;93895;6392
2670;2024-03-01;4317251;SANTA TEREZA;43;RIO GRANDE DO SUL;SU;SUL;1562007,4;6979;292940,23;300;1690682,93;3821;471851,72;1658;554;45;475;48
659;2024-03-01;3515806;FLORA RICA;35;SÃO PAULO;SE;SUDESTE;4190057,64;23792;474051,86;558;3487025,53;12512;443743,02;1292;815;25;791;28
684;2024-03-01;4215307;SALETE;42;SANTA CATARINA;SU;SUL;15499607,23;69186;57507243,1;9165;15636975,35;36981;51491009,51;19418;3880;517;3573;516
3246;2024-03-01;3527256;LOURDES;35;SÃO PAULO;SE;SUDESTE;4579219,9;22630;617752,94;1699;5051284,89;13861;566382,67;4031;1096;55;1077;52
4245;2024-03-01;4309704;HUMAITÁ;43;RIO GRANDE DO SUL;SU;SUL;9329318,95;33185;5290610,09;1895;7774291,37;16957;4304789,21;6762;2120;174;1900;186
4243;2024-03-01;2203420;DOMINGOS MOURÃO;22;PIAUÍ;NE;NORDESTE;6190391,08;53193;290692,45;723;5614436,57;33717;475890,07;2277;1770;31;1763;27
3948;2024-03-01;2200277;ALEGRETE DO PIAUÍ;22;PIAUÍ;NE;NORDESTE;13600454,52;83393;726360,78;1880;12834527,99;53587;881285,23;4184;2410;53;2409;48
4241;2024-03-01;2409407;PAU DOS FERROS;24;RIO GRANDE DO NORTE;NE;NORDESTE;97772581,15;582117;36980896,07;27911;90666815,53;404259;44106674,13;121598;17302;1017;16953;943
692;2024-03-01;2105658;JUNCO DO MARANHÃO;21;MARANHÃO;NE;NORDESTE;12376443,35;99957;1286851,55;2042;11800775,28;64267;918952,85;5020;2758;40;2708;34
1169;2024-03-01;4219150;VARGEM;42;SANTA CATARINA;SU;SUL;4953750,96;21238;1729753,11;974;5397653,7;11648;1718448,14;2300;1149;64;1090;61
5794;2024-03-01;2801306;CAPELA;28;SERGIPE;NE;NORDESTE;61572010,39;494011;17335491,1;10001;56750417,94;312766;18967347,69;49827;15168;362;15262;334
3033;2024-03-01;4114401;MANGUEIRINHA;41;PARANÁ;SU;SUL;50622218,13;211138;41949572,11;17791;46638834,92;107849;45781880,53;45220;8976;707;8820;682
654;2024-03-01;4311791;MARATÁ;43;RIO GRANDE DO SUL;SU;SUL;3793958,14;15100;2380532,95;1407;4066453,93;9078;3119010,93;3630;1004;111;889;113
3045;2024-03-01;2307254;JIJOCA DE JERICOACOARA;23;CEARÁ;NE;NORDESTE;64567413,43;435265;38214866,63;56950;63442087,47;307840;34511395,75;176397;11719;1336;11438;1205
5332;2024-03-01;3517604;GUAPIARA;35;SÃO PAULO;SE;SUDESTE;39985277,95;241327;16167641,92;10193;41099148,95;135875;14154076,22;25516;8856;327;8675;314
2716;2024-03-01;3144409;NATÉRCIA;31;MINAS GERAIS;SE;SUDESTE;8894312,0;28055;3400976,34;2459;7158446,8;17282;6732821,7;5052;1909;121;1776;125
4737;2024-03-01;2210201;SÃO JOSÉ DO PIAUÍ;22;PIAUÍ;NE;NORDESTE;9327945,38;75339;1005901,83;848;8732023,73;46519;1593883,52;4060;2703;48;2653;44
4957;2024-03-01;2903003;BARRA DO MENDES;29;BAHIA;NE;NORDESTE;20701713,64;156820;3305021,7;3441;20929741,32;97286;3370910,17;15340;6321;178;6104;178
1151;2024-03-01;1702901;AXIXÁ DO TOCANTINS;17;TOCANTINS;NO;NORTE;29900078,62;225978;3923435,04;5133;29491317,19;147068;4631146,46;23492;6245;139;6327;134
2438;2024-03-01;1506112;QUATIPURU;15;PARÁ;NO;NORTE;19058067,08;177977;2804853,09;2801;16547223,07;110243;3829908,95;7633;5461;107;5417;107
3159;2024-03-01;3542503;REGINÓPOLIS;35;SÃO PAULO;SE;SUDESTE;15586412,77;104695;4336585,42;5410;16022796,58;63562;3229828,63;11655;3607;211;3524;208
3245;2024-03-01;2204550;GUARIBAS;22;PIAUÍ;NE;NORDESTE;9102575,98;65604;982762,54;991;8053964,72;38513;868642,34;2633;1936;54;1897;54
1842;2024-03-01;3503307;ARARAS;35;SÃO PAULO;SE;SUDESTE;432597447,93;1974168;372658179,32;185011;445425360,19;1245171;322236529,98;572631;79860;6770;77752;6409
4955;2024-03-01;2103901;DUQUE BACELAR;21;MARANHÃO;NE;NORDESTE;14790364,55;163205;1075492,37;2109;13773851,68;99378;957897,84;5841;4670;59;4578;59
3537;2024-03-01;4106001;CONGONHINHAS;41;PARANÁ;SU;SUL;17861548,53;89059;4975330,09;4279;16914034,69;51925;8283909,35;12978;3803;203;3758;195
1211;2024-03-01;4304408;CANELA;43;RIO GRANDE DO SUL;SU;SUL;174084836,58;886683;127991126,93;92706;183566581,87;507839;110797908,97;210482;30246;3686;29780;3547
735;2024-03-01;2400604;ALMINO AFONSO;24;RIO GRANDE DO NORTE;NE;NORDESTE;10523342,87;85090;1609868,02;2571;9462313,93;53893;1522389,97;6235;2616;82;2478;70
5646;2024-03-01;2506004;ESPERANÇA;25;PARAÍBA;NE;NORDESTE;69517042,52;448220;44188986,55;23521;69293164,28;309293;42407967,96;67528;14960;957;15083;863
5785;2024-03-01;2100832;APICUM-AÇU;21;MARANHÃO;NE;NORDESTE;28720157,43;261753;4042938,06;4547;27267548,79;176479;4409939,53;14483;7141;120;6898;117
3961;2024-03-01;1600303;MACAPÁ;16;AMAPÁ;NO;NORTE;1683449656,28;13527532;1204205547,33;647340;1654335124,82;9633318;1173291373,06;1669152;320510;13253;317332;12602
2649;2024-03-01;3170909;VARZELÂNDIA;31;MINAS GERAIS;SE;SUDESTE;34878748,13;271744;6490873,6;7252;33297938,63;165858;6240531,08;30781;9478;305;9120;296
5640;2024-03-01;2300408;AIUABA;23;CEARÁ;NE;NORDESTE;21818265,99;195547;1320721,09;3500;20252919,43;135229;1528826,59;11043;6259;137;6068;124
5306;2024-03-01;3536257;PARISI;35;SÃO PAULO;SE;SUDESTE;6889815,37;30822;2805523,31;1977;7200965,45;20389;3055454,74;4310;1262;75;1242;66
2380;2024-03-01;1718402;PRESIDENTE KENNEDY;17;TOCANTINS;NO;NORTE;9980067,24;62157;11045572,01;3525;9500853,01;37358;4710730,02;8903;1809;84;1799;73
4838;2024-03-01;5212501;LUZIÂNIA;52;GOIÁS;CO;CENTRO-OESTE;710149493,89;4515380;358378439,86;239653;738509434,89;2943810;324575047,79;664079;123185;7033;125574;6533
2330;2024-03-01;4302584;BOZANO;43;RIO GRANDE DO SUL;SU;SUL;3385346,45;13249;2033088,38;981;2880426,35;6590;1578670,0;1404;766;42;666;47
4992;2024-03-01;2202075;CAJAZEIRAS DO PIAUÍ;22;PIAUÍ;NE;NORDESTE;4292120,77;41222;1121066,57;701;3938838,66;23767;839838,52;1953;1276;22;1318;23
1066;2024-03-01;5106703;PONTE BRANCA;51;MATO GROSSO;CO;CENTRO-OESTE;10395187,58;30149;1332544,95;1861;23613408,17;17373;1265509,4;3818;918;59;914;58
3269;2024-03-01;5214838;NOVA CRIXÁS;52;GOIÁS;CO;CENTRO-OESTE;50221242,73;182519;16649752,02;13245;48024048,04;120408;18856603,04;49586;6117;490;6217;441
5349;2024-03-01;2414001;TANGARÁ;24;RIO GRANDE DO NORTE;NE;NORDESTE;35525082,52;278775;5961540,95;6707;33886020,58;205213;6133833,21;29422;7869;233;7715;206
4907;2024-03-01;2608057;JATOBÁ;26;PERNAMBUCO;NE;NORDESTE;28165383,01;221712;4817144,63;3285;25683404,01;142021;4797769,65;12902;6871;141;6701;128
2836;2024-03-01;2913705;INHAMBUPE;29;BAHIA;NE;NORDESTE;75126111,79;557319;30782868,22;20209;76357887,83;344671;27753645,82;64733;17373;664;17658;652
127;2024-03-01;2907558;CATURAMA;29;BAHIA;NE;NORDESTE;8870726,54;56154;562608,33;695;8989077,8;34538;593179,99;2670;2433;62;2376;58
2319;2024-03-01;2915908;ITANAGRA;29;BAHIA;NE;NORDESTE;14048686,77;130454;2757013,56;2981;14001194,29;83119;1915908,43;7577;3535;117;3536;107
182;2024-03-01;3520608;INDIANA;35;SÃO PAULO;SE;SUDESTE;14241733,83;70723;7048765,98;5082;14651366,38;43356;6957289,58;11121;2740;204;2697;191
5464;2024-03-01;3165206;SÃO TOMÉ DAS LETRAS;31;MINAS GERAIS;SE;SUDESTE;12211980,82;69859;9587182,73;11963;14413906,62;52697;8594863,73;36711;3075;523;3166;497
4812;2024-03-01;2926301;RIACHÃO DO JACUÍPE;29;BAHIA;NE;NORDESTE;95182487,85;571209;40930042,72;22486;94006049,74;392232;39926107,49;77286;16899;927;17134;867
193;2024-03-01;3518107;GUARANTÃ;35;SÃO PAULO;SE;SUDESTE;15429045,18;113783;4849057,49;5976;14664223,84;62703;6178182,45;15549;3788;190;3617;196
5690;2024-03-01;2211704;WALL FERRAZ;22;PIAUÍ;NE;NORDESTE;5979818,97;48974;936105,91;995;5609720,92;28779;684530,12;4076;1687;38;1681;35
3469;2024-03-01;3148509;PAVÃO;31;MINAS GERAIS;SE;SUDESTE;14152886,26;88545;4951100,27;2304;13571010,69;59149;4171931,68;7027;3420;124;3392;129
5545;2024-03-01;2612406;SANHARÓ;26;PERNAMBUCO;NE;NORDESTE;34153430,64;229931;4790506,31;6479;33262488,31;153003;4199317,63;25626;8121;248;8100;218
171;2024-03-01;4107108;DIAMANTE DO NORTE;41;PARANÁ;SU;SUL;14124099,78;71444;8044870,74;4362;14067266,89;40631;11650263,62;15433;2953;171;2903;164
1364;2024-03-01;4311734;MAMPITUBA;43;RIO GRANDE DO SUL;SU;SUL;6290691,14;24240;1250940,02;1065;6529638,05;13735;742396,39;3265;1150;54;1088;50
124;2024-03-01;3165800;SENADOR JOSÉ BENTO;31;MINAS GERAIS;SE;SUDESTE;3057783,14;10887;572045,3;489;2947249,15;7466;626952,24;863;673;32;634;34
5728;2024-03-01;1200138;BUJARI;12;ACRE;NO;NORTE;21350036,48;184832;6035124,7;6960;20786961,39;107679;5754652,55;14076;4985;118;4981;109
2463;2024-03-01;1200054;ASSIS BRASIL;12;ACRE;NO;NORTE;14012347,57;99785;2122111,26;3089;13112671,32;57970;1305148,94;8522;3093;93;3073;74
25;2024-03-01;4306502;DOM FELICIANO;43;RIO GRANDE DO SUL;SU;SUL;20723369,72;97314;5690778,46;4951;21900196,59;48201;6442994,76;17951;5002;257;4632;257
1479;2024-03-01;4200705;ALFREDO WAGNER;42;SANTA CATARINA;SU;SUL;28416346,05;78993;10344231,97;9049;36193824,12;48191;12660310,53;24393;4386;474;4217;478
2104;2024-03-01;2702405;DELMIRO GOUVEIA;27;ALAGOAS;NE;NORDESTE;129121669,24;997131;29134747,88;30040;121019965,27;631969;29851483,11;111763;28126;1030;28321;945
1488;2024-03-01;3540606;PORTO FELIZ;35;SÃO PAULO;SE;SUDESTE;169557637,81;949837;122422768,83;86229;180665113,63;531348;118352122,68;186772;32658;2701;32145;2536
4898;2024-03-01;2926806;RIO DO ANTÔNIO;29;BAHIA;NE;NORDESTE;21347000,37;113191;3530325,44;3071;20800846,36;67843;4491813,89;12336;4743;161;4592;148
1018;2024-03-01;2918506;JUSSARA;29;BAHIA;NE;NORDESTE;26166032,25;211254;2013200,68;3634;25370590,24;135615;2530091,65;9868;7129;148;6921;144
3787;2024-03-01;4100400;ALMIRANTE TAMANDARÉ;41;PARANÁ;SU;SUL;319716494,92;2279754;196060720,56;149280;347912433,39;1357389;186296518,3;311239;70596;4617;71276;4394
2874;2024-03-01;2108009;PASTOS BONS;21;MARANHÃO;NE;NORDESTE;37755118,7;352512;13501102,5;13004;35309735,6;213371;14193144,88;35917;8830;242;8721;233
1684;2024-03-01;3136306;JOÃO PINHEIRO;31;MINAS GERAIS;SE;SUDESTE;155731769,84;777178;151674484,23;58946;161204075,92;472680;136036482,1;154327;27594;2127;27816;2051
79;2024-03-01;5204706;CAMPINORTE;52;GOIÁS;CO;CENTRO-OESTE;57043241,22;214617;20164757,48;16549;55671472,25;124372;17674795,34;64081;6683;467;6761;461
3130;2024-03-01;4321857;TRÊS PALMEIRAS;43;RIO GRANDE DO SUL;SU;SUL;8776248,02;35514;4153607,56;3106;8493785,94;18550;4230533,77;8789;2009;173;1852;167
81;2024-03-01;4306353;DEZESSEIS DE NOVEMBRO;43;RIO GRANDE DO SUL;SU;SUL;2947331,61;17706;2688814,53;950;2826296,67;9273;1745741,52;1890;996;42;937;48
2092;2024-03-01;5207600;FAZENDA NOVA;52;GOIÁS;CO;CENTRO-OESTE;18024870,21;65114;3828314,31;3217;14026216,25;43733;5105759,93;8600;2626;170;2526;149
3116;2024-03-01;2203503;ELESBÃO VELOSO;22;PIAUÍ;NE;NORDESTE;20943174,52;197158;3517082,53;3097;20376737,21;120591;4004483,52;16245;6393;144;6280;132
112;2024-03-01;3103108;ANTÔNIO PRADO DE MINAS;31;MINAS GERAIS;SE;SUDESTE;3144926,58;17995;260820,25;479;2755006,36;12225;241069,21;1152;752;35;708;26
4049;2024-03-01;4211504;NOVA TRENTO;42;SANTA CATARINA;SU;SUL;32968114,51;124055;42250261,83;16929;35018497,4;69043;42453425,87;30826;6609;993;6268;959
1361;2024-03-01;2910750;FÁTIMA;29;BAHIA;NE;NORDESTE;36827390,26;217186;5190705,13;5345;35861102,98;144844;5768592,81;17500;7385;214;7308;197
701;2024-03-01;2411205;SANTA CRUZ;24;RIO GRANDE DO NORTE;NE;NORDESTE;105753436,25;753265;28242931,13;29105;99396103,42;531413;25738646,49;109764;21332;900;21154;816
3995;2024-03-01;2703205;IGREJA NOVA;27;ALAGOAS;NE;NORDESTE;37656178,31;271591;2202100,3;2224;33659290,61;161266;4823835,46;7273;9901;120;9646;95
323;2024-03-01;3169406;TRÊS PONTAS;31;MINAS GERAIS;SE;SUDESTE;195986128,17;729732;375514966,85;56632;229598078,44;479736;321034688,94;137706;29516;2266;29735;2197
2253;2024-03-01;1702703;AURORA DO TOCANTINS;17;TOCANTINS;NO;NORTE;6493656,53;42864;1234029,59;2726;6310493,09;25676;1140019,98;7049;1462;75;1453;72
4129;2024-03-01;5103502;DIAMANTINO;51;MATO GROSSO;CO;CENTRO-OESTE;122601744,22;464710;68151625,1;41484;112066201,51;249147;99085843,44;97296;14446;1288;14133;1212
3730;2024-03-01;2615904;TUPARETAMA;26;PERNAMBUCO;NE;NORDESTE;20362336,49;140075;4726979,56;2897;18861271,37;88048;3385823,79;11467;4387;118;4328;114
5754;2024-03-01;2304269;DEPUTADO IRAPUAN PINHEIRO;23;CEARÁ;NE;NORDESTE;13993834,93;91880;4962781,09;1973;13301823,24;63051;4301655,56;9043;3458;88;3433;85
2190;2024-03-01;2513943;SÃO DOMINGOS DO CARIRI;25;PARAÍBA;NE;NORDESTE;5413211,85;32334;325517,81;621;5142505,75;23197;339573,05;1649;1171;30;1133;35
3327;2024-03-01;2611309;POMBOS;26;PERNAMBUCO;NE;NORDESTE;63619699,94;364999;38882517,43;16072;64533429,85;290296;37497963,39;51478;12133;384;12153;344
291;2024-03-01;3156809;SABINÓPOLIS;31;MINAS GERAIS;SE;SUDESTE;28479965,16;147765;7287488,57;7200;32093829,62;90809;6692379,09;23299;6777;308;6837;302
2178;2024-03-01;3550803;SÃO SEBASTIÃO DA GRAMA;35;SÃO PAULO;SE;SUDESTE;23055186,63;108126;20492661,25;9083;23298919,17;63645;17226529,32;19753;5079;421;4988;428
4112;2024-03-01;2920601;MARAGOGIPE;29;BAHIA;NE;NORDESTE;77574533,17;722047;7138286,64;9137;76207562,64;508748;6707766,06;28634;19271;362;19253;354
5175;2024-03-01;2107407;OLHO D'ÁGUA DAS CUNHÃS;21;MARANHÃO;NE;NORDESTE;40482498,87;335572;4337262,85;4729;37435475,77;203594;5466580,24;23127;9114;153;8783;141
4106;2024-03-01;5202353;ARENÓPOLIS;52;GOIÁS;CO;CENTRO-OESTE;14692542,19;33737;2493213,23;2398;14658135,83;20199;4060169,28;7551;1529;99;1502;88
338;2024-03-01;3202603;ICONHA;32;ESPÍRITO SANTO;SE;SUDESTE;35452334,91;160730;68068346,47;14664;36996295,62;99388;80285219,01;44194;6610;668;6348;634
4502;2024-03-01;2207405;PALMEIRA DO PIAUÍ;22;PIAUÍ;NE;NORDESTE;11198832,65;77946;1207673,96;2431;10395235,0;44009;1400493,25;8116;2685;74;2654;68
4100;2024-03-01;5002001;BATAYPORÃ;50;MATO GROSSO DO SUL;CO;CENTRO-OESTE;30740181,05;171985;19182506,77;13756;30274186,63;89297;51628751,17;32882;6140;399;5988;383
1295;2024-03-01;2205151;JACOBINA DO PIAUÍ;22;PIAUÍ;NE;NORDESTE;8377478,63;58871;2245042,86;3161;7649262,1;35141;1746109,37;8764;1873;72;1846;62
3133;2024-03-01;3501806;AMÉRICO DE CAMPOS;35;SÃO PAULO;SE;SUDESTE;22285766,39;67340;4004309,8;4671;23113334,75;42880;4665252,43;10284;3109;205;2987;197
2756;2024-03-01;3515194;ESPÍRITO SANTO DO TURVO;35;SÃO PAULO;SE;SUDESTE;9883555,99;73693;4840077,66;2849;10256814,8;38382;4130710,8;7006;2529;121;2515;106
2552;2024-03-01;2511707;PILÕEZINHOS;25;PARAÍBA;NE;NORDESTE;7509239,29;53543;445547,4;1004;7170996,77;39382;446336,9;2113;1973;39;2009;34
843;2024-03-01;3123528;DURANDÉ;31;MINAS GERAIS;SE;SUDESTE;12650572,73;80752;2724684,92;3532;12632136,36;43425;2036547,62;8547;3418;168;3122;140
839;2024-03-01;4204194;CHAPADÃO DO LAGEADO;42;SANTA CATARINA;SU;SUL;8373005,12;20657;1197269,13;1556;10983643,57;10409;1842870,4;4447;1174;78;1074;81
3825;2024-03-01;2605509;FERREIROS;26;PERNAMBUCO;NE;NORDESTE;21354740,73;164956;2065286,79;2771;20402550,28;110980;2003999,84;9643;5275;129;5174;120
2368;2024-03-01;1501253;BANNACH;15;PARÁ;NO;NORTE;11357923,93;50313;1658365,58;1619;11488622,68;28715;3087373,48;7428;1878;57;1805;52
845;2024-03-01;2205540;LAGOINHA DO PIAUÍ;22;PIAUÍ;NE;NORDESTE;4622993,29;40010;3542520,01;403;4505036,59;25013;1318853,18;2876;1142;20;1166;20
2450;2024-03-01;2102200;BURITI;21;MARANHÃO;NE;NORDESTE;38214318,76;361074;4619350,73;4402;33216240,71;225415;4205386,43;23395;11803;148;11430;143
2014;2024-03-01;5201405;APARECIDA DE GOIÂNIA;52;GOIÁS;CO;CENTRO-OESTE;2210502538,64;12686318;2284540523,11;955296;2387529579,82;8934816;2167010105,7;2311666;351700;26096;358811;24332
4471;2024-03-01;1503457;IPIXUNA DO PARÁ;15;PARÁ;NO;NORTE;53142893,3;433134;17457702,05;18724;48696927,66;268881;16492355,7;67251;12372;389;12046;401
714;2024-04-01;2307254;JIJOCA DE JERICOACOARA;23;CEARÁ;NE;NORDESTE;65811683,95;441763;45528580,39;57352;64485490,46;307483;35272579,06;171365;11910;1330;11622;1230
4794;2024-04-01;3524204;JABORANDI;35;SÃO PAULO;SE;SUDESTE;19993896,65;85279;4696820,53;5403;19369743,07;48075;7032960,31;12112;3536;241;3381;202
829;2024-04-01;5106703;PONTE BRANCA;51;MATO GROSSO;CO;CENTRO-OESTE;5445449,81;28355;1554640,17;1657;46840081,79;16948;1607780,37;3505;920;61;913;55
4760;2024-04-01;2602803;BUÍQUE;26;PERNAMBUCO;NE;NORDESTE;65453661,48;474713;9912687,28;9913;64093591,53;317840;10871206,93;39734;18384;405;18285;383
4184;2024-04-01;1200054;ASSIS BRASIL;12;ACRE;NO;NORTE;16396795,74;100796;2555293,62;3452;15943018,07;59674;1508456,39;8601;3136;94;3123;79
3110;2024-04-01;1600303;MACAPÁ;16;AMAPÁ;NO;NORTE;1688303048,14;13475680;1320694044,63;667022;1666277708,14;9546752;1300417482,43;1685816;322895;13467;318662;12751
3282;2024-04-01;2100832;APICUM-AÇU;21;MARANHÃO;NE;NORDESTE;30142930,06;269188;4355923,4;4970;28887776,71;178428;4618966,01;14891;7326;128;7065;119
4931;2024-04-01;1701002;ANANÁS;17;TOCANTINS;NO;NORTE;30061944,81;240863;6671001,67;7203;28550443,09;146723;7046513,96;18048;6186;254;6088;233
4176;2024-04-01;5103502;DIAMANTINO;51;MATO GROSSO;CO;CENTRO-OESTE;161255763,48;465303;111016079,27;42571;144195783,52;246503;135324612,71;97724;14537;1322;14283;1232
4784;2024-04-01;2608057;JATOBÁ;26;PERNAMBUCO;NE;NORDESTE;28717235,35;218970;6252652,36;3684;26563338,18;137124;5561355,73;12791;6954;152;6737;131
5463;2024-04-01;2926806;RIO DO ANTÔNIO;29;BAHIA;NE;NORDESTE;22428045,03;111065;5556654,84;3032;21697072,96;69365;5608545,02;12264;4797;166;4648;159
1795;2024-04-01;3540606;PORTO FELIZ;35;SÃO PAULO;SE;SUDESTE;170263516,25;913574;133616868,94;87425;183341107,04;521878;141126220,13;184600;32992;2760;32343;2594
4950;2024-04-01;3148806;PEDRA DO ANTA;31;MINAS GERAIS;SE;SUDESTE;4429252,41;24565;1002265,13;1068;4491805,75;17586;655697,51;1946;1340;71;1340;63
3584;2024-04-01;2111078;SÃO JOÃO DO SOTER;21;MARANHÃO;NE;NORDESTE;23159030,91;226523;1624021,3;4917;20384494,91;133598;3028250,14;12728;6480;100;6255;86
2610;2024-04-01;2615904;TUPARETAMA;26;PERNAMBUCO;NE;NORDESTE;20772504,75;138123;5542004,04;2973;18969953,3;88011;4292569,71;11125;4466;120;4388;111
3049;2024-04-01;3553906;TARABAI;35;SÃO PAULO;SE;SUDESTE;17292298,89;99995;9645416,97;7889;18509218,62;57565;5632710,9;11801;3849;233;3783;198
946;2024-04-01;2205151;JACOBINA DO PIAUÍ;22;PIAUÍ;NE;NORDESTE;8838482,97;59975;2719055,41;3269;8326508,72;36221;2064857,64;9537;1920;70;1900;62
5319;2024-04-01;2211704;WALL FERRAZ;22;PIAUÍ;NE;NORDESTE;6182067,45;48690;825627,06;1024;5682594,28;29092;555905,0;4324;1709;41;1667;32
1749;2024-04-01;2108009;PASTOS BONS;21;MARANHÃO;NE;NORDESTE;38249404,82;358073;15180767,53;13591;36319941,86;212683;15672403,7;38846;8989;244;8783;238
5248;2024-04-01;1718501;RECURSOLÂNDIA;17;TOCANTINS;NO;NORTE;10459429,37;65410;2069169,5;1229;8901050,18;36913;3173139,54;3628;1670;46;1696;39
5787;2024-04-01;1200138;BUJARI;12;ACRE;NO;NORTE;22384172,53;181574;7470751,03;7249;22504979,38;103582;5877804,1;14275;5059;122;5029;117
4816;2024-04-01;2506004;ESPERANÇA;25;PARAÍBA;NE;NORDESTE;71735213,65;458001;44778699,96;24070;71882756,48;317562;42863494,47;68710;15228;981;15268;869
3619;2024-04-01;2200277;ALEGRETE DO PIAUÍ;22;PIAUÍ;NE;NORDESTE;13925894,93;84221;915461,94;1921;12873657,49;54371;978517,08;4727;2424;52;2381;49
490;2024-04-01;2411205;SANTA CRUZ;24;RIO GRANDE DO NORTE;NE;NORDESTE;107609262,39;755589;26801193,16;29394;102505300,85;531531;26093410,31;112653;21471;919;21171;835
4251;2024-04-01;2915908;ITANAGRA;29;BAHIA;NE;NORDESTE;13469378,98;129484;2681699,0;2793;13063454,96;79703;1854862,77;7376;3546;115;3549;110
3406;2024-04-01;5207600;FAZENDA NOVA;52;GOIÁS;CO;CENTRO-OESTE;19674718,49;65420;5808107,72;3489;17317919,92;42531;6242111,54;8684;2646;182;2566;155
5933;2024-04-01;3148707;PEDRA AZUL;31;MINAS GERAIS;SE;SUDESTE;49972725,1;371285;20239833,12;11457;51279481,35;240555;18772592,19;56624;12099;478;12140;431
3409;2024-04-01;2926301;RIACHÃO DO JACUÍPE;29;BAHIA;NE;NORDESTE;97432709,03;574022;50325067,93;23792;98269765,45;389155;49772933,99;77214;17112;948;17266;887
4681;2024-04-01;4120309;PORTO VITÓRIA;41;PARANÁ;SU;SUL;5184480,04;34111;2789210,06;2422;6178316,06;18368;3043703,88;4627;1704;122;1688;111
2795;2024-04-01;3542503;REGINÓPOLIS;35;SÃO PAULO;SE;SUDESTE;15690883,05;102969;4786909,12;5451;16051179,98;63113;3376398,33;11783;3660;227;3545;211
4518;2024-04-01;2611309;POMBOS;26;PERNAMBUCO;NE;NORDESTE;62510167,32;362011;43706418,63;15659;62291593,39;278009;42522754,42;51992;12358;402;12275;349
4559;2024-04-01;2105658;JUNCO DO MARANHÃO;21;MARANHÃO;NE;NORDESTE;11801202,36;96294;1648411,79;2315;11344835,98;61430;1031641,28;4960;2773;42;2718;40
250;2024-04-01;3110707;CAMBUQUIRA;31;MINAS GERAIS;SE;SUDESTE;26707449,18;162901;6938902,21;9031;28265382,02;98683;8018795,96;27029;6359;458;6377;452
274;2024-04-01;5204706;CAMPINORTE;52;GOIÁS;CO;CENTRO-OESTE;59839228,83;217518;24549714,35;16342;55252635,72;125674;25073327,87;64636;6791;477;6870;471
2167;2024-04-01;2400604;ALMINO AFONSO;24;RIO GRANDE DO NORTE;NE;NORDESTE;11590007,75;92496;1615068,36;2803;10747220,89;59328;1803697,52;6333;2706;86;2518;67
5913;2024-04-01;1503457;IPIXUNA DO PARÁ;15;PARÁ;NO;NORTE;52376195,09;420454;22447489,87;20074;48122456,43;265237;19276507,14;66800;12542;397;12190;390
4980;2024-04-01;2202778;COLÔNIA DO PIAUÍ;22;PIAUÍ;NE;NORDESTE;10652266,21;84043;1025177,92;1788;10834678,35;49890;842471,63;4531;2849;65;2953;58
2778;2024-04-01;4302584;BOZANO;43;RIO GRANDE DO SUL;SU;SUL;4029410,63;14686;1932990,5;949;4602561,04;6790;1793670,15;1511;778;46;689;54
2775;2024-04-01;3170909;VARZELÂNDIA;31;MINAS GERAIS;SE;SUDESTE;37792398,31;273896;6544050,04;7431;36560664,55;167661;6769428,61;30603;9642;307;9280;295
269;2024-04-01;3156809;SABINÓPOLIS;31;MINAS GERAIS;SE;SUDESTE;32506359,08;146236;7848515,89;7531;33649462,99;88778;7080946,17;23120;6835;308;6879;306
340;2024-04-01;2504207;CATINGUEIRA;25;PARAÍBA;NE;NORDESTE;8829690,2;63737;1409247,23;1125;9532068,8;51791;989419,44;3275;2141;46;2158;42
4990;2024-04-01;5212501;LUZIÂNIA;52;GOIÁS;CO;CENTRO-OESTE;726843268,86;4538067;400263094,78;251075;759009301,56;2953336;375952938,31;678276;124561;7173;126871;6724
4572;2024-04-01;5214838;NOVA CRIXÁS;52;GOIÁS;CO;CENTRO-OESTE;60621557,3;185330;17777670,31;13945;57019680,92;122210;21748776,62;51059;6223;508;6358;463
5993;2024-04-01;2803203;ITAPORANGA D'AJUDA;28;SERGIPE;NE;NORDESTE;67861292,23;652672;43271582,34;15253;66138747,43;385547;46894824,22;58241;17798;514;17949;466
4642;2024-04-01;2300408;AIUABA;23;CEARÁ;NE;NORDESTE;23144424,15;202441;1652013,23;3810;21456425,35;138818;1665227,67;12431;6391;141;6181;133
2098;2024-04-01;2102200;BURITI;21;MARANHÃO;NE;NORDESTE;41262112,17;392121;4163037,42;4606;37415227,03;240845;4135499,74;23789;12239;150;11829;147
51;2024-04-01;4107108;DIAMANTE DO NORTE;41;PARANÁ;SU;SUL;13560654,46;70540;8337627,66;4628;14533372,96;39323;12084798,23;15057;2986;187;2909;163
4997;2024-04-01;5202353;ARENÓPOLIS;52;GOIÁS;CO;CENTRO-OESTE;15259279,48;33426;2370952,24;2383;14713248,91;19923;4746428,94;7200;1548;97;1520;93
76;2024-04-01;4306502;DOM FELICIANO;43;RIO GRANDE DO SUL;SU;SUL;24488726,48;103023;7446504,33;5552;21349125,39;50895;7259058,83;18239;5124;273;4713;254
5942;2024-04-01;2106904;MONÇÃO;21;MARANHÃO;NE;NORDESTE;37594595,76;401694;3828815,76;5881;32985045,51;238934;3519537,23;24557;11909;121;11449;122
4995;2024-04-01;2703205;IGREJA NOVA;27;ALAGOAS;NE;NORDESTE;37851165,41;277213;2211909,48;2346;34008261,63;162057;2219117,6;7638;10106;122;9843;97
4667;2024-04-01;2702603;FEIRA GRANDE;27;ALAGOAS;NE;NORDESTE;39944555,19;256537;14366083,32;4356;36420829,38;164975;4394511,76;9363;9327;151;8891;148
3355;2024-04-01;2304269;DEPUTADO IRAPUAN PINHEIRO;23;CEARÁ;NE;NORDESTE;13526344,15;90820;4810641,62;2246;13322486,46;63804;4357749,56;9577;3525;96;3503;86
5949;2024-04-01;1706001;COUTO MAGALHÃES;17;TOCANTINS;NO;NORTE;13058509,28;80450;28229284,99;4828;12552570,79;47217;27334289,41;11471;2448;119;2449;106
4675;2024-04-01;2207405;PALMEIRA DO PIAUÍ;22;PIAUÍ;NE;NORDESTE;11925031,65;81707;1237444,59;2777;11182400,6;44550;1598678,73;8878;2719;74;2664;68
148;2024-04-01;2907558;CATURAMA;29;BAHIA;NE;NORDESTE;9117638,74;55309;676658,58;774;9458293,6;33515;720471,09;2759;2545;66;2497;56
151;2024-04-01;3103108;ANTÔNIO PRADO DE MINAS;31;MINAS GERAIS;SE;SUDESTE;2912657,63;17679;343891,93;493;2831473,66;12537;285210,85;1261;762;33;715;26
2091;2024-04-01;3148509;PAVÃO;31;MINAS GERAIS;SE;SUDESTE;15277674,09;88402;4695809,28;2369;14385862,46;59307;5759101,14;7857;3468;135;3444;135
699;2024-04-01;1702901;AXIXÁ DO TOCANTINS;17;TOCANTINS;NO;NORTE;30651460,82;217551;4168312,71;5372;29824838,5;140455;4913317,77;22093;6284;150;6334;142
345;2024-04-01;3133204;ITANHOMI;31;MINAS GERAIS;SE;SUDESTE;29325205,12;113556;6188556,3;4297;36670546,47;74358;6906954,74;14651;5444;274;5483;289
3461;2024-04-01;2804300;MURIBECA;28;SERGIPE;NE;NORDESTE;14680633,06;111616;4629623,79;2968;13826402,09;71787;5131492,39;6852;3712;66;3673;62
4326;2024-04-01;3135308;JAPARAÍBA;31;MINAS GERAIS;SE;SUDESTE;10679738,81;43352;1964707,28;2212;10924422,95;24138;2165596,75;7812;2028;165;1835;140
560;2024-04-01;4306353;DEZESSEIS DE NOVEMBRO;43;RIO GRANDE DO SUL;SU;SUL;3272224,89;17793;3371042,83;1017;3260355,21;9314;2864822,12;1789;1006;43;948;47
2210;2024-04-01;3515194;ESPÍRITO SANTO DO TURVO;35;SÃO PAULO;SE;SUDESTE;9776302,92;73235;5510442,26;3456;10293208,84;37894;4399832,4;7281;2549;126;2527;114
1857;2024-04-01;4304408;CANELA;43;RIO GRANDE DO SUL;SU;SUL;180063850,96;889456;155450089,62;97580;192645029,83;509250;136433950,18;206589;30604;3794;30124;3607
4742;2024-04-01;2920601;MARAGOGIPE;29;BAHIA;NE;NORDESTE;79803698,15;702675;11433688,81;9600;77158077,37;489543;8476426,6;28398;19527;375;19454;361
4743;2024-04-01;2409407;PAU DOS FERROS;24;RIO GRANDE DO NORTE;NE;NORDESTE;99129110,3;592901;51659845,66;28536;93112496,64;415564;58512313,66;125882;17591;1048;17117;977
4328;2024-04-01;3550803;SÃO SEBASTIÃO DA GRAMA;35;SÃO PAULO;SE;SUDESTE;24707887,3;109442;25078063,49;9600;24496334,75;63658;23683667,97;21024;5101;443;4986;424
614;2024-04-01;4204194;CHAPADÃO DO LAGEADO;42;SANTA CATARINA;SU;SUL;9098205,18;21437;1559291,89;1716;7814526,91;10521;1717342,2;4573;1195;78;1082;82
4280;2024-04-01;2414001;TANGARÁ;24;RIO GRANDE DO NORTE;NE;NORDESTE;36934286,86;279459;7097399,21;7806;35022532,83;206140;7262976,24;31564;7987;243;7779;215
3544;2024-04-01;5002001;BATAYPORÃ;50;MATO GROSSO DO SUL;CO;CENTRO-OESTE;33690448,14;176917;33833721,17;12970;35052834,3;92106;68462388,11;33276;6232;416;6077;392
642;2024-04-01;3169406;TRÊS PONTAS;31;MINAS GERAIS;SE;SUDESTE;211669840,05;727052;530778740,6;61336;254453970,43;476740;491195399,31;140843;29825;2314;30047;2216
1836;2024-04-01;1506112;QUATIPURU;15;PARÁ;NO;NORTE;18989629,81;181813;3120781,51;3292;16935088,89;112466;3923830,01;7217;5600;115;5533;114
1835;2024-04-01;5201405;APARECIDA DE GOIÂNIA;52;GOIÁS;CO;CENTRO-OESTE;2279583190,32;12773757;2527616619,94;1009401;2481092082,61;8989963;2538210324,78;2478700;354877;26758;361397;24962
663;2024-04-01;2205540;LAGOINHA DO PIAUÍ;22;PIAUÍ;NE;NORDESTE;5009289,48;40868;5095318,91;402;5087163,13;25096;1612692,29;3189;1152;22;1164;21
4284;2024-04-01;3165701;SENADOR FIRMINO;31;MINAS GERAIS;SE;SUDESTE;14318648,09;64682;5593071,81;5277;13889179,27;40321;6102316,35;14244;3263;266;3147;246
374;2024-04-01;3202603;ICONHA;32;ESPÍRITO SANTO;SE;SUDESTE;39944011,9;162466;74131520,22;15685;40582443,86;98156;89741353,96;44671;6667;705;6392;652
4330;2024-04-01;1705508;COLINAS DO TOCANTINS;17;TOCANTINS;NO;NORTE;212996233,19;819864;117539426,52;63528;212622522,96;501334;128087190,82;184405;21746;1431;21991;1368
492;2024-04-01;3123528;DURANDÉ;31;MINAS GERAIS;SE;SUDESTE;14008047,21;82520;3187047,62;3758;13281402,54;44468;2122537,65;9196;3492;162;3179;154
2764;2024-04-01;3144409;NATÉRCIA;31;MINAS GERAIS;SE;SUDESTE;8836272,54;28780;2408575,35;2317;6913146,23;17696;9348084,82;5194;1926;120;1807;121
2763;2024-04-01;4321857;TRÊS PALMEIRAS;43;RIO GRANDE DO SUL;SU;SUL;10607088,44;35060;6883801,12;3320;10103250,8;17913;7583252,94;8975;2018;179;1829;172
4441;2024-04-01;3527256;LOURDES;35;SÃO PAULO;SE;SUDESTE;4756332,41;21696;574818,66;1547;5100129,33;13012;504239,92;3480;1098;55;1078;53
2759;2024-04-01;4123303;SANTA CRUZ DE MONTE CASTELO;41;PARANÁ;SU;SUL;25444762,97;110183;12500419,37;8578;24473032,15;60599;13817912,14;23816;4433;334;4267;331
1946;2024-04-01;4317251;SANTA TEREZA;43;RIO GRANDE DO SUL;SU;SUL;1835940,48;7485;319777,87;360;2104429,67;3719;379074,64;1043;569;47;497;43
411;2024-04-01;3520608;INDIANA;35;SÃO PAULO;SE;SUDESTE;14478878,23;70173;8068584,59;5062;14531898,51;42514;8945592,54;11037;2767;206;2727;184
529;2024-04-01;4311791;MARATÁ;43;RIO GRANDE DO SUL;SU;SUL;3693852,83;15234;2743837,13;1621;4056786,19;8883;3372383,15;3676;1007;115;871;120
427;2024-04-01;3165800;SENADOR JOSÉ BENTO;31;MINAS GERAIS;SE;SUDESTE;2888324,07;11490;390299,74;587;2761262,7;7101;286111,18;911;687;33;648;30
4394;2024-04-01;3536257;PARISI;35;SÃO PAULO;SE;SUDESTE;7787296,43;29218;6921105,89;2280;8164429,92;19477;4667539,66;4617;1274;74;1266;71
2199;2024-04-01;4114401;MANGUEIRINHA;41;PARANÁ;SU;SUL;57822242,49;215256;46531894,69;19013;55371647,11;108728;43417507,45;45033;9116;714;8850;723
4379;2024-04-01;1508159;URUARÁ;15;PARÁ;NO;NORTE;117901604,72;688995;49285320,37;39256;120008464,34;404015;45450334,73;149892;21612;756;21201;712
1893;2024-04-01;4311734;MAMPITUBA;43;RIO GRANDE DO SUL;SU;SUL;6847796,28;23776;1358678,18;1028;6926390,93;13235;784821,86;3361;1162;56;1089;50
3502;2024-04-01;4127304;TERRA RICA;41;PARANÁ;SU;SUL;46420391,65;198075;15049490,59;14117;49679856,18;112343;14059432,54;37404;8128;536;8071;510
4029;2024-04-01;4110052;IGUATU;41;PARANÁ;SU;SUL;4270210,93;25585;2197433,35;1281;3747238,63;12845;1720325,29;3527;1046;58;952;52
1919;2024-04-01;2605509;FERREIROS;26;PERNAMBUCO;NE;NORDESTE;21587817,68;165992;2356740,73;3076;20378196,8;111940;1791263,12;10058;5416;139;5304;123
4028;2024-04-01;2913705;INHAMBUPE;29;BAHIA;NE;NORDESTE;79184319,57;566028;32583846,49;21301;79222446,14;343135;29130772,83;64773;17685;681;17861;659
738;2024-04-01;3518107;GUARANTÃ;35;SÃO PAULO;SE;SUDESTE;15523091,47;115055;4999271,39;5665;14737153,46;61887;6677127,49;14559;3799;200;3644;185
1099;2024-04-01;2506103;FAGUNDES;25;PARAÍBA;NE;NORDESTE;17421839,51;138909;2075044,99;2151;17418889,8;99183;2133416,46;8652;5222;118;5234;102
3925;2024-04-01;2704104;LAGOA DA CANOA;27;ALAGOAS;NE;NORDESTE;39976081,93;233483;5494039,71;3992;37382461,19;149259;4185344,97;12275;8311;156;8060;138
3966;2024-04-01;3549102;SÃO JOÃO DA BOA VISTA;35;SÃO PAULO;SE;SUDESTE;331681222,13;1238265;307319903,94;128458;361738637,02;811601;329735529,78;257572;53493;5294;52147;4986
1249;2024-04-01;3136306;JOÃO PINHEIRO;31;MINAS GERAIS;SE;SUDESTE;168349320,99;794741;211799736,15;62089;172390851,46;480868;178619020,49;161763;27900;2179;28109;2065
1291;2024-04-01;3139003;MACHADO;31;MINAS GERAIS;SE;SUDESTE;110196094,11;450812;228170469,09;39238;131784889,9;296010;265798452,51;82356;20684;1734;20625;1658
4873;2024-04-01;2112233;TRIZIDELA DO VALE;21;MARANHÃO;NE;NORDESTE;48220827,83;380955;17567439,36;14457;45970498,79;240273;13751943,07;43202;10715;385;10596;376
1171;2024-04-01;4200705;ALFREDO WAGNER;42;SANTA CATARINA;SU;SUL;30996152,35;78175;13402525,99;10319;37334931,46;47597;14491610,49;24014;4451;501;4212;507
2376;2024-04-01;2511707;PILÕEZINHOS;25;PARAÍBA;NE;NORDESTE;7317126,73;54174;514204,72;1046;6888472,67;39038;540732,53;2068;2003;38;2016;34
3185;2024-04-01;3501806;AMÉRICO DE CAMPOS;35;SÃO PAULO;SE;SUDESTE;33381326,13;66855;4256254,23;4795;31484193,21;42228;5124352,18;10449;3137;211;3008;195
5579;2024-04-01;5219704;SANTA TEREZINHA DE GOIÁS;52;GOIÁS;CO;CENTRO-OESTE;47988088,9;142469;12898230,97;12653;45203998,1;97079;13740144,93;40001;4989;366;5083;360
4008;2024-04-01;3114907;CASA GRANDE;31;MINAS GERAIS;SE;SUDESTE;9433815,82;14174;1066597,28;631;9099110,45;8421;782758,64;1453;948;52;887;42
2442;2024-04-01;2203503;ELESBÃO VELOSO;22;PIAUÍ;NE;NORDESTE;21689897,79;201500;4118749,76;3235;21400457,8;121555;4348983,58;16863;6464;159;6380;132
3193;2024-04-01;4315602;RIO GRANDE;43;RIO GRANDE DO SUL;SU;SUL;571574626,97;3540440;438545441,13;244149;548657166,61;2212218;611293447,83;567740;127015;7948;123425;7471
4001;2024-04-01;5220702;SÍTIO D'ABADIA;52;GOIÁS;CO;CENTRO-OESTE;5997177,84;35271;4633355,5;666;5834925,01;20371;1820198,82;2989;1234;37;1200;33
1650;2024-04-01;3104700;ATALÉIA;31;MINAS GERAIS;SE;SUDESTE;23798862,87;144102;4421588,45;3999;24589695,87;86512;3471615,49;14085;5669;206;5551;203
1219;2024-04-01;4215307;SALETE;42;SANTA CATARINA;SU;SUL;15936531,83;68885;63298208,07;9832;15727990,8;37003;55574920,64;19690;3883;524;3626;517
1122;2024-04-01;5106182;NOVA LACERDA;51;MATO GROSSO;CO;CENTRO-OESTE;23518953,59;80871;16831418,4;6286;26734811,45;45093;13964983,57;18724;3232;210;3106;208
3832;2024-04-01;2801306;CAPELA;28;SERGIPE;NE;NORDESTE;61470404,86;491131;17652518,83;10168;59865524,59;308331;16774064,49;49458;15444;368;15526;351
1095;2024-04-01;3534807;OURO VERDE;35;SÃO PAULO;SE;SUDESTE;18601820,48;125396;5663730,15;5265;18158390,06;66006;6943323,63;13955;4075;242;4035;214
3155;2024-04-01;4219150;VARGEM;42;SANTA CATARINA;SU;SUL;7017669,84;23062;2233016,99;1076;6914921,27;12300;2278541,29;2745;1196;63;1135;66
3807;2024-04-01;1718402;PRESIDENTE KENNEDY;17;TOCANTINS;NO;NORTE;10211266,92;61626;9068399,15;3167;10115909,88;36927;8095109,56;8839;1822;86;1828;77
1184;2024-04-01;1718303;PRAIA NORTE;17;TOCANTINS;NO;NORTE;16267768,48;150911;1467592,01;1829;16025845,8;95018;1936094,31;4996;3856;67;3867;68
3987;2024-04-01;3503307;ARARAS;35;SÃO PAULO;SE;SUDESTE;442230545,78;1955028;374940078,63;192386;456481341,05;1232260;325806066,59;584697;80439;6957;78183;6533
2444;2024-04-01;2513943;SÃO DOMINGOS DO CARIRI;25;PARAÍBA;NE;NORDESTE;5773317,41;32628;329785,17;556;5283284,68;23589;339525,97;1628;1200;29;1162;33
2412;2024-04-01;1702703;AURORA DO TOCANTINS;17;TOCANTINS;NO;NORTE;6964190,4;42010;1299949,72;2333;6596375,75;24652;1002410,37;6666;1478;71;1458;69
5293;2024-04-01;4309704;HUMAITÁ;43;RIO GRANDE DO SUL;SU;SUL;9411694,54;32207;6803601,57;2128;8996037,13;16635;6141941,72;7075;2159;195;1904;196
3676;2024-04-01;2701100;BRANQUINHA;27;ALAGOAS;NE;NORDESTE;17831721,9;169255;1161545,66;2090;16800995,64;97068;1353683,77;5940;4838;72;4811;63
1189;2024-04-01;1501253;BANNACH;15;PARÁ;NO;NORTE;11787285,83;50832;1530084,9;1720;10876041,32;28695;2679655,29;7785;1896;57;1836;56
3249;2024-04-01;4106001;CONGONHINHAS;41;PARANÁ;SU;SUL;17144007,6;89846;4821298,42;4734;16585658,3;52130;5673546,65;13051;3827;209;3782;196
4922;2024-04-01;3104106;ARCEBURGO;31;MINAS GERAIS;SE;SUDESTE;17262658,68;100493;24777637,08;9575;17434724,89;56897;36786881,69;24159;4435;316;4294;322
1360;2024-04-01;3515806;FLORA RICA;35;SÃO PAULO;SE;SUDESTE;3993258,33;23372;581888,42;495;3657081,49;12469;493754,75;1326;810;21;792;25
3921;2024-04-01;3135001;JAGUARAÇU;31;MINAS GERAIS;SE;SUDESTE;7166496,44;48286;14823713,55;3026;7183737,78;29414;14173169,54;7594;1614;112;1592;96
3217;2024-04-01;4100400;ALMIRANTE TAMANDARÉ;41;PARANÁ;SU;SUL;320605888,03;2285210;219506084,21;154900;350793790,13;1348224;207917697,76;304781;71310;4668;71615;4472
1054;2024-04-01;2918506;JUSSARA;29;BAHIA;NE;NORDESTE;27984777,3;221099;2730758,55;4000;26278403,2;137994;3308194,13;11266;7282;158;7041;145
1493;2024-04-01;2910750;FÁTIMA;29;BAHIA;NE;NORDESTE;38064156,41;218222;5468380,14;5681;35446052,2;143122;6334833,77;18122;7629;215;7445;210
2897;2024-04-01;2204550;GUARIBAS;22;PIAUÍ;NE;NORDESTE;9231072,71;64054;1528700,55;1132;8272610,01;38191;1181757,29;2625;1994;60;1951;56
1588;2024-04-01;3519055;HOLAMBRA;35;SÃO PAULO;SE;SUDESTE;100284325,53;242827;120561827,03;35816;98649081,04;143745;116770675,72;74875;10078;1324;9777;1240
5521;2024-04-01;3119203;COROACI;31;MINAS GERAIS;SE;SUDESTE;18789276,48;82437;4161899,18;4268;20853123,35;49104;4511141,84;12629;3902;275;3810;263
3216;2024-04-01;2703700;JARAMATAIA;27;ALAGOAS;NE;NORDESTE;11375818,05;77408;1077886,0;703;10851036,55;46354;866249,16;2664;2563;31;2551;28
1571;2024-04-01;2702405;DELMIRO GOUVEIA;27;ALAGOAS;NE;NORDESTE;131607755,22;999102;38807849,88;31762;124275110,54;624776;36573899,4;118580;28482;1069;28589;968
4874;2024-04-01;2203420;DOMINGOS MOURÃO;22;PIAUÍ;NE;NORDESTE;6022358,54;51487;323627,8;724;5855776,06;33660;294106,32;2282;1804;29;1786;28
4724;2024-05-01;2611309;POMBOS;26;PERNAMBUCO;NE;NORDESTE;71054025,75;390108;43537549,34;15970;69391861,19;303590;47025754,64;56451;12593;404;12552;370
2177;2024-05-01;3136306;JOÃO PINHEIRO;31;MINAS GERAIS;SE;SUDESTE;173643353,94;834705;172608014,78;64548;174560812,12;502557;135519017,83;169827;28206;2224;28426;2091
4222;2024-05-01;3114907;CASA GRANDE;31;MINAS GERAIS;SE;SUDESTE;7477250,09;15738;1031210,76;692;6589629,59;9207;833108,09;1696;965;53;927;48
3197;2024-05-01;4100400;ALMIRANTE TAMANDARÉ;41;PARANÁ;SU;SUL;334741821,71;2422733;223215687,5;156059;365897699,64;1412758;210457490,85;321078;72295;4725;72842;4474
5649;2024-05-01;3121506;DESTERRO DO MELO;31;MINAS GERAIS;SE;SUDESTE;6010462,3;23648;1202666,44;755;5858039,37;17353;1192300,6;1584;1302;66;1246;61
4155;2024-05-01;2513943;SÃO DOMINGOS DO CARIRI;25;PARAÍBA;NE;NORDESTE;6459167,71;35981;419083,8;588;6221826,83;26054;337707,77;1835;1222;32;1176;30
2303;2024-05-01;5106703;PONTE BRANCA;51;MATO GROSSO;CO;CENTRO-OESTE;6343136,68;32390;1344256,57;1235;6929972,87;19173;986319,14;3286;937;59;934;57
2993;2024-05-01;2304269;DEPUTADO IRAPUAN PINHEIRO;23;CEARÁ;NE;NORDESTE;16009902,51;100486;6021395,56;2338;15274909,02;70315;5257857,4;10041;3607;93;3620;95
4788;2024-05-01;3119203;COROACI;31;MINAS GERAIS;SE;SUDESTE;19836015,1;87372;4237735,34;4345;21885130,03;51802;4425661,92;13966;3937;279;3852;258
2985;2024-05-01;3524204;JABORANDI;35;SÃO PAULO;SE;SUDESTE;28515988,66;93983;5562030,9;6063;27313086,51;52209;5848091,69;14524;3601;237;3479;205
1333;2024-05-01;3515806;FLORA RICA;35;SÃO PAULO;SE;SUDESTE;4082478,39;25272;408945,62;451;3885267,31;13470;480762,43;1373;824;23;803;22
2196;2024-05-01;2203503;ELESBÃO VELOSO;22;PIAUÍ;NE;NORDESTE;24025896,21;214514;4513558,38;3144;23043405,62;129656;4394996,04;18490;6625;161;6486;129
3983;2024-05-01;2701100;BRANQUINHA;27;ALAGOAS;NE;NORDESTE;18456334,8;174505;1074451,98;2692;17089893,59;99358;1259450,52;6724;4925;71;4947;59
1881;2024-05-01;3519055;HOLAMBRA;35;SÃO PAULO;SE;SUDESTE;111890121,07;259336;148598586,72;36344;108234623,36;154321;139246412,5;77404;10256;1353;9949;1249
3436;2024-05-01;3527256;LOURDES;35;SÃO PAULO;SE;SUDESTE;5827249,72;23714;693375,15;1653;5967885,36;14154;551920,11;3839;1120;55;1090;55
5387;2024-05-01;3135308;JAPARAÍBA;31;MINAS GERAIS;SE;SUDESTE;9874768,47;47483;2171719,96;2419;9968388,77;26713;2030958,96;8853;2067;178;1903;144
2252;2024-05-01;2102200;BURITI;21;MARANHÃO;NE;NORDESTE;50393964,99;457448;5553432,77;5483;46300353,71;280773;5508480,63;30408;12600;161;12228;154
254;2024-05-01;4306353;DEZESSEIS DE NOVEMBRO;43;RIO GRANDE DO SUL;SU;SUL;3501677,64;17546;3094655,48;965;3538891,29;8693;2123529,65;1886;1018;45;971;49
3171;2024-05-01;1705508;COLINAS DO TOCANTINS;17;TOCANTINS;NO;NORTE;227044862,24;861341;107839448,09;66113;210997615,34;522432;110179046,9;200530;22057;1443;22246;1397
3823;2024-05-01;3501806;AMÉRICO DE CAMPOS;35;SÃO PAULO;SE;SUDESTE;39907095,29;71470;4064779,99;4647;38177880,83;44400;5827487,44;10890;3162;207;3072;204
3305;2024-05-01;2400604;ALMINO AFONSO;24;RIO GRANDE DO NORTE;NE;NORDESTE;12999453,89;102513;1736266,57;2727;11687692,43;67791;2152934,48;6893;2728;82;2560;67
3564;2024-05-01;3549102;SÃO JOÃO DA BOA VISTA;35;SÃO PAULO;SE;SUDESTE;354555780,7;1339403;372510647,08;133997;383075635,16;862511;389643661,99;272023;54355;5325;53178;5027
1639;2024-05-01;2702405;DELMIRO GOUVEIA;27;ALAGOAS;NE;NORDESTE;143029754,28;1054073;38849289,79;33663;135676273,18;659675;42194902,75;122263;28945;1056;29091;980
3491;2024-05-01;2106904;MONÇÃO;21;MARANHÃO;NE;NORDESTE;42305968,07;429571;3530269,52;6982;36904331,59;258752;4075117,93;28967;12149;130;11666;133
240;2024-05-01;3123528;DURANDÉ;31;MINAS GERAIS;SE;SUDESTE;15945134,4;91601;2959345,09;3799;13766556,79;49910;2306011,13;10484;3565;172;3271;151
1256;2024-05-01;2307254;JIJOCA DE JERICOACOARA;23;CEARÁ;NE;NORDESTE;68670721,23;469598;48582076,04;58800;68227784,35;329409;38149669,67;184409;12160;1361;11826;1231
5438;2024-05-01;3550803;SÃO SEBASTIÃO DA GRAMA;35;SÃO PAULO;SE;SUDESTE;25665026,24;119116;24121340,98;11432;26383411,21;68711;23927231,52;23016;5209;445;5133;428
1913;2024-05-01;2918506;JUSSARA;29;BAHIA;NE;NORDESTE;28852070,45;231824;2506627,78;4484;27778009,27;145441;2894581,32;12370;7425;162;7184;153
2740;2024-05-01;3165701;SENADOR FIRMINO;31;MINAS GERAIS;SE;SUDESTE;15000689,29;67340;5757766,33;5559;14920619,21;42061;6081643,56;15905;3269;269;3162;249
2230;2024-05-01;2200277;ALEGRETE DO PIAUÍ;22;PIAUÍ;NE;NORDESTE;15719620,72;91627;1237017,4;2147;13819734,38;58597;1068675,79;4780;2466;52;2434;50
5769;2024-05-01;2931053;TANQUE NOVO;29;BAHIA;NE;NORDESTE;32814894,49;157121;9576228,53;8750;30429911,14;101160;10223846,72;22269;6728;361;6354;315
4191;2024-05-01;2920601;MARAGOGIPE;29;BAHIA;NE;NORDESTE;89899388,23;758483;9789779,3;9637;84674251,32;531365;9997085,77;31606;19840;378;19877;362
1167;2024-05-01;3540606;PORTO FELIZ;35;SÃO PAULO;SE;SUDESTE;183410867,92;955747;129433916,04;85234;198612435,9;547133;136770417,44;191482;33437;2822;32853;2627
460;2024-05-01;3110707;CAMBUQUIRA;31;MINAS GERAIS;SE;SUDESTE;28484837,11;176822;6983954,05;9700;29291688,23;105707;7380066,44;30054;6443;467;6497;473
3873;2024-05-01;2202075;CAJAZEIRAS DO PIAUÍ;22;PIAUÍ;NE;NORDESTE;5032827,92;46420;1049120,88;771;4556468,6;26315;679095,99;2073;1346;26;1378;25
3146;2024-05-01;2915908;ITANAGRA;29;BAHIA;NE;NORDESTE;15028090,17;142109;3387307,86;3313;14255097,8;86990;1879304,91;8358;3671;113;3624;110
2760;2024-05-01;2605509;FERREIROS;26;PERNAMBUCO;NE;NORDESTE;23335288,49;175288;2703578,43;3323;22198399,36;118707;2145038,04;11652;5521;133;5469;127
4702;2024-05-01;3144409;NATÉRCIA;31;MINAS GERAIS;SE;SUDESTE;9007240,38;30469;3949976,33;2503;7762603,34;18135;5941110,1;5505;1950;116;1842;117
2980;2024-05-01;2704104;LAGOA DA CANOA;27;ALAGOAS;NE;NORDESTE;40273958,84;252506;5204951,16;4286;37856316,47;156257;3349533,92;13499;8496;158;8250;126
756;2024-05-01;1702703;AURORA DO TOCANTINS;17;TOCANTINS;NO;NORTE;7547792,83;46161;1147036,17;2553;7121258,31;26856;1150387,11;7691;1504;77;1459;74
3482;2024-05-01;2608057;JATOBÁ;26;PERNAMBUCO;NE;NORDESTE;31810172,97;235221;6026875,01;3764;28658738,65;147380;4944496,05;14362;7082;155;6908;137
2748;2024-05-01;3503307;ARARAS;35;SÃO PAULO;SE;SUDESTE;462577464,87;2077976;386401672,9;196197;466656113,01;1292690;374906920,05;600881;81619;7008;79862;6555
409;2024-05-01;3202603;ICONHA;32;ESPÍRITO SANTO;SE;SUDESTE;40233495,8;173361;76437501,28;16063;40477385,19;104865;78904531,89;47592;6768;707;6537;652
3864;2024-05-01;3148509;PAVÃO;31;MINAS GERAIS;SE;SUDESTE;14958371,38;93199;5615971,02;2733;14870583,36;63889;5138687,83;7978;3549;135;3546;144
4198;2024-05-01;1706001;COUTO MAGALHÃES;17;TOCANTINS;NO;NORTE;17426222,97;86899;30970157,71;4893;16794532,78;51285;29496609,08;13312;2477;121;2474;108
5763;2024-05-01;2200459;ALVORADA DO GURGUÉIA;22;PIAUÍ;NE;NORDESTE;12195237,99;89543;1744671,67;1889;11355375,5;54510;1950629,43;7753;2584;72;2563;69
3717;2024-05-01;3553906;TARABAI;35;SÃO PAULO;SE;SUDESTE;18957020,65;106192;10676198,71;8407;20108271,47;61378;6523385,38;12429;3897;237;3869;203
3153;2024-05-01;2910750;FÁTIMA;29;BAHIA;NE;NORDESTE;40740969,09;233872;5198721,18;5972;37570984,58;151815;5553531,85;19033;7729;227;7556;210
1330;2024-05-01;4219150;VARGEM;42;SANTA CATARINA;SU;SUL;7484821,18;23852;1979377,88;1243;7296939,08;12849;1862235,09;2736;1180;63;1155;68
1822;2024-05-01;4311791;MARATÁ;43;RIO GRANDE DO SUL;SU;SUL;4127474,57;16167;3083294,02;1644;4397673,65;9726;2800779,25;3854;1041;126;909;116
793;2024-05-01;3518107;GUARANTÃ;35;SÃO PAULO;SE;SUDESTE;16212368,3;121093;5113988,75;5528;15025407,26;64834;6296371,95;15238;3838;192;3733;186
4482;2024-05-01;2202778;COLÔNIA DO PIAUÍ;22;PIAUÍ;NE;NORDESTE;11545507,57;91375;1147114,11;1931;11581664,94;53747;951943,92;5176;2929;57;2999;57
5848;2024-05-01;2607752;ITAPISSUMA;26;PERNAMBUCO;NE;NORDESTE;61666468,94;619941;85212337,56;14789;58486348,25;436245;116610501,92;63063;14140;327;14028;306
1986;2024-05-01;2111078;SÃO JOÃO DO SOTER;21;MARANHÃO;NE;NORDESTE;26169877,2;248154;2574443,77;5362;23317198,18;149105;2206233,86;14283;6658;113;6422;97
1618;2024-05-01;4106001;CONGONHINHAS;41;PARANÁ;SU;SUL;20129765,32;93841;5739833,59;4465;19031960,05;52854;5507376,09;13861;3927;215;3863;202
3190;2024-05-01;2203420;DOMINGOS MOURÃO;22;PIAUÍ;NE;NORDESTE;6598537,32;55782;469814,23;960;6090554,89;37001;420454,81;2625;1837;28;1831;30
1558;2024-05-01;4215307;SALETE;42;SANTA CATARINA;SU;SUL;16137237,67;73470;107030747,57;9868;16389881,18;37662;98658874,66;19611;3978;532;3678;524
5308;2024-05-01;4110409;INDIANÓPOLIS;41;PARANÁ;SU;SUL;11355253,09;66413;7425577,34;3231;10853930,33;36038;7248935,61;9667;2481;120;2400;116
1820;2024-05-01;4317251;SANTA TEREZA;43;RIO GRANDE DO SUL;SU;SUL;1756884,4;7266;240623,3;309;1885753,91;3780;560106,79;1128;564;42;501;45
5864;2024-05-01;1504752;MOJUÍ DOS CAMPOS;15;PARÁ;NO;NORTE;20160601,0;77036;10600824,57;10100;21665479,06;51384;11796984,51;34880;2136;265;2097;264
2991;2024-05-01;3170909;VARZELÂNDIA;31;MINAS GERAIS;SE;SUDESTE;40283028,27;291594;7120072,1;7952;38455645,14;176950;7010151,76;31672;9807;314;9416;308
2032;2024-05-01;4302584;BOZANO;43;RIO GRANDE DO SUL;SU;SUL;4571985,52;14822;1677070,31;869;4223238,45;6735;1822362,24;1522;811;44;722;55
3973;2024-05-01;2926301;RIACHÃO DO JACUÍPE;29;BAHIA;NE;NORDESTE;99766417,33;605640;47017903,65;25160;100952735,81;410138;44089356,15;83272;17317;953;17558;886
777;2024-05-01;3133204;ITANHOMI;31;MINAS GERAIS;SE;SUDESTE;30220889,46;120759;6779542,72;4324;34652117,42;76539;6904078,38;15950;5509;282;5492;290
3254;2024-05-01;2804300;MURIBECA;28;SERGIPE;NE;NORDESTE;15827868,25;122297;2592316,82;3079;14685525,47;76579;3424686,6;7984;3834;73;3808;66
665;2024-05-01;3520608;INDIANA;35;SÃO PAULO;SE;SUDESTE;14815159,08;74243;10247661,88;5470;14528648,61;44821;9374343,24;11885;2809;210;2773;200
3906;2024-05-01;4110052;IGUATU;41;PARANÁ;SU;SUL;4361506,64;26719;2800921,35;1183;3849598,74;13282;2889538,33;3498;1065;55;978;53
4065;2024-05-01;2602803;BUÍQUE;26;PERNAMBUCO;NE;NORDESTE;70719046,28;512906;8959778,1;10672;69773532,89;338436;9696677,14;42002;18802;412;18844;381
2084;2024-05-01;4114401;MANGUEIRINHA;41;PARANÁ;SU;SUL;65904082,18;222811;63329921,27;19130;76337357,56;112897;52493037,36;46174;9194;732;8986;722
960;2024-05-01;2205540;LAGOINHA DO PIAUÍ;22;PIAUÍ;NE;NORDESTE;5315030,14;44835;5258504,0;442;4918023,31;27415;2008583,87;3425;1212;21;1221;17
634;2024-05-01;2411205;SANTA CRUZ;24;RIO GRANDE DO NORTE;NE;NORDESTE;116178514,64;818256;31519030,39;31816;109672320,33;575057;29945834,25;121853;21837;931;21601;836
2422;2024-05-01;5106182;NOVA LACERDA;51;MATO GROSSO;CO;CENTRO-OESTE;24406297,02;85067;17099799,96;6589;26083513,82;47971;14787927,64;19610;3305;232;3144;217
3789;2024-05-01;2511707;PILÕEZINHOS;25;PARAÍBA;NE;NORDESTE;8088978,64;59381;472736,73;1056;7761204,78;42402;346331,03;2267;2054;43;2084;35
5527;2024-05-01;5202353;ARENÓPOLIS;52;GOIÁS;CO;CENTRO-OESTE;16214135,64;35203;2151107,37;2316;15098127,38;21110;4121790,65;7792;1551;97;1523;92
2845;2024-05-01;5214838;NOVA CRIXÁS;52;GOIÁS;CO;CENTRO-OESTE;60696663,87;197356;18311206,78;14560;58828242,68;128708;25517925,28;54415;6311;519;6494;471
3393;2024-05-01;4315602;RIO GRANDE;43;RIO GRANDE DO SUL;SU;SUL;561496738,07;3509761;376068812,17;213825;552297399,42;2167167;523410502,4;546041;127370;7817;124184;7277
949;2024-05-01;4200705;ALFREDO WAGNER;42;SANTA CATARINA;SU;SUL;30236561,89;83577;12181427,44;10236;30666368,69;50418;14693294,9;24227;4553;502;4314;502
3106;2024-05-01;3169406;TRÊS PONTAS;31;MINAS GERAIS;SE;SUDESTE;217209953,96;766302;320234110,71;57132;208761571,68;498533;324105387,97;148698;30252;2328;30350;2234
232;2024-05-01;5204706;CAMPINORTE;52;GOIÁS;CO;CENTRO-OESTE;58320336,31;235393;39781298,21;17917;57124563,07;135309;34973294,47;74013;6890;488;6958;474
147;2024-05-01;4306502;DOM FELICIANO;43;RIO GRANDE DO SUL;SU;SUL;19649916,55;100718;5907462,24;5051;15418192,67;50895;6288431,53;17912;5181;269;4774;246
5691;2024-05-01;2703700;JARAMATAIA;27;ALAGOAS;NE;NORDESTE;12945642,97;81345;1247080,05;808;12427004,28;49444;912763,47;2952;2635;33;2599;32
5553;2024-05-01;5002001;BATAYPORÃ;50;MATO GROSSO DO SUL;CO;CENTRO-OESTE;32070502,98;179381;24510558,39;14669;32349634,39;94483;58690297,94;35692;6259;410;6123;395
134;2024-05-01;2907558;CATURAMA;29;BAHIA;NE;NORDESTE;9764410,65;61528;674408,6;925;10624728,72;36668;640429,75;2917;2602;65;2571;58
2328;2024-05-01;3542503;REGINÓPOLIS;35;SÃO PAULO;SE;SUDESTE;17231708,67;109875;4357236,26;5529;17434308,55;67434;3586567,42;12037;3693;227;3583;209
4859;2024-05-01;3135001;JAGUARAÇU;31;MINAS GERAIS;SE;SUDESTE;7821114,05;51239;15008231,73;3212;7664268,96;30752;9056434,84;7203;1636;112;1601;91
3525;2024-05-01;2506004;ESPERANÇA;25;PARAÍBA;NE;NORDESTE;77367097,52;491593;46557531,77;25831;77363700,89;340678;42828907,07;73562;15552;978;15622;884
2883;2024-05-01;2105658;JUNCO DO MARANHÃO;21;MARANHÃO;NE;NORDESTE;13659955,36;110950;1688350,34;2327;12978357,22;71104;1296193,77;5320;2852;45;2780;39
5298;2024-05-01;5220702;SÍTIO D'ABADIA;52;GOIÁS;CO;CENTRO-OESTE;6280554,33;34419;3036615,36;908;5878591,69;20741;2430116,26;3053;1253;41;1208;37
2421;2024-05-01;2414001;TANGARÁ;24;RIO GRANDE DO NORTE;NE;NORDESTE;40605564,66;301630;8761782,4;8161;38038066,51;218604;9798053,87;33035;8087;246;7943;221
3369;2024-05-01;2204550;GUARIBAS;22;PIAUÍ;NE;NORDESTE;10321225,39;68117;1338847,74;1299;8699728,09;40902;1153399,07;3063;2035;62;1979;51
2472;2024-05-01;1600303;MACAPÁ;16;AMAPÁ;NO;NORTE;1830564361,01;14587463;848869557,48;699551;1789220144,41;10227807;791208912,69;1850607;326289;13629;322613;12877
4635;2024-05-01;1508159;URUARÁ;15;PARÁ;NO;NORTE;126877049,75;727480;56809410,91;42219;126126300,93;426162;53346081,23;169339;22139;759;21586;738
3129;2024-05-01;5212501;LUZIÂNIA;52;GOIÁS;CO;CENTRO-OESTE;761393749,41;4830662;399229324,62;266124;791176873,88;3121901;377873855,4;733980;126543;7293;128741;6813
65;2024-05-01;3165800;SENADOR JOSÉ BENTO;31;MINAS GERAIS;SE;SUDESTE;3359610,67;11923;328939,08;568;3188252,31;7371;451477,66;923;676;31;648;31
577;2024-05-01;3139003;MACHADO;31;MINAS GERAIS;SE;SUDESTE;124947460,9;481729;129315842,01;40840;130254114,31;311781;140511444,68;85294;20973;1778;21017;1655
995;2024-05-01;3156809;SABINÓPOLIS;31;MINAS GERAIS;SE;SUDESTE;33641737,0;160059;7547949,24;7773;34384624,99;96050;7379998,94;26121;6949;310;6947;303
4019;2024-05-01;2615904;TUPARETAMA;26;PERNAMBUCO;NE;NORDESTE;23520985,0;149006;5618213,34;3143;21809037,37;93788;4045810,54;12811;4561;121;4450;109
3693;2024-05-01;2207405;PALMEIRA DO PIAUÍ;22;PIAUÍ;NE;NORDESTE;13755755,28;88197;1557397,37;3088;13092872,06;50561;1814877,11;9784;2783;80;2733;72
4017;2024-05-01;4321857;TRÊS PALMEIRAS;43;RIO GRANDE DO SUL;SU;SUL;11900024,25;36807;7065831,22;3205;11756837,99;18495;4977641,8;8763;2032;181;1915;180
5713;2024-05-01;2806503;SANTA ROSA DE LIMA;28;SERGIPE;NE;NORDESTE;7999904,54;81094;276498,25;595;7377394,21;49253;174678,26;1444;2078;27;2103;19
983;2024-05-01;4204194;CHAPADÃO DO LAGEADO;42;SANTA CATARINA;SU;SUL;8219193,04;22219;1492075,27;1809;6261454,65;10996;1683914,56;4655;1216;82;1083;87
5041;2024-05-01;3548302;SANTO EXPEDITO;35;SÃO PAULO;SE;SUDESTE;6358457,38;41266;2867812,87;1978;6564480,02;22216;2228121,96;4879;1567;86;1539;85
1420;2024-05-01;2205151;JACOBINA DO PIAUÍ;22;PIAUÍ;NE;NORDESTE;9349144,97;63805;2796473,84;3329;8736349,59;39402;2143830,92;9819;1999;71;1955;63
941;2024-05-01;5201405;APARECIDA DE GOIÂNIA;52;GOIÁS;CO;CENTRO-OESTE;2374516577,48;13479595;2636156527,95;1048816;2595561042,51;9392339;2574664812,09;2587006;359217;27220;365873;25324
5467;2024-05-01;5103502;DIAMANTINO;51;MATO GROSSO;CO;CENTRO-OESTE;144422438,38;485598;97063753,07;43040;123133857,77;254754;112350734,38;102713;14638;1339;14369;1255
3494;2024-05-01;3104106;ARCEBURGO;31;MINAS GERAIS;SE;SUDESTE;18832532,48;111501;20080672,96;10118;18477369,04;61294;32344996,06;26141;4531;327;4399;330
4006;2024-05-01;2703205;IGREJA NOVA;27;ALAGOAS;NE;NORDESTE;38194271,18;291351;2828406,76;2344;34571291,77;167440;2064921,84;7727;10295;119;10024;99
2556;2024-05-01;3515194;ESPÍRITO SANTO DO TURVO;35;SÃO PAULO;SE;SUDESTE;10671364,03;77654;5003410,97;3622;10659654,84;40263;4311727,81;7832;2604;132;2576;115
5747;2024-05-01;4113007;JUSSARA;41;PARANÁ;SU;SUL;17583360,82;106911;58579856,41;7252;16860584,85;55297;33078775,41;14635;3902;252;3730;253
3993;2024-05-01;1200054;ASSIS BRASIL;12;ACRE;NO;NORTE;16945773,75;102619;3175315,76;3719;17046430,81;62017;1875631,26;9520;3216;93;3216;77
4533;2024-05-01;4309704;HUMAITÁ;43;RIO GRANDE DO SUL;SU;SUL;8896699,55;33507;4479638,98;2047;8492934,58;17782;4080018,92;7352;2145;193;1972;195
914;2024-05-01;1718303;PRAIA NORTE;17;TOCANTINS;NO;NORTE;18533802,82;162997;1417683,29;2163;17937242,06;104094;1584332,64;6100;3924;70;3948;67
5544;2024-05-01;1503457;IPIXUNA DO PARÁ;15;PARÁ;NO;NORTE;58209936,25;467869;22468789,18;20578;53464527,42;298610;21758832,31;74902;12871;391;12528;387
916;2024-05-01;3104700;ATALÉIA;31;MINAS GERAIS;SE;SUDESTE;25497551,0;153519;4689951,16;3900;25595425,23;90841;4344729,24;15006;5786;205;5691;204
150;2024-05-01;4107108;DIAMANTE DO NORTE;41;PARANÁ;SU;SUL;13857794,86;73709;9372182,15;4968;14468376,74;40698;13283396,5;16148;3034;185;2961;178
518;2024-05-01;3103108;ANTÔNIO PRADO DE MINAS;31;MINAS GERAIS;SE;SUDESTE;3264883,34;18695;309418,34;580;2910506,1;14131;258617,63;1277;781;36;737;29
5938;2024-05-01;3165206;SÃO TOMÉ DAS LETRAS;31;MINAS GERAIS;SE;SUDESTE;14012831,05;77697;10408497,31;13517;15149189,53;57915;9323124,27;43188;3159;561;3243;529
4801;2024-05-01;3536257;PARISI;35;SÃO PAULO;SE;SUDESTE;8772318,72;31456;6124471,87;2102;8199838,64;19937;3721842,24;4512;1281;79;1298;66
2064;2024-05-01;1506112;QUATIPURU;15;PARÁ;NO;NORTE;20280714,19;199418;3559734,17;3432;18312927,61;123279;4805784,41;8365;5739;120;5686;113
3413;2024-05-01;1718402;PRESIDENTE KENNEDY;17;TOCANTINS;NO;NORTE;10813522,53;68355;5197771,94;3262;10609057,44;39873;8803760,91;11029;1851;90;1847;85
2052;2024-05-01;4304408;CANELA;43;RIO GRANDE DO SUL;SU;SUL;180506603,79;925532;121052314,7;84026;192112494,38;539149;109047956,97;198143;31052;3706;30553;3498
2835;2024-05-01;2913705;INHAMBUPE;29;BAHIA;NE;NORDESTE;85925621,08;606870;35010660,43;22422;82844630,23;368316;32526123,9;72350;17907;695;18185;672
4804;2024-05-01;4100301;AGUDOS DO SUL;41;PARANÁ;SU;SUL;26301917,37;121761;28986540,01;12550;24033860,78;68065;25233294,77;26503;4398;386;4337;386
3738;2024-05-01;5207600;FAZENDA NOVA;52;GOIÁS;CO;CENTRO-OESTE;19554631,64;69821;4454984,74;4133;16296008,16;45585;5115769,52;9935;2678;176;2608;166
5165;2024-05-01;2801306;CAPELA;28;SERGIPE;NE;NORDESTE;65044878,05;524172;16557489,53;10993;62925329,06;330476;16278315,42;54100;15729;382;15884;358
4805;2024-05-01;4321600;TRAMANDAÍ;43;RIO GRANDE DO SUL;SU;SUL;175307985,45;1115959;91652379,26;103713;190578020,3;680625;77964734,92;265748;32902;3117;32695;2868
1236;2024-05-01;1702901;AXIXÁ DO TOCANTINS;17;TOCANTINS;NO;NORTE;34880515,94;238186;4645648,83;6270;32869844,95;156680;5565861,31;25087;6397;161;6489;144
3799;2024-05-01;2300408;AIUABA;23;CEARÁ;NE;NORDESTE;24770459,92;216135;2278404,81;4019;23189304,06;149778;1882070,73;13103;6493;148;6281;138
877;2024-05-01;2506103;FAGUNDES;25;PARAÍBA;NE;NORDESTE;17801789,14;151818;1811570,57;2220;17938542,98;108014;2001213,1;10258;5303;123;5343;109
5238;2024-05-01;5205059;CASTELÂNDIA;52;GOIÁS;CO;CENTRO-OESTE;12797664,0;58435;4315015,57;3586;12127339,04;32278;3383350,6;8692;1824;98;1772;89
2925;2024-05-01;1501253;BANNACH;15;PARÁ;NO;NORTE;12665962,07;53680;1800928,4;2216;12548737,85;31644;2723928,83;8383;1948;61;1872;58
3653;2024-05-01;2803203;ITAPORANGA D'AJUDA;28;SERGIPE;NE;NORDESTE;72901710,39;698248;24516094,7;16169;70617046,74;411179;65732025,57;61472;18057;498;18298;455
3603;2024-05-01;4123303;SANTA CRUZ DE MONTE CASTELO;41;PARANÁ;SU;SUL;25318253,27;114010;15786934,02;8603;27920778,75;64509;13682305,22;24437;4481;340;4322;317
2331;2024-05-01;2108009;PASTOS BONS;21;MARANHÃO;NE;NORDESTE;45017186,54;390700;19927091,43;15291;40962698,16;231977;21003371,23;45180;9251;254;9033;247
4985;2024-05-01;2100832;APICUM-AÇU;21;MARANHÃO;NE;NORDESTE;33125684,17;290886;5591724,84;5805;31315072,5;194423;6503875,89;17343;7572;131;7320;130
1235;2024-05-01;4311734;MAMPITUBA;43;RIO GRANDE DO SUL;SU;SUL;6214578,21;23077;1492858,28;1091;5956366,51;12780;710936,0;3425;1165;58;1118;53
932;2024-05-01;2504207;CATINGUEIRA;25;PARAÍBA;NE;NORDESTE;9328179,46;66821;1546722,88;1317;9539068,54;48230;1335715,62;3453;2195;45;2215;41
1393;2024-05-01;3534807;OURO VERDE;35;SÃO PAULO;SE;SUDESTE;17964831,02;130380;6610663,18;5520;19102054,01;69010;7145617,04;14461;4131;247;4074;219
4346;2024-06-01;1718501;RECURSOLÂNDIA;17;TOCANTINS;NO;NORTE;10315143,79;70060;1755888,56;1285;9154728,65;42342;3279322,44;4273;1768;50;1777;48
2704;2024-06-01;3527256;LOURDES;35;SÃO PAULO;SE;SUDESTE;5800964,07;23241;717907,07;1806;5449363,71;14154;603448,2;4141;1137;54;1090;56
523;2024-06-01;4311791;MARATÁ;43;RIO GRANDE DO SUL;SU;SUL;3736091,09;16486;2639921,28;1794;4313912,86;10368;2879225,76;4076;1026;123;935;121
4350;2024-06-01;1503457;IPIXUNA DO PARÁ;15;PARÁ;NO;NORTE;58402698,77;470434;22432667,03;19413;55055066,16;299210;20782938,14;76711;12986;392;12695;394
579;2024-06-01;1702901;AXIXÁ DO TOCANTINS;17;TOCANTINS;NO;NORTE;32114072,2;233974;3981103,6;5446;30716413,61;153540;4920924,84;23612;6461;158;6498;137
3527;2024-06-01;2702405;DELMIRO GOUVEIA;27;ALAGOAS;NE;NORDESTE;140376416,47;1019330;36378912,26;32221;132731490,21;647056;34343003,63;124157;29221;1061;29449;966
5428;2024-06-01;2806503;SANTA ROSA DE LIMA;28;SERGIPE;NE;NORDESTE;7594324,97;82179;231870,11;588;7194499,2;51771;163911,52;1320;2138;27;2110;18
4378;2024-06-01;5002001;BATAYPORÃ;50;MATO GROSSO DO SUL;CO;CENTRO-OESTE;30743532,72;187802;14440762,84;14248;31898245,5;97607;36366754,33;37621;6352;415;6198;393
487;2024-06-01;4215307;SALETE;42;SANTA CATARINA;SU;SUL;16667290,7;71614;72427004,0;9412;17073430,95;37239;49049620,58;19277;4006;532;3732;503
4368;2024-06-01;2202778;COLÔNIA DO PIAUÍ;22;PIAUÍ;NE;NORDESTE;11741425,39;90450;1230797,46;1894;11948568,72;53737;818050,17;5704;2950;57;3072;58
2726;2024-06-01;2108009;PASTOS BONS;21;MARANHÃO;NE;NORDESTE;44276324,93;385356;18692273,83;16630;41770678,8;231867;18759703,95;47687;9366;259;9140;254
3699;2024-06-01;3503307;ARARAS;35;SÃO PAULO;SE;SUDESTE;473559504,02;2100590;412807662,35;195310;482447182,79;1300990;390604169,93;611803;82181;7082;80245;6657
5333;2024-06-01;1200054;ASSIS BRASIL;12;ACRE;NO;NORTE;15796750,03;101059;3038066,64;4003;15963698,35;60724;1746424,3;10412;3343;95;3301;83
4373;2024-06-01;2207405;PALMEIRA DO PIAUÍ;22;PIAUÍ;NE;NORDESTE;13985435,03;87607;1461239,89;3035;13317876,38;50220;1769053,29;9057;2828;77;2757;70
2418;2024-06-01;5202353;ARENÓPOLIS;52;GOIÁS;CO;CENTRO-OESTE;14449522,97;35694;2410360,41;2292;13591194,29;20828;3955814,13;7506;1567;95;1539;84
472;2024-06-01;5204706;CAMPINORTE;52;GOIÁS;CO;CENTRO-OESTE;58142722,06;232095;22030458,95;17064;57260959,36;137133;18909272,5;68913;6959;483;7053;477
3905;2024-06-01;2804300;MURIBECA;28;SERGIPE;NE;NORDESTE;15788237,28;122207;3417174,45;2937;14623862,14;77495;3358652,85;7913;3887;72;3817;76
5031;2024-06-01;4309704;HUMAITÁ;43;RIO GRANDE DO SUL;SU;SUL;9305746,17;34843;4591439,91;2160;8258971,78;18222;4442156,02;7989;2144;197;1949;207
5846;2024-06-01;2505238;CUITÉ DE MAMANGUAPE;25;PARAÍBA;NE;NORDESTE;12534838,5;85951;928044,05;1453;11337413,53;57063;709454,58;5230;2908;100;2853;71
1868;2024-06-01;2605509;FERREIROS;26;PERNAMBUCO;NE;NORDESTE;22651960,06;177865;2175264,32;3221;21357671,9;120426;1836106,77;12337;5660;136;5551;122
2997;2024-06-01;2913705;INHAMBUPE;29;BAHIA;NE;NORDESTE;88307012,69;621056;39544432,7;21717;86813672,46;384948;35077974,17;77836;18198;698;18457;670
5021;2024-06-01;2920601;MARAGOGIPE;29;BAHIA;NE;NORDESTE;88956102,19;768909;9355000,81;9888;88419009,29;550655;8243309,5;35189;20149;388;20154;360
525;2024-06-01;3202603;ICONHA;32;ESPÍRITO SANTO;SE;SUDESTE;41968835,14;177665;72917555,77;16224;39695105,75;105612;82340141,65;48992;6803;722;6600;662
2728;2024-06-01;5212501;LUZIÂNIA;52;GOIÁS;CO;CENTRO-OESTE;749671722,53;4895236;401396728,52;261011;778785883,31;3156290;383622450,81;743603;127481;7443;129866;6860
4332;2024-06-01;4110052;IGUATU;41;PARANÁ;SU;SUL;4692408,35;27217;2912637,92;1110;3959714,39;14127;2101560,09;3701;1078;58;1000;58
4026;2024-06-01;4321857;TRÊS PALMEIRAS;43;RIO GRANDE DO SUL;SU;SUL;10694612,83;39087;5223401,62;2878;9594743,16;18843;5700645,21;9078;2059;190;1890;176
5865;2024-06-01;5107925;SORRISO;51;MATO GROSSO;CO;CENTRO-OESTE;900325287,3;1901638;1141067448,65;269410;892935503,85;1049026;950557088,07;565776;65101;8935;63941;8335
2813;2024-06-01;2200277;ALEGRETE DO PIAUÍ;22;PIAUÍ;NE;NORDESTE;15648127,07;89484;1873598,44;2172;14586942,26;57827;1376869,11;5153;2501;61;2458;51
4889;2024-06-01;3114907;CASA GRANDE;31;MINAS GERAIS;SE;SUDESTE;6856928,73;15110;974742,74;698;6303408,89;9252;679281,53;1644;971;55;933;46
3344;2024-06-01;1506112;QUATIPURU;15;PARÁ;NO;NORTE;20982457,89;198841;3823141,43;3833;19214234,41;122461;4861176,17;9856;5794;122;5764;116
1512;2024-06-01;2400604;ALMINO AFONSO;24;RIO GRANDE DO NORTE;NE;NORDESTE;12103077,0;91104;2259410,48;2418;10998513,4;61751;1955582,42;6512;2735;76;2576;66
4566;2024-06-01;2410306;SERRA CAIADA;24;RIO GRANDE DO NORTE;NE;NORDESTE;18615151,49;145430;8289043,33;5610;17845487,16;100190;6832173,86;19788;4475;150;4450;127
5584;2024-06-01;2801306;CAPELA;28;SERGIPE;NE;NORDESTE;65193776,4;518948;16111663,32;10648;60685291,62;340574;15442985,66;57808;15873;380;15946;358
1410;2024-06-01;3169406;TRÊS PONTAS;31;MINAS GERAIS;SE;SUDESTE;220195881,6;787869;282918177,57;57268;207862758,54;506194;290901076,38;152280;30505;2377;30712;2246
3790;2024-06-01;4113007;JUSSARA;41;PARANÁ;SU;SUL;19359717,54;109376;96153030,29;6650;18364591,01;57268;88138110,05;15081;3939;258;3768;240
133;2024-06-01;4306502;DOM FELICIANO;43;RIO GRANDE DO SUL;SU;SUL;20583316,12;108830;5884380,32;5355;15255886,95;52818;5908550,71;19602;5273;268;4838;258
3390;2024-06-01;4302584;BOZANO;43;RIO GRANDE DO SUL;SU;SUL;4858763,73;16469;1961147,63;903;5998855,4;7295;2402372,67;1729;820;49;742;55
4594;2024-06-01;2106904;MONÇÃO;21;MARANHÃO;NE;NORDESTE;43664007,38;446825;3669803,6;7496;38725017,19;274189;4223273,98;30974;12401;134;11890;131
4598;2024-06-01;2513943;SÃO DOMINGOS DO CARIRI;25;PARAÍBA;NE;NORDESTE;6181713,67;34729;426453,55;602;6005565,26;26564;364860,15;2038;1219;32;1188;33
2085;2024-06-01;2701100;BRANQUINHA;27;ALAGOAS;NE;NORDESTE;18776213,17;166464;1243425,64;2956;18113374,03;98538;1298406,33;6552;5003;77;4972;64
218;2024-06-01;3139003;MACHADO;31;MINAS GERAIS;SE;SUDESTE;125129599,44;491938;150368295,6;40807;135091598,82;314561;176360953,75;88716;21174;1808;21316;1671
1417;2024-06-01;3549102;SÃO JOÃO DA BOA VISTA;35;SÃO PAULO;SE;SUDESTE;348992345,24;1353119;324557635,68;130955;385565458,96;862996;330533719,54;274486;54781;5393;53650;5057
5554;2024-06-01;4211504;NOVA TRENTO;42;SANTA CATARINA;SU;SUL;34206942,07;131708;47590744,8;18220;39381401,09;71341;41045953,4;33884;6825;1066;6495;1005
107;2024-06-01;3110707;CAMBUQUIRA;31;MINAS GERAIS;SE;SUDESTE;28308762,94;179708;6984012,14;9588;32308933,74;106152;8026800,57;30693;6509;478;6609;475
99;2024-06-01;3133204;ITANHOMI;31;MINAS GERAIS;SE;SUDESTE;31393535,74;119434;6629091,89;4389;37348498,62;76295;7110258,5;16654;5529;288;5578;288
1494;2024-06-01;2910750;FÁTIMA;29;BAHIA;NE;NORDESTE;38672478,78;228355;4601882,49;5893;36768072,41;153148;5044957,97;19974;7867;223;7753;225
4664;2024-06-01;2803203;ITAPORANGA D'AJUDA;28;SERGIPE;NE;NORDESTE;72906624,92;707899;20870785,14;15431;69501620,66;417091;54002485,64;62734;18250;512;18429;464
3214;2024-06-01;4110409;INDIANÓPOLIS;41;PARANÁ;SU;SUL;11561079,43;66487;5687228,29;3342;11315040,24;36230;4828919,08;9768;2497;130;2421;122
3357;2024-06-01;3165701;SENADOR FIRMINO;31;MINAS GERAIS;SE;SUDESTE;14457960,24;67574;6359122,65;5355;14943793,06;42577;6477686,88;15834;3325;277;3188;247
72;2024-06-01;4306353;DEZESSEIS DE NOVEMBRO;43;RIO GRANDE DO SUL;SU;SUL;3776821,83;18599;3820132,79;1010;3470408,71;9375;3252086,72;2252;1026;50;972;51
4636;2024-06-01;2103901;DUQUE BACELAR;21;MARANHÃO;NE;NORDESTE;18450019,31;186841;1610891,59;2292;16450919,09;114637;1678932,29;6906;5028;67;4895;64
2875;2024-06-01;1702703;AURORA DO TOCANTINS;17;TOCANTINS;NO;NORTE;8310291,88;43599;1183507,42;2649;7996694,35;26622;1109604,4;7899;1520;73;1483;70
39;2024-06-01;2907558;CATURAMA;29;BAHIA;NE;NORDESTE;9902261,12;61540;744139,25;922;9972552,11;36104;725969,38;3121;2641;64;2606;56
2878;2024-06-01;2511707;PILÕEZINHOS;25;PARAÍBA;NE;NORDESTE;7954380,68;58708;490553,66;963;7783153,47;42268;404379,29;2569;2075;41;2092;30
2904;2024-06-01;4315602;RIO GRANDE;43;RIO GRANDE DO SUL;SU;SUL;682763145,16;4041131;408192012,8;247339;640563148,85;2430468;422994976,78;658263;130174;7928;126810;7447
4673;2024-06-01;2409407;PAU DOS FERROS;24;RIO GRANDE DO NORTE;NE;NORDESTE;106843950,73;631828;41972267,89;28543;99477556,8;448616;49357802,65;127473;18046;1086;17610;974
2148;2024-06-01;2615904;TUPARETAMA;26;PERNAMBUCO;NE;NORDESTE;24309064,84;147494;5198480,78;3213;22348059,44;94063;4426795,55;13336;4590;124;4477;120
1372;2024-06-01;2918506;JUSSARA;29;BAHIA;NE;NORDESTE;30355841,37;235590;3352076,85;4381;29103705,67;146957;3411079,8;13049;7521;164;7270;152
229;2024-06-01;3520608;INDIANA;35;SÃO PAULO;SE;SUDESTE;14645173,07;74446;8770078,47;5348;15406027,82;44896;7349893,44;11963;2830;215;2778;201
3487;2024-06-01;3135308;JAPARAÍBA;31;MINAS GERAIS;SE;SUDESTE;10483085,74;47269;1801995,92;2420;11328980,35;26878;2319689,9;9135;2085;178;1935;149
1921;2024-06-01;5207600;FAZENDA NOVA;52;GOIÁS;CO;CENTRO-OESTE;19741850,82;68220;5554857,8;4007;17448910,57;45021;5112816,23;9375;2700;180;2608;171
2401;2024-06-01;3501806;AMÉRICO DE CAMPOS;35;SÃO PAULO;SE;SUDESTE;39248122,93;75893;4152610,4;4977;36047841,77;45829;4767603,72;11284;3196;201;3076;194
2390;2024-06-01;1718402;PRESIDENTE KENNEDY;17;TOCANTINS;NO;NORTE;10881441,89;65876;4153932,84;3221;10161426,46;38415;10314109,81;10857;1837;92;1845;84
5337;2024-06-01;3550803;SÃO SEBASTIÃO DA GRAMA;35;SÃO PAULO;SE;SUDESTE;25269799,71;125762;21669590,64;11452;25709867,71;70668;18644219,91;24812;5282;444;5188;422
1941;2024-06-01;2703205;IGREJA NOVA;27;ALAGOAS;NE;NORDESTE;39638695,86;290918;2221413,2;2201;36707193,5;173027;1993123,38;7751;10560;117;10277;99
3858;2024-06-01;1701002;ANANÁS;17;TOCANTINS;NO;NORTE;33204864,88;249855;7435390,53;8018;30627257,88;157480;7235511,25;22505;6336;272;6201;255
1948;2024-06-01;3104700;ATALÉIA;31;MINAS GERAIS;SE;SUDESTE;25675518,14;157093;4493347,69;3724;27025410,14;91284;5796744,02;15447;5833;204;5699;198
1960;2024-06-01;3553906;TARABAI;35;SÃO PAULO;SE;SUDESTE;18153452,19;108092;10558382,59;8331;19166551,3;63064;6030760,63;11808;3933;238;3877;214
5887;2024-06-01;1508159;URUARÁ;15;PARÁ;NO;NORTE;155116176,87;773097;128848397,26;49301;173470133,39;447186;91974091,73;183137;22549;766;22190;760
1304;2024-06-01;3515806;FLORA RICA;35;SÃO PAULO;SE;SUDESTE;4266181,34;26736;625060,22;469;4240332,47;13488;846911,65;1294;836;24;830;27
1306;2024-06-01;2205151;JACOBINA DO PIAUÍ;22;PIAUÍ;NE;NORDESTE;10089923,96;64649;3502693,95;3572;9268519,52;40570;2082974,03;10512;2045;74;2017;66
359;2024-06-01;3103108;ANTÔNIO PRADO DE MINAS;31;MINAS GERAIS;SE;SUDESTE;3353155,54;18761;619604,46;565;3219873,78;14137;557143,82;1057;788;34;742;27
5892;2024-06-01;3167202;SETE LAGOAS;31;MINAS GERAIS;SE;SUDESTE;878976628,57;4543578;897083039,48;372558;902773421,95;2949968;820755903,01;837683;149275;12709;149826;11807
3239;2024-06-01;4219150;VARGEM;42;SANTA CATARINA;SU;SUL;7136407,33;23983;1839615,09;1222;6641311,37;12915;2014371,7;2878;1208;69;1167;68
4462;2024-06-01;5219704;SANTA TEREZINHA DE GOIÁS;52;GOIÁS;CO;CENTRO-OESTE;46210268,46;149310;14468303,99;12950;49256285,31;102799;14206860,73;42477;5145;370;5225;359
3192;2024-06-01;2203503;ELESBÃO VELOSO;22;PIAUÍ;NE;NORDESTE;24016290,27;220896;4500059,69;3512;23006467,0;133406;4864245,88;19554;6714;169;6551;139
3720;2024-06-01;2703700;JARAMATAIA;27;ALAGOAS;NE;NORDESTE;12482432,04;77772;1140592,79;839;11858769,2;48203;1003377,21;2811;2681;36;2627;30
1528;2024-06-01;3540606;PORTO FELIZ;35;SÃO PAULO;SE;SUDESTE;185502553,09;978429;135608637,86;86194;203879485,34;557100;150300708,71;199342;33692;2845;33206;2646
5914;2024-06-01;3301157;CARDOSO MOREIRA;33;RIO DE JANEIRO;SE;SUDESTE;28288156,7;201985;34771228,89;8313;27829028,47;125053;16410641,23;31354;6884;395;6762;385
4914;2024-06-01;5103502;DIAMANTINO;51;MATO GROSSO;CO;CENTRO-OESTE;151967556,67;490966;91397481,53;42615;126206454,97;261292;88167081,42;105300;14668;1338;14396;1253
5340;2024-06-01;2609501;NAZARÉ DA MATA;26;PERNAMBUCO;NE;NORDESTE;70135768,65;563000;13847787,17;14459;67294886,65;392441;33726009,4;55516;17013;467;17042;422
3196;2024-06-01;4100400;ALMIRANTE TAMANDARÉ;41;PARANÁ;SU;SUL;340390540,9;2417077;211843698,64;155417;369997015,98;1412173;197643155,3;322508;72835;4733;73516;4459
4690;2024-06-01;3104106;ARCEBURGO;31;MINAS GERAIS;SE;SUDESTE;18703756,84;111732;23981142,41;10227;19012399,7;62398;34118115,05;28601;4599;338;4465;335
2163;2024-06-01;1501253;BANNACH;15;PARÁ;NO;NORTE;11079769,54;54948;1454295,16;2480;11284520,12;31910;2758846,89;8800;1958;61;1897;59
245;2024-06-01;4107108;DIAMANTE DO NORTE;41;PARANÁ;SU;SUL;13588789,61;73881;8884970,26;5187;14403442,46;41276;11154891,74;16241;3050;172;2949;173
1359;2024-06-01;2411205;SANTA CRUZ;24;RIO GRANDE DO NORTE;NE;NORDESTE;112551858,71;793660;30287247,55;36186;107467785,96;555916;28156035,24;122265;22037;950;21757;856
2792;2024-06-01;4304408;CANELA;43;RIO GRANDE DO SUL;SU;SUL;183710781,46;965724;137042582,69;91856;193153164,23;540107;121990187,99;218412;31376;3758;30992;3583
5929;2024-06-01;4120309;PORTO VITÓRIA;41;PARANÁ;SU;SUL;5837146,42;38012;2922931,99;2519;6705216,63;20116;3113572,38;4776;1764;118;1739;109
2987;2024-06-01;3542503;REGINÓPOLIS;35;SÃO PAULO;SE;SUDESTE;18153796,82;109541;4566436,28;5340;17308139,49;68087;4253711,47;11782;3756;219;3625;211
3019;2024-06-01;3170909;VARZELÂNDIA;31;MINAS GERAIS;SE;SUDESTE;42450509,2;295889;6941539,8;7774;40520149,84;176916;7247555,8;30803;10013;323;9567;313
1425;2024-06-01;5106182;NOVA LACERDA;51;MATO GROSSO;CO;CENTRO-OESTE;24476100,21;86419;12467598,69;7140;25926496,26;48525;11260106,56;21779;3325;228;3179;211
1203;2024-06-01;3165800;SENADOR JOSÉ BENTO;31;MINAS GERAIS;SE;SUDESTE;2899575,7;12090;484425,77;570;3348896,72;7727;301184,91;921;684;33;665;31
3630;2024-06-01;2926301;RIACHÃO DO JACUÍPE;29;BAHIA;NE;NORDESTE;99507472,01;605922;49429625,04;24311;101796310,4;433738;46743904,27;86450;17543;980;17749;876
4789;2024-06-01;2300408;AIUABA;23;CEARÁ;NE;NORDESTE;26192510,34;220622;1779001,47;4469;24338125,75;152256;1987830,28;14400;6627;142;6340;132
5789;2024-06-01;2931053;TANQUE NOVO;29;BAHIA;NE;NORDESTE;29868753,36;145724;8649004,73;8490;27572801,5;98208;9893188,15;22621;6775;375;6342;320
5022;2024-06-01;2611309;POMBOS;26;PERNAMBUCO;NE;NORDESTE;68742980,76;391735;42123059,52;14724;68909936,81;306083;41191164,71;59822;12764;400;12698;364
3255;2024-06-01;3144409;NATÉRCIA;31;MINAS GERAIS;SE;SUDESTE;9866647,03;30658;4915992,95;2833;7713526,2;18209;14954058,85;5689;1976;121;1839;120
3670;2024-06-01;3165206;SÃO TOMÉ DAS LETRAS;31;MINAS GERAIS;SE;SUDESTE;13901330,07;77992;11269259,36;13779;15632459,48;58887;9279953,73;42183;3209;562;3309;533
3028;2024-06-01;2704104;LAGOA DA CANOA;27;ALAGOAS;NE;NORDESTE;41114315,41;247785;4995382,58;4239;37955570,19;158616;3537645,9;13827;8593;156;8345;130
3674;2024-06-01;3148509;PAVÃO;31;MINAS GERAIS;SE;SUDESTE;15294405,18;93875;6181497,42;2656;14696123,58;62778;4692915,05;8818;3572;140;3534;138
3061;2024-06-01;4106001;CONGONHINHAS;41;PARANÁ;SU;SUL;18033836,95;92871;5814523,58;4697;17428583,95;52229;5154227,38;13480;3963;217;3939;203
5675;2024-06-01;2100832;APICUM-AÇU;21;MARANHÃO;NE;NORDESTE;35915026,2;303458;5804991,11;5523;34081838,25;205090;6274317,96;17914;7809;138;7517;133
2470;2024-06-01;2602803;BUÍQUE;26;PERNAMBUCO;NE;NORDESTE;71225454,81;510789;8238046,47;10183;71106708,01;346013;10136832,36;43525;19132;422;19061;384
5445;2024-06-01;2204550;GUARIBAS;22;PIAUÍ;NE;NORDESTE;9629692,96;65466;1158018,19;1172;8371844,78;40643;945328,44;2914;2056;64;1999;53
1668;2024-06-01;4200705;ALFREDO WAGNER;42;SANTA CATARINA;SU;SUL;30989687,15;81966;11805900,43;10248;29315475,91;49598;12498273,65;24331;4627;505;4305;504
2544;2024-06-01;2205540;LAGOINHA DO PIAUÍ;22;PIAUÍ;NE;NORDESTE;5092075,57;44680;4575812,09;491;4656615,81;27340;1544374,57;3606;1240;20;1239;17
1139;2024-06-01;1718303;PRAIA NORTE;17;TOCANTINS;NO;NORTE;18136511,7;151943;1500226,3;2412;17475289,17;96807;1692343,72;7110;3957;72;3977;67
2489;2024-06-01;2504207;CATINGUEIRA;25;PARAÍBA;NE;NORDESTE;9793618,79;67630;1775882,56;1319;10258633,8;43219;1469108,27;3619;2217;46;2240;44
4016;2024-06-01;5214838;NOVA CRIXÁS;52;GOIÁS;CO;CENTRO-OESTE;61965911,93;199751;20788300,11;15004;56625297,98;131169;26076806,16;54752;6358;530;6500;473
1197;2024-06-01;4311734;MAMPITUBA;43;RIO GRANDE DO SUL;SU;SUL;5701072,86;23235;1549654,78;1222;6834505,17;13648;771005,71;3735;1175;62;1116;52
1191;2024-06-01;4204194;CHAPADÃO DO LAGEADO;42;SANTA CATARINA;SU;SUL;7544003,25;21824;1440678,87;1945;5537466,44;10327;1424468,59;4776;1237;88;1080;85
2228;2024-06-01;3534807;OURO VERDE;35;SÃO PAULO;SE;SUDESTE;19053783,45;132627;6822283,51;5680;20335167,42;71138;9475826,79;14878;4154;240;4129;232
1812;2024-06-01;5106703;PONTE BRANCA;51;MATO GROSSO;CO;CENTRO-OESTE;5892686,99;30824;1497447,9;1042;6239323,55;18022;1021244,98;3393;942;60;942;60
1185;2024-06-01;4317251;SANTA TEREZA;43;RIO GRANDE DO SUL;SU;SUL;2238761,26;8365;373605,47;356;2094511,88;4037;532314,02;1091;604;50;526;48
5705;2024-06-01;1706001;COUTO MAGALHÃES;17;TOCANTINS;NO;NORTE;15669079,0;84379;26893236,07;4933;16140068,59;53258;25633190,46;13105;2538;129;2518;112
5202;2024-06-01;2302404;BOA VIAGEM;23;CEARÁ;NE;NORDESTE;110727949,3;780193;22571945,5;19285;103514355,46;542632;24733765,43;76837;24446;606;24133;570
3927;2024-06-01;1705508;COLINAS DO TOCANTINS;17;TOCANTINS;NO;NORTE;228516891,74;849650;99087595,62;67488;209829855,17;517574;111042382,04;206701;22125;1466;22348;1417
1159;2024-06-01;3519055;HOLAMBRA;35;SÃO PAULO;SE;SUDESTE;99793943,6;254535;122610408,07;36509;96979896,11;149488;123744013,56;80631;10316;1351;9982;1249
887;2024-06-01;3156809;SABINÓPOLIS;31;MINAS GERAIS;SE;SUDESTE;32833147,45;155367;7362045,47;7717;34812248,24;94397;6771539,27;25136;6963;308;6972;305
5227;2024-06-01;4100301;AGUDOS DO SUL;41;PARANÁ;SU;SUL;25542479,59;122617;27329963,86;12349;25864451,05;68588;22390705,34;27163;4461;387;4369;376
2575;2024-06-01;3524204;JABORANDI;35;SÃO PAULO;SE;SUDESTE;23530632,25;93455;6075107,21;5941;23545840,25;53416;5208733,75;13825;3635;235;3461;208
5078;2024-06-01;2304269;DEPUTADO IRAPUAN PINHEIRO;23;CEARÁ;NE;NORDESTE;15895450,13;102872;5201074,33;2520;15127349,36;72195;4644990,87;10879;3670;96;3630;94
860;2024-06-01;3518107;GUARANTÃ;35;SÃO PAULO;SE;SUDESTE;16021346,05;120523;5230767,27;5854;15948344,88;66507;5786726,88;16746;3869;194;3735;186
1102;2024-06-01;1600303;MACAPÁ;16;AMAPÁ;NO;NORTE;1892118377,54;15113881;848267750,85;717815;1844227882,51;10616554;810095832,24;1979652;328482;13711;325050;12972
1736;2024-06-01;2307254;JIJOCA DE JERICOACOARA;23;CEARÁ;NE;NORDESTE;69461390,31;485977;44908906,82;63036;68667643,67;344300;39665519,14;195482;12271;1364;11947;1248
1144;2024-06-01;5201405;APARECIDA DE GOIÂNIA;52;GOIÁS;CO;CENTRO-OESTE;2405157615,15;13611192;2608898432,05;1042791;2608331651,15;9434907;2550418818,97;2560103;361780;27482;369127;25457
5757;2024-06-01;2112233;TRIZIDELA DO VALE;21;MARANHÃO;NE;NORDESTE;51382699,05;416618;16536023,36;16584;49720454,16;267626;15619509,68;49510;11073;406;10974;379
3089;2024-06-01;2608057;JATOBÁ;26;PERNAMBUCO;NE;NORDESTE;30956747,8;238948;6338271,21;3596;28299367,11;149780;4868911,17;15291;7135;146;6942;128
3649;2024-06-01;2506004;ESPERANÇA;25;PARAÍBA;NE;NORDESTE;75119960,74;494026;49741826,02;24898;75991172,33;346564;44399751,53;79373;15636;1001;15783;891
1756;2024-06-01;2102200;BURITI;21;MARANHÃO;NE;NORDESTE;49838489,31;438938;4867387,06;5120;48841959,95;276154;5201860,74;30941;12819;159;12336;157
2553;2024-06-01;4114401;MANGUEIRINHA;41;PARANÁ;SU;SUL;69018129,77;229380;77637808,61;18950;59488762,84;119278;55369076,29;47314;9321;737;9165;717
4020;2024-06-01;2105658;JUNCO DO MARANHÃO;21;MARANHÃO;NE;NORDESTE;13766472,87;109278;1652052,16;2428;12931278,81;72225;1383204,33;5295;2875;37;2775;36
4181;2024-06-01;3136306;JOÃO PINHEIRO;31;MINAS GERAIS;SE;SUDESTE;166894899,52;843608;148172046,58;63714;173771664,47;510304;148226428,16;165194;28436;2211;28693;2103
3631;2024-06-01;2111078;SÃO JOÃO DO SOTER;21;MARANHÃO;NE;NORDESTE;26160322,45;249463;2477934,97;4042;23781361,54;151721;9808203,26;11822;6814;114;6555;99
1182;2024-06-01;3515194;ESPÍRITO SANTO DO TURVO;35;SÃO PAULO;SE;SUDESTE;10336831,19;78891;5212641,28;3660;10655230,44;42228;4281619,76;8438;2630;134;2617;122
2641;2024-06-01;2414001;TANGARÁ;24;RIO GRANDE DO NORTE;NE;NORDESTE;39378497,98;304490;7315374,67;7705;37453870,27;224983;9247325,73;33272;8174;253;8017;231
725;2024-06-01;3123528;DURANDÉ;31;MINAS GERAIS;SE;SUDESTE;18296496,28;95255;3471604,35;3783;16129310,89;49471;2893309,36;12721;3611;176;3341;166
5457;2024-06-01;3135001;JAGUARAÇU;31;MINAS GERAIS;SE;SUDESTE;7561679,96;50580;13599636,06;3102;7650632,94;30413;10500389,43;6994;1644;107;1613;97
1685;2024-06-01;2506103;FAGUNDES;25;PARAÍBA;NE;NORDESTE;17826396,14;148700;2281890,76;2277;17900068,35;106632;1970230,43;10618;5349;125;5399;103
4138;2024-06-01;3536257;PARISI;35;SÃO PAULO;SE;SUDESTE;6546569,92;30848;7820451,69;2087;8042132,14;19687;5159196,64;4792;1298;80;1286;76
2119;2024-07-01;4317251;SANTA TEREZA;43;RIO GRANDE DO SUL;SU;SUL;2513833,2;8669;408740,9;335;2685932,47;4430;742504,37;1228;606;49;530;47
2766;2024-07-01;5207600;FAZENDA NOVA;52;GOIÁS;CO;CENTRO-OESTE;20944691,57;67678;6353745,17;4088;17710015,8;43371;5693956,95;9840;2769;183;2619;171
1967;2024-07-01;5106703;PONTE BRANCA;51;MATO GROSSO;CO;CENTRO-OESTE;6815940,81;31503;1957259,25;1545;7097256,53;19722;1268732,03;4076;952;60;944;61
4450;2024-07-01;2409407;PAU DOS FERROS;24;RIO GRANDE DO NORTE;NE;NORDESTE;111271787,9;657180;50027062,18;31424;103575667,96;468051;60320450,55;139925;18264;1098;17832;1001
1783;2024-07-01;3540606;PORTO FELIZ;35;SÃO PAULO;SE;SUDESTE;193523686,52;1000786;147994501,65;90908;210092501,07;563410;140771825,62;196406;33928;2897;33358;2694
1307;2024-07-01;2918506;JUSSARA;29;BAHIA;NE;NORDESTE;32167654,04;239183;3753546,55;4697;30774495,93;149843;3687003,75;14888;7634;166;7391;157
4341;2024-07-01;2703205;IGREJA NOVA;27;ALAGOAS;NE;NORDESTE;40835991,61;298569;2407464,66;2458;37004601,51;176854;1872283,93;8920;10778;121;10420;111
5662;2024-07-01;4100301;AGUDOS DO SUL;41;PARANÁ;SU;SUL;28447352,4;128587;32380766,46;13139;28022024,46;70949;28206002,37;29030;4546;396;4479;393
2258;2024-07-01;1600303;MACAPÁ;16;AMAPÁ;NO;NORTE;2008700324,54;15137185;1008381666,91;781483;1962258515,95;10538843;964141160,66;2070523;330865;13997;326835;13258
2510;2024-07-01;2200277;ALEGRETE DO PIAUÍ;22;PIAUÍ;NE;NORDESTE;17361778,78;95966;1847801,88;2470;15789141,94;62972;1490935,86;5913;2528;59;2474;52
4071;2024-07-01;1705508;COLINAS DO TOCANTINS;17;TOCANTINS;NO;NORTE;230188400,02;852073;119643378,93;70544;209149962,71;510154;125763307,97;215528;22311;1483;22442;1429
4072;2024-07-01;2204550;GUARIBAS;22;PIAUÍ;NE;NORDESTE;10277933,28;67211;1632225,41;1284;8989135,42;40417;1418275,26;3140;2080;58;2032;50
5947;2024-07-01;2612406;SANHARÓ;26;PERNAMBUCO;NE;NORDESTE;39182898,74;250415;7457096,15;7965;38596075,36;168523;5436963,21;32387;8906;265;8712;229
5323;2024-07-01;2410306;SERRA CAIADA;24;RIO GRANDE DO NORTE;NE;NORDESTE;19270214,71;149140;10172402,78;6318;18658603,71;101088;7102920,05;21370;4651;159;4569;132
4814;2024-07-01;1200054;ASSIS BRASIL;12;ACRE;NO;NORTE;16644591,64;103020;3844241,42;4555;15940160,88;64137;2444674,04;11620;3389;98;3371;83
5205;2024-07-01;4123303;SANTA CRUZ DE MONTE CASTELO;41;PARANÁ;SU;SUL;27217022,52;117310;12112950,0;8715;27566284,04;64240;12898939,87;32320;4548;347;4393;325
4195;2024-07-01;2701100;BRANQUINHA;27;ALAGOAS;NE;NORDESTE;18900805,55;169602;1297324,43;2247;17867736,39;99071;1254177,69;7189;5093;72;5036;61
5214;2024-07-01;3135001;JAGUARAÇU;31;MINAS GERAIS;SE;SUDESTE;8210057,49;50393;24304485,21;3361;7981425,3;30507;17531252,35;7691;1674;112;1648;103
4878;2024-07-01;3536257;PARISI;35;SÃO PAULO;SE;SUDESTE;7928168,77;33474;8007869,5;1984;8475894,37;20692;4820955,71;4756;1301;78;1295;71
1786;2024-07-01;4114401;MANGUEIRINHA;41;PARANÁ;SU;SUL;58080961,69;233268;56400571,12;19826;55335184,11;123848;52049906,57;49953;9455;748;9185;733
2637;2024-07-01;2605509;FERREIROS;26;PERNAMBUCO;NE;NORDESTE;22718153,95;173550;2677835,13;3550;21938853,82;117460;2141029,84;13003;5751;141;5588;124
5210;2024-07-01;2609501;NAZARÉ DA MATA;26;PERNAMBUCO;NE;NORDESTE;82023948,68;566892;17633336,91;15155;71206440,91;390925;47800924,9;54507;17305;496;17182;444
5316;2024-07-01;2806503;SANTA ROSA DE LIMA;28;SERGIPE;NE;NORDESTE;7930598,06;79766;276956,51;699;7294119,84;49682;205469,58;1601;2164;33;2138;21
5406;2024-07-01;2202778;COLÔNIA DO PIAUÍ;22;PIAUÍ;NE;NORDESTE;12715753,24;95049;1810650,6;2229;12554521,66;57768;1348482,86;6836;2996;62;3089;61
354;2024-07-01;2506103;FAGUNDES;25;PARAÍBA;NE;NORDESTE;18403284,46;152826;2323266,7;2450;17959773,71;106362;1990973,28;11112;5432;126;5430;109
2071;2024-07-01;3519055;HOLAMBRA;35;SÃO PAULO;SE;SUDESTE;103013129,46;256522;139281535,29;39630;107674688,06;150670;133898025,27;84505;10360;1384;10066;1271
5487;2024-07-01;3548302;SANTO EXPEDITO;35;SÃO PAULO;SE;SUDESTE;7150643,0;44272;2605606,6;1936;7798923,45;23225;2210833,91;5670;1620;87;1567;76
5918;2024-07-01;3535705;PARAÍSO;35;SÃO PAULO;SE;SUDESTE;19337421,64;89229;143779727,69;7283;18001940,07;47592;93398701,04;18968;3401;232;3275;233
2932;2024-07-01;2203503;ELESBÃO VELOSO;22;PIAUÍ;NE;NORDESTE;25343487,37;222592;4889450,19;3894;24316848,8;135010;5329060,07;22650;6800;173;6672;140
196;2024-07-01;4306502;DOM FELICIANO;43;RIO GRANDE DO SUL;SU;SUL;19498288,49;111487;6121639,15;6029;15328489,79;55720;6349351,53;20553;5432;269;4967;255
3071;2024-07-01;4304408;CANELA;43;RIO GRANDE DO SUL;SU;SUL;197233522,3;976240;148672770,92;104924;207726075,84;564096;135789999,5;276415;31624;3865;30980;3664
4505;2024-07-01;3527256;LOURDES;35;SÃO PAULO;SE;SUDESTE;4884611,68;23893;1053173,94;1874;4947809,79;14151;709594,22;4057;1125;58;1111;54
3408;2024-07-01;4219150;VARGEM;42;SANTA CATARINA;SU;SUL;8171127,68;24421;1881552,29;1304;7820183,85;13587;1805013,57;3048;1228;67;1185;63
3662;2024-07-01;3148509;PAVÃO;31;MINAS GERAIS;SE;SUDESTE;16284043,48;95476;7577344,4;3215;15750956,93;64418;6363114,52;9852;3622;144;3605;139
2318;2024-07-01;2602803;BUÍQUE;26;PERNAMBUCO;NE;NORDESTE;77223719,77;526011;10334567,81;11317;76227746,53;343397;12671359,84;52768;19638;423;19386;387
211;2024-07-01;1718303;PRAIA NORTE;17;TOCANTINS;NO;NORTE;20836703,73;162028;1723385,1;2296;20003469,41;106861;1747237,34;7567;4009;77;4017;74
1110;2024-07-01;2513943;SÃO DOMINGOS DO CARIRI;25;PARAÍBA;NE;NORDESTE;6693902,01;34926;532632,97;778;6361312,98;26412;632184,9;2256;1260;34;1218;34
252;2024-07-01;4107108;DIAMANTE DO NORTE;41;PARANÁ;SU;SUL;14188386,26;75204;8203672,78;5096;16938500,18;42686;10288989,31;16236;3081;178;3013;163
3598;2024-07-01;2611309;POMBOS;26;PERNAMBUCO;NE;NORDESTE;73751583,17;406720;49211937,8;16038;74540861,82;316748;49278792,8;58791;12974;411;12893;376
3610;2024-07-01;2414001;TANGARÁ;24;RIO GRANDE DO NORTE;NE;NORDESTE;43876735,88;321063;9477439,26;8626;40943814,01;236815;9228844,74;36235;8355;260;8147;231
1358;2024-07-01;2205540;LAGOINHA DO PIAUÍ;22;PIAUÍ;NE;NORDESTE;6136646,68;46501;3883920,76;483;5438741,92;27837;1618501,36;4302;1243;20;1250;17
847;2024-07-01;5201405;APARECIDA DE GOIÂNIA;52;GOIÁS;CO;CENTRO-OESTE;2522509226,26;13796163;2894025021,6;1096492;2724054882,81;9406635;2708263602,19;2599594;364463;28036;370303;25966
2058;2024-07-01;4106001;CONGONHINHAS;41;PARANÁ;SU;SUL;17247529,33;96824;7035043,56;4949;17719304,81;53061;4822014,11;14206;4049;212;3975;196
221;2024-07-01;3103108;ANTÔNIO PRADO DE MINAS;31;MINAS GERAIS;SE;SUDESTE;4220837,37;20049;314612,04;609;4224584,17;14315;244238,97;1389;778;38;752;30
909;2024-07-01;1702901;AXIXÁ DO TOCANTINS;17;TOCANTINS;NO;NORTE;35413686,84;237055;4630869,49;5608;34753948,22;158028;5815158,42;25697;6590;158;6588;140
821;2024-07-01;4311791;MARATÁ;43;RIO GRANDE DO SUL;SU;SUL;4549688,57;16731;3254483,51;2013;5300944,49;10322;2769501,7;4211;1042;123;938;125
3277;2024-07-01;2615904;TUPARETAMA;26;PERNAMBUCO;NE;NORDESTE;25562526,93;155415;6110214,7;3406;23479916,2;99261;4867518,84;14713;4698;129;4567;126
3979;2024-07-01;5219704;SANTA TEREZINHA DE GOIÁS;52;GOIÁS;CO;CENTRO-OESTE;47929861,73;154983;15407700,57;13458;52340080,93;104461;15236010,96;44242;5196;373;5301;360
3100;2024-07-01;2910750;FÁTIMA;29;BAHIA;NE;NORDESTE;39058217,98;230593;4994062,75;6308;37222161,68;152314;5656616,06;20706;7920;234;7740;216
1532;2024-07-01;4200705;ALFREDO WAGNER;42;SANTA CATARINA;SU;SUL;30507147,52;85225;14782558,57;11245;26719549,1;51132;14474199,29;26241;4640;527;4328;530
4906;2024-07-01;2801306;CAPELA;28;SERGIPE;NE;NORDESTE;68264923,61;530462;18908293,76;10652;62967554,52;332385;19056188,17;57130;16097;386;16176;355
3583;2024-07-01;3170909;VARZELÂNDIA;31;MINAS GERAIS;SE;SUDESTE;46992819,38;315165;8307966,81;9006;45098227,06;188023;8144270,13;35438;10268;334;9790;317
160;2024-07-01;3518107;GUARANTÃ;35;SÃO PAULO;SE;SUDESTE;16165675,02;122168;5470805,54;6170;15522225,69;66756;6854617,78;17470;3914;197;3770;198
339;2024-07-01;2907558;CATURAMA;29;BAHIA;NE;NORDESTE;9891139,92;60639;652384,05;977;9878810,5;35902;795755,75;3361;2671;63;2606;56
333;2024-07-01;3110707;CAMBUQUIRA;31;MINAS GERAIS;SE;SUDESTE;30286648,09;187145;7772832,61;10185;31146201,41;109511;8471062,07;32682;6617;493;6672;491
3223;2024-07-01;1718402;PRESIDENTE KENNEDY;17;TOCANTINS;NO;NORTE;11330590,32;66315;4257832,16;3089;11671103,98;37893;8234850,74;10379;1878;90;1863;85
4456;2024-07-01;2704104;LAGOA DA CANOA;27;ALAGOAS;NE;NORDESTE;41167737,55;249124;5811578,72;5003;38174890,22;157713;4531049,31;14543;8727;158;8394;133
331;2024-07-01;3165800;SENADOR JOSÉ BENTO;31;MINAS GERAIS;SE;SUDESTE;3010467,57;11736;820584,58;841;3577704,45;7920;567572,01;1104;693;38;672;34
3063;2024-07-01;3542503;REGINÓPOLIS;35;SÃO PAULO;SE;SUDESTE;17621531,17;110935;4636079,59;5328;17887019,32;70246;4828157,93;11605;3768;223;3671;207
3804;2024-07-01;4110052;IGUATU;41;PARANÁ;SU;SUL;5016243,24;28173;2845467,65;1173;4548397,05;14048;2319915,28;3617;1093;57;1029;60
315;2024-07-01;4215307;SALETE;42;SANTA CATARINA;SU;SUL;17174418,47;74114;98213781,36;10343;17985719,6;38578;53340907,64;21452;4041;532;3824;518
1530;2024-07-01;3515194;ESPÍRITO SANTO DO TURVO;35;SÃO PAULO;SE;SUDESTE;11707196,94;83431;5184415,26;3700;11342767,31;43433;4468122,21;8496;2683;132;2631;119
2255;2024-07-01;3534807;OURO VERDE;35;SÃO PAULO;SE;SUDESTE;20801859,95;133539;6329029,08;5720;21180557,73;71119;10505206,6;15715;4213;244;4205;226
2957;2024-07-01;2915908;ITANAGRA;29;BAHIA;NE;NORDESTE;15590210,88;143867;4523344,3;5014;15344870,02;88738;2851575,25;11917;3739;126;3682;117
5217;2024-07-01;2803203;ITAPORANGA D'AJUDA;28;SERGIPE;NE;NORDESTE;75107758,9;705795;27062477,64;17555;71715429,54;425341;59166309,43;64548;18423;527;18519;466
3589;2024-07-01;2105658;JUNCO DO MARANHÃO;21;MARANHÃO;NE;NORDESTE;14451747,35;109128;1948765,1;2607;13281412,95;71148;1616243,81;5766;2907;38;2821;34
3841;2024-07-01;1706001;COUTO MAGALHÃES;17;TOCANTINS;NO;NORTE;15812753,48;87236;38859235,46;5171;17771811,31;57496;34722221,53;15890;2564;125;2563;115
1642;2024-07-01;3104700;ATALÉIA;31;MINAS GERAIS;SE;SUDESTE;27692219,74;158058;16196559,93;4457;27480839,28;93071;18992259,14;17015;5936;215;5796;200
5536;2024-07-01;2804300;MURIBECA;28;SERGIPE;NE;NORDESTE;16971187,91;125104;5666942,72;3454;16158161,35;78602;5122714,08;9246;3951;75;3880;77
3108;2024-07-01;1718501;RECURSOLÂNDIA;17;TOCANTINS;NO;NORTE;10275236,47;64537;2076236,87;1309;8544630,25;35703;2995328,55;3989;1779;52;1749;44
5804;2024-07-01;2203420;DOMINGOS MOURÃO;22;PIAUÍ;NE;NORDESTE;7191915,85;56823;326814,97;1025;6752098,5;38316;419840,09;3014;1891;39;1873;36
5055;2024-07-01;3104106;ARCEBURGO;31;MINAS GERAIS;SE;SUDESTE;20369088,77;110050;32694123,16;11035;20717495,25;61339;45030595,38;26623;4644;348;4470;335
5704;2024-07-01;4107504;ENGENHEIRO BELTRÃO;41;PARANÁ;SU;SUL;48654325,68;208326;29911498,12;16149;58085395,6;107302;25726658,62;40468;7413;592;7296;584
5184;2024-07-01;2516755;TENÓRIO;25;PARAÍBA;NE;NORDESTE;7041287,95;60632;1619928,53;1611;6624842,61;37662;1692290,52;3312;1494;53;1475;41
526;2024-07-01;2307254;JIJOCA DE JERICOACOARA;23;CEARÁ;NE;NORDESTE;79850561,15;515314;58257167,58;76532;81456039,56;382695;51217477,02;236381;12466;1397;12155;1279
1877;2024-07-01;3139003;MACHADO;31;MINAS GERAIS;SE;SUDESTE;137612342,98;514963;254318362,04;45496;154158842,11;328142;314818466,34;101541;21463;1851;21484;1703
4920;2024-07-01;4110409;INDIANÓPOLIS;41;PARANÁ;SU;SUL;12692879,32;66413;7168985,61;3615;12434746,98;35526;6853402,99;10516;2528;129;2408;124
5969;2024-07-01;4321600;TRAMANDAÍ;43;RIO GRANDE DO SUL;SU;SUL;195774175,26;1217602;100698797,76;111763;201689372,74;734879;88008878,91;269977;33685;3204;32977;2947
2425;2024-07-01;3169406;TRÊS PONTAS;31;MINAS GERAIS;SE;SUDESTE;231170002,99;823877;344936064,41;61506;233616249,15;526378;361947006,11;163851;30999;2382;31067;2273
4344;2024-07-01;3165206;SÃO TOMÉ DAS LETRAS;31;MINAS GERAIS;SE;SUDESTE;15130376,62;82355;12972996,92;15609;17255136,41;63467;10744460,16;46641;3237;573;3353;544
5637;2024-07-01;2913705;INHAMBUPE;29;BAHIA;NE;NORDESTE;90834139,2;628600;46070082,08;24066;91434790,61;373474;39834753,66;79300;18448;726;18642;670
2221;2024-07-01;4302584;BOZANO;43;RIO GRANDE DO SUL;SU;SUL;4971865,26;16050;2226227,91;1100;6387890,03;7384;2070182,33;2038;827;51;747;52
2263;2024-07-01;2111078;SÃO JOÃO DO SOTER;21;MARANHÃO;NE;NORDESTE;29183305,07;254192;2052567,42;4639;24785506,13;157705;6374889,99;13229;6921;110;6655;98
498;2024-07-01;3156809;SABINÓPOLIS;31;MINAS GERAIS;SE;SUDESTE;36049058,35;164309;7306514,39;8395;37249360,47;100099;7594778,5;27167;7113;322;7098;315
4356;2024-07-01;1701002;ANANÁS;17;TOCANTINS;NO;NORTE;34714387,32;249453;7516611,16;8059;31734655,69;155043;8301636,38;23183;6357;281;6212;260
4256;2024-07-01;4100400;ALMIRANTE TAMANDARÉ;41;PARANÁ;SU;SUL;355177836,86;2489948;242416480,19;164820;387271222,27;1442164;228468247,44;339674;73499;4844;73914;4574
5110;2024-07-01;3509809;CAMPOS NOVOS PAULISTA;35;SÃO PAULO;SE;SUDESTE;15318607,36;73129;5777131,88;3356;23074175,31;39375;4542876,2;9084;2455;153;2397;143
681;2024-07-01;3202603;ICONHA;32;ESPÍRITO SANTO;SE;SUDESTE;43732214,0;182945;98152506,7;18683;42046217,28;108877;110579648,46;53257;6974;740;6678;690
1240;2024-07-01;4204194;CHAPADÃO DO LAGEADO;42;SANTA CATARINA;SU;SUL;8646091,63;22604;1776331,03;2098;6483965,11;10696;1720671,06;5611;1258;89;1104;89
5258;2024-07-01;1200138;BUJARI;12;ACRE;NO;NORTE;26196551,1;206595;9684212,64;8963;26721711,29;118628;6884609,17;19045;5451;136;5370;123
3162;2024-07-01;2511707;PILÕEZINHOS;25;PARAÍBA;NE;NORDESTE;8442613,15;60588;626856,99;1065;8251894,79;43217;500681,87;2944;2126;41;2115;32
3751;2024-07-01;2300408;AIUABA;23;CEARÁ;NE;NORDESTE;26673101,49;220275;2066382,07;4908;24887926,61;155158;2473481,75;12906;6659;153;6381;142
2687;2024-07-01;2108009;PASTOS BONS;21;MARANHÃO;NE;NORDESTE;50526853,28;397793;24061360,44;17195;46564472,06;245689;25353926,35;52044;9491;257;9256;260
3018;2024-07-01;3550803;SÃO SEBASTIÃO DA GRAMA;35;SÃO PAULO;SE;SUDESTE;27317416,23;131297;28124644,67;11335;28687831,37;72936;28343057,12;28409;5368;449;5240;438
5351;2024-07-01;1400407;NORMANDIA;14;RORAIMA;NO;NORTE;12044311,48;108282;4929993,44;4641;9794685,89;62198;4336273,75;14594;3104;71;3001;65
1584;2024-07-01;1702703;AURORA DO TOCANTINS;17;TOCANTINS;NO;NORTE;7193634,32;45609;1559644,74;3504;7058295,24;28350;1220178,96;9684;1533;75;1491;72
5189;2024-07-01;4211504;NOVA TRENTO;42;SANTA CATARINA;SU;SUL;36815554,42;137706;55022673,1;19929;42076645,0;73788;51392247,44;35543;6941;1086;6577;1027
5826;2024-07-01;2903003;BARRA DO MENDES;29;BAHIA;NE;NORDESTE;24081779,78;177349;3657196,49;4011;23321277,73;108408;5139202,81;18182;6723;185;6447;187
3014;2024-07-01;5212501;LUZIÂNIA;52;GOIÁS;CO;CENTRO-OESTE;802547630,43;5031849;444489978,51;273250;829446138,3;3214984;408271493,2;758018;128870;7556;130718;6967
601;2024-07-01;4311734;MAMPITUBA;43;RIO GRANDE DO SUL;SU;SUL;6169767,44;24925;1871278,81;1362;5830520,79;13499;976336,84;4127;1214;63;1149;56
5818;2024-07-01;5220702;SÍTIO D'ABADIA;52;GOIÁS;CO;CENTRO-OESTE;6482131,07;36024;3647443,87;958;6230168,55;21040;1872545,78;3679;1281;45;1233;37
2903;2024-07-01;4321857;TRÊS PALMEIRAS;43;RIO GRANDE DO SUL;SU;SUL;10933994,49;40786;4694570,15;3222;9839892,57;20520;5696655,0;8958;2085;179;1922;180
491;2024-07-01;3133204;ITANHOMI;31;MINAS GERAIS;SE;SUDESTE;33646482,78;130279;7894250,18;4964;40795995,07;83970;7811944,68;19717;5677;305;5687;305
5563;2024-07-01;2920601;MARAGOGIPE;29;BAHIA;NE;NORDESTE;90744988,92;759304;8475803,56;10146;88379763,2;532937;7832574,37;34192;20400;387;20280;360
4927;2024-07-01;5205059;CASTELÂNDIA;52;GOIÁS;CO;CENTRO-OESTE;12318050,43;63047;6394332,68;3609;12274075,6;34813;4857570,6;9232;1855;96;1795;92
616;2024-07-01;2411205;SANTA CRUZ;24;RIO GRANDE DO NORTE;NE;NORDESTE;120782828,89;823127;33960764,06;41224;113760586,68;582453;31885102,52;135108;22267;975;21941;861
1030;2024-07-01;3515806;FLORA RICA;35;SÃO PAULO;SE;SUDESTE;4021721,97;28448;812049,68;575;4130974,66;14686;651295,37;1590;840;24;814;27
4285;2024-07-01;5202353;ARENÓPOLIS;52;GOIÁS;CO;CENTRO-OESTE;16259321,38;37360;3172133,82;2523;17287832,4;21456;4108688,66;7450;1581;94;1532;86
3124;2024-07-01;2207405;PALMEIRA DO PIAUÍ;22;PIAUÍ;NE;NORDESTE;16463064,88;87231;1724318,61;3290;13488659,93;49387;4302557,73;9188;2844;80;2772;74
3542;2024-07-01;4309704;HUMAITÁ;43;RIO GRANDE DO SUL;SU;SUL;9772867,16;36290;5914328,25;2513;8237364,26;18744;5397777,48;8081;2164;204;1931;203
5358;2024-07-01;2506004;ESPERANÇA;25;PARAÍBA;NE;NORDESTE;79217646,4;500090;53837112,3;26116;79609659,78;343898;49087335,58;80072;15898;1016;15872;896
43;2024-07-01;4306353;DEZESSEIS DE NOVEMBRO;43;RIO GRANDE DO SUL;SU;SUL;3766470,5;19154;3358400,85;1087;3658050,3;9547;2843848,62;2459;1059;49;990;46
4322;2024-07-01;2302404;BOA VIAGEM;23;CEARÁ;NE;NORDESTE;115479436,78;793221;24453994,6;21057;108993516,84;551828;25561491,3;82993;24728;612;24321;568
1667;2024-07-01;2400604;ALMINO AFONSO;24;RIO GRANDE DO NORTE;NE;NORDESTE;12958985,87;93912;2262423,12;2258;11958668,36;61965;2054860,67;7016;2766;77;2594;74
4363;2024-07-01;2112233;TRIZIDELA DO VALE;21;MARANHÃO;NE;NORDESTE;56568264,7;428509;23145799,92;18474;54338091,75;275907;18966085,09;53515;11240;408;11097;389
677;2024-07-01;5106182;NOVA LACERDA;51;MATO GROSSO;CO;CENTRO-OESTE;23712832,56;88427;14082347,87;7497;26524537,21;49556;11492984,85;22014;3338;238;3221;224
2486;2024-07-01;2102200;BURITI;21;MARANHÃO;NE;NORDESTE;51089170,39;436146;6655001,47;5996;44531592,21;279223;6157256,29;31315;12907;170;12289;162
3356;2024-07-01;3165701;SENADOR FIRMINO;31;MINAS GERAIS;SE;SUDESTE;16228514,54;70744;6885841,59;5929;16597255,06;45859;7203573,4;17267;3381;274;3273;255
1166;2024-07-01;1501253;BANNACH;15;PARÁ;NO;NORTE;12497722,55;53647;1786687,73;2218;12592025,48;30276;3209217,49;8171;1958;65;1890;62
5138;2024-07-01;2703700;JARAMATAIA;27;ALAGOAS;NE;NORDESTE;12890695,09;82566;1569080,27;896;12278970,66;51016;1279116,45;3247;2744;34;2697;30
5791;2024-07-01;3142205;MIRAÍ;31;MINAS GERAIS;SE;SUDESTE;27082485,1;155640;25840898,29;9859;27249029,39;107516;26078847,23;32894;6111;448;5951;441
102;2024-07-01;3123528;DURANDÉ;31;MINAS GERAIS;SE;SUDESTE;21004278,63;97610;4003133,65;4282;18573765,52;50739;3160513,0;13356;3727;178;3425;169
3675;2024-07-01;4315602;RIO GRANDE;43;RIO GRANDE DO SUL;SU;SUL;679350115,57;4114999;511564283,64;273263;635160413,71;2476041;537845296,46;689539;131333;8125;127375;7615
3878;2024-07-01;2926301;RIACHÃO DO JACUÍPE;29;BAHIA;NE;NORDESTE;103433941,96;605502;62966117,66;26461;106594671,55;415695;49514703,65;86274;17712;971;17843;900
5629;2024-07-01;3301157;CARDOSO MOREIRA;33;RIO DE JANEIRO;SE;SUDESTE;31060424,2;213334;30660509,69;9262;29416526,3;133357;15263601,01;32448;6994;406;6849;396
1255;2024-07-01;2702405;DELMIRO GOUVEIA;27;ALAGOAS;NE;NORDESTE;150370079,27;1063289;41889094,09;34875;142776894,19;675812;38034928,36;137496;29596;1084;29643;1001
5016;2024-07-01;1503457;IPIXUNA DO PARÁ;15;PARÁ;NO;NORTE;57406736,56;468572;27263218,6;21795;55750758,14;296880;24492341,84;78187;13003;406;12851;406
5717;2024-07-01;2202075;CAJAZEIRAS DO PIAUÍ;22;PIAUÍ;NE;NORDESTE;5490829,5;47587;875509,84;749;4839235,34;26635;1200045,2;2587;1401;31;1430;31
1554;2024-07-01;5214838;NOVA CRIXÁS;52;GOIÁS;CO;CENTRO-OESTE;60125420,67;201554;23917326,51;16459;60635103,9;130953;27392566,78;62992;6443;543;6571;490
113;2024-07-01;5204706;CAMPINORTE;52;GOIÁS;CO;CENTRO-OESTE;62541013,94;233384;30452510,81;18217;61488948,76;135132;25205045,99;72698;7033;489;7072;483
3145;2024-07-01;2304269;DEPUTADO IRAPUAN PINHEIRO;23;CEARÁ;NE;NORDESTE;16263367,0;104919;7599250,97;3132;15398086,61;72131;6798547,35;12944;3732;95;3695;97
4211;2024-07-01;2106904;MONÇÃO;21;MARANHÃO;NE;NORDESTE;43669464,08;450875;3979436,4;6626;38757186,44;276510;4294157,66;30969;12636;133;12022;141
1415;2024-07-01;2504207;CATINGUEIRA;25;PARAÍBA;NE;NORDESTE;10236053,31;68636;2320918,57;1358;10604473,38;48582;1976640,88;3807;2251;47;2274;46
1627;2024-07-01;3144409;NATÉRCIA;31;MINAS GERAIS;SE;SUDESTE;10718310,16;31796;5572906,87;2535;9255782,19;19194;23579792,26;5740;2065;124;1883;124
1058;2024-07-01;2205151;JACOBINA DO PIAUÍ;22;PIAUÍ;NE;NORDESTE;10907123,13;67744;3255770,71;4072;9827563,25;43258;2357211,52;12093;2092;76;2042;64
3488;2024-07-01;3549102;SÃO JOÃO DA BOA VISTA;35;SÃO PAULO;SE;SUDESTE;363082808,15;1395163;363541213,84;139586;416299295,84;885388;359534229,66;284824;55216;5439;53972;5143
3560;2024-07-01;5002001;BATAYPORÃ;50;MATO GROSSO DO SUL;CO;CENTRO-OESTE;31575850,8;186748;21815840,58;15051;31646703,15;95213;40560209,18;36616;6411;424;6213;386
715;2024-07-01;3520608;INDIANA;35;SÃO PAULO;SE;SUDESTE;15116438,83;74803;9125612,34;5570;15993366,55;45170;7387066,11;12231;2854;214;2792;200
5018;2024-07-01;3114907;CASA GRANDE;31;MINAS GERAIS;SE;SUDESTE;10598117,19;15309;1155432,89;735;7360020,64;9394;803775,7;1920;991;57;939;49
3290;2024-07-01;3136306;JOÃO PINHEIRO;31;MINAS GERAIS;SE;SUDESTE;179808107,55;871366;209067155,73;69626;193595399,92;530715;196180422,04;183002;28830;2281;29000;2136
4617;2024-07-01;3501806;AMÉRICO DE CAMPOS;35;SÃO PAULO;SE;SUDESTE;45999750,22;77966;4332873,49;5409;40085721,15;46407;5278161,79;11706;3218;206;3094;198
4240;2024-07-01;3524204;JABORANDI;35;SÃO PAULO;SE;SUDESTE;20179416,96;92993;6920483,69;5905;23265212,41;53509;5006638,4;15221;3624;243;3496;211
3632;2024-07-01;1506112;QUATIPURU;15;PARÁ;NO;NORTE;21647463,95;205952;4681610,49;4482;19908559,39;132937;4803579,79;12124;5855;123;5796;112
3038;2024-07-01;2608057;JATOBÁ;26;PERNAMBUCO;NE;NORDESTE;30754127,08;234847;8893476,47;4168;27923841,59;143915;7331241,73;16313;7239;151;6968;141
2225;2024-07-01;3553906;TARABAI;35;SÃO PAULO;SE;SUDESTE;18980248,82;111283;9165630,28;6888;19093567,27;62524;7812535,59;12690;3981;252;3903;218
5361;2024-07-01;4113007;JUSSARA;41;PARANÁ;SU;SUL;19682204,09;107583;163600042,98;7401;19686342,89;57270;156511583,33;16727;3987;267;3786;240
4537;2024-08-01;2200277;ALEGRETE DO PIAUÍ;22;PIAUÍ;NE;NORDESTE;17960557,34;98578;1786767,15;2662;16079964,63;63720;1613978,87;6017;2558;61;2534;59
3644;2024-08-01;5214838;NOVA CRIXÁS;52;GOIÁS;CO;CENTRO-OESTE;61424053,11;213755;22455685,13;16759;58977999,5;134988;28829334,51;60852;6539;560;6665;515
5157;2024-08-01;2913705;INHAMBUPE;29;BAHIA;NE;NORDESTE;94215034,76;651144;43676254,08;24951;91241605,71;386968;37691872,01;83178;18664;730;18793;702
1423;2024-08-01;2701100;BRANQUINHA;27;ALAGOAS;NE;NORDESTE;20052497,21;174800;1261643,28;2587;19097215,67;104694;1162844,06;7468;5225;71;5134;59
4813;2024-08-01;2302404;BOA VIAGEM;23;CEARÁ;NE;NORDESTE;121466013,99;832768;26202568,8;21802;114212157,5;572718;27544675,96;86878;25101;623;24561;597
3095;2024-08-01;2414001;TANGARÁ;24;RIO GRANDE DO NORTE;NE;NORDESTE;44828529,82;331333;11099806,59;8806;42212385,89;241324;10869163,65;36975;8475;260;8212;248
1429;2024-08-01;4200705;ALFREDO WAGNER;42;SANTA CATARINA;SU;SUL;35295261,58;93601;12816804,47;11075;29523009,38;55134;13874222,14;27690;4701;521;4444;529
1096;2024-08-01;2307254;JIJOCA DE JERICOACOARA;23;CEARÁ;NE;NORDESTE;80315138,1;521012;57614479,87;74711;81986642,17;370650;46542460,1;215020;12568;1422;12251;1267
132;2024-08-01;4306502;DOM FELICIANO;43;RIO GRANDE DO SUL;SU;SUL;18554862,12;112019;7446894,99;6099;15105525,6;56797;6853330,23;21257;5457;289;5061;272
4587;2024-08-01;1706001;COUTO MAGALHÃES;17;TOCANTINS;NO;NORTE;15235281,28;85155;42109946,51;5502;18411265,61;51665;39460834,0;14303;2613;130;2610;115
2323;2024-08-01;2704104;LAGOA DA CANOA;27;ALAGOAS;NE;NORDESTE;44332753,46;268591;8010480,54;5340;41454514,24;165406;5117097,29;16399;8924;173;8533;145
75;2024-08-01;3104700;ATALÉIA;31;MINAS GERAIS;SE;SUDESTE;27215961,42;166096;14401995,67;4806;26881414,8;96242;13965988,0;16937;6033;222;5887;203
2137;2024-08-01;5106703;PONTE BRANCA;51;MATO GROSSO;CO;CENTRO-OESTE;6094695,97;32363;1599960,77;1563;5828466,99;19099;1303766,65;4128;967;67;943;60
3259;2024-08-01;4321857;TRÊS PALMEIRAS;43;RIO GRANDE DO SUL;SU;SUL;11958208,63;45715;6379436,66;3655;10213925,27;22531;5594345,48;9205;2163;186;1979;182
5354;2024-08-01;2926301;RIACHÃO DO JACUÍPE;29;BAHIA;NE;NORDESTE;106090986,36;634519;54393660,45;26443;112468218,44;430613;46509049,76;88575;17876;988;18018;905
2342;2024-08-01;3542503;REGINÓPOLIS;35;SÃO PAULO;SE;SUDESTE;19916802,84;121024;4763993,53;5687;17985876,8;74772;4784698,85;13464;3819;231;3706;212
117;2024-08-01;3103108;ANTÔNIO PRADO DE MINAS;31;MINAS GERAIS;SE;SUDESTE;3865097,28;19941;246032,47;513;3480389,02;14596;239127,57;1363;809;39;754;29
1720;2024-08-01;1501253;BANNACH;15;PARÁ;NO;NORTE;12181490,49;55773;1499303,52;2418;13657273,93;32754;3285881,09;8617;1977;60;1930;58
5946;2024-08-01;2202075;CAJAZEIRAS DO PIAUÍ;22;PIAUÍ;NE;NORDESTE;6212185,83;49129;1307296,93;818;5656083,24;27742;1352033,35;2759;1411;30;1445;33
4109;2024-08-01;2803203;ITAPORANGA D'AJUDA;28;SERGIPE;NE;NORDESTE;76327817,77;747353;62482487,1;19292;74390774,14;449340;141060165,56;69510;18695;521;18886;481
141;2024-08-01;4306353;DEZESSEIS DE NOVEMBRO;43;RIO GRANDE DO SUL;SU;SUL;3764068,63;20273;3097186,0;1132;3370705,79;10294;2741759,6;2542;1070;55;1001;55
1730;2024-08-01;2513943;SÃO DOMINGOS DO CARIRI;25;PARAÍBA;NE;NORDESTE;6482655,18;37789;495011,71;757;6289024,1;28204;570431,7;2386;1284;33;1213;33
1010;2024-08-01;3169406;TRÊS PONTAS;31;MINAS GERAIS;SE;SUDESTE;271923258,6;871254;375649135,49;65036;267059388,49;549160;403430266,89;172236;31384;2444;31592;2344
5492;2024-08-01;4110052;IGUATU;41;PARANÁ;SU;SUL;4749990,46;29377;2793294,26;1233;4178319,86;14456;3213770,18;4134;1120;61;1056;62
91;2024-08-01;2907558;CATURAMA;29;BAHIA;NE;NORDESTE;10663474,22;65108;844534,55;1314;10364625,3;36834;821827,04;4295;2744;66;2678;59
5549;2024-08-01;4119608;PITANGA;41;PARANÁ;SU;SUL;118778483,57;458208;82045476,31;46531;124747028,34;248340;72809008,26;95164;18134;1508;17898;1436
4895;2024-08-01;2703205;IGREJA NOVA;27;ALAGOAS;NE;NORDESTE;42303724,29;310370;2751602,7;2760;38575362,27;185151;3076223,81;9694;10993;125;10602;114
5459;2024-08-01;5103502;DIAMANTINO;51;MATO GROSSO;CO;CENTRO-OESTE;162472071,04;524741;102708446,32;46571;155191236,3;276452;147615109,36;113464;14853;1425;14553;1328
5245;2024-08-01;2311900;SABOEIRO;23;CEARÁ;NE;NORDESTE;32881445,71;219517;2915025,46;3263;31456482,05;159677;3312596,59;15885;7045;125;6873;112
1442;2024-08-01;1600303;MACAPÁ;16;AMAPÁ;NO;NORTE;2020004408,99;15809121;1006788021,23;828802;1978544985,22;11000708;975902382,57;2206102;334184;14218;329526;13438
904;2024-08-01;4311791;MARATÁ;43;RIO GRANDE DO SUL;SU;SUL;4484814,58;17158;3293981,61;1961;5079031,98;11259;3163009,38;4525;1057;123;951;127
2130;2024-08-01;3135001;JAGUARAÇU;31;MINAS GERAIS;SE;SUDESTE;8009621,56;54119;26661361,75;3360;8139690,03;33360;22407025,0;7441;1681;111;1659;99
3201;2024-08-01;2207405;PALMEIRA DO PIAUÍ;22;PIAUÍ;NE;NORDESTE;13696342,02;88310;1421266,31;2898;12830319,59;49742;1772898,72;8979;2869;77;2786;74
3634;2024-08-01;1718402;PRESIDENTE KENNEDY;17;TOCANTINS;NO;NORTE;11358419,23;69915;5508646,83;3176;10726637,65;39853;10689588,57;10527;1895;98;1890;94
4987;2024-08-01;5002001;BATAYPORÃ;50;MATO GROSSO DO SUL;CO;CENTRO-OESTE;32820709,72;197890;18244944,47;14628;33390126,86;102836;49146461,75;38381;6500;428;6328;390
2825;2024-08-01;1702703;AURORA DO TOCANTINS;17;TOCANTINS;NO;NORTE;7744205,62;49671;1408919,59;3099;7268206,19;28553;1178109,55;8878;1559;78;1529;73
4595;2024-08-01;2611309;POMBOS;26;PERNAMBUCO;NE;NORDESTE;75755554,36;433522;34719989,67;16828;75431039,02;338981;32256990,14;62158;13230;421;13133;379
4680;2024-08-01;4123303;SANTA CRUZ DE MONTE CASTELO;41;PARANÁ;SU;SUL;27592396,27;125035;12566012,02;8580;27260194,03;68643;13906813,82;28968;4593;342;4426;328
4013;2024-08-01;3503307;ARARAS;35;SÃO PAULO;SE;SUDESTE;503622290,87;2276680;402086699,26;216515;525920097,63;1400150;378267551,39;683101;83487;7357;81982;6846
974;2024-08-01;4311734;MAMPITUBA;43;RIO GRANDE DO SUL;SU;SUL;6101447,47;25176;1941019,64;1375;5787920,76;13905;1071253,43;4464;1244;70;1153;60
142;2024-08-01;1718303;PRAIA NORTE;17;TOCANTINS;NO;NORTE;20396625,47;166288;1720074,06;2256;19748327,64;105503;1830642,02;7580;4077;78;4067;76
1005;2024-08-01;3520608;INDIANA;35;SÃO PAULO;SE;SUDESTE;15847109,54;80373;11458696,04;5521;16370607,67;47039;8700797,39;12377;2896;218;2835;203
3218;2024-08-01;4317251;SANTA TEREZA;43;RIO GRANDE DO SUL;SU;SUL;2543361,96;9357;400022,19;373;2100899,4;4719;445490,55;1261;606;51;526;52
5191;2024-08-01;3135308;JAPARAÍBA;31;MINAS GERAIS;SE;SUDESTE;10982107,14;48956;2034121,02;2476;12407191,37;27769;2423501,38;10260;2164;176;2044;155
2153;2024-08-01;5106182;NOVA LACERDA;51;MATO GROSSO;CO;CENTRO-OESTE;23612276,83;90819;16816977,14;7690;25400559,79;51782;13872254,64;23022;3360;241;3224;219
689;2024-08-01;3202603;ICONHA;32;ESPÍRITO SANTO;SE;SUDESTE;45872865,79;192739;113614395,23;20163;43713573,14;112638;107636994,64;58013;7130;757;6873;701
482;2024-08-01;3165800;SENADOR JOSÉ BENTO;31;MINAS GERAIS;SE;SUDESTE;3127356,39;12455;702945,8;719;3018392,16;8456;709103,35;953;732;36;674;33
691;2024-08-01;4204194;CHAPADÃO DO LAGEADO;42;SANTA CATARINA;SU;SUL;8410937,34;22885;1466988,71;2102;6014276,67;10590;1753654,27;5893;1247;87;1103;91
2431;2024-08-01;4304408;CANELA;43;RIO GRANDE DO SUL;SU;SUL;204981092,35;1017130;160502069,55;106491;212521864,11;575676;130640505,7;238619;31866;3928;31256;3724
693;2024-08-01;2205540;LAGOINHA DO PIAUÍ;22;PIAUÍ;NE;NORDESTE;5453042,51;49031;4262473,84;482;4925667,48;28698;1466305,97;3632;1275;21;1270;20
1900;2024-08-01;4219150;VARGEM;42;SANTA CATARINA;SU;SUL;6959968,31;25627;2450714,12;1381;6861958,46;13417;2335306,14;3375;1218;73;1182;69
1810;2024-08-01;2111078;SÃO JOÃO DO SOTER;21;MARANHÃO;NE;NORDESTE;30854000,55;270983;2418532,27;4533;26475884,51;164628;8197296,96;15182;7068;110;6792;103
1906;2024-08-01;2108009;PASTOS BONS;21;MARANHÃO;NE;NORDESTE;49609820,49;398702;25626384,73;17514;46084322,97;242933;25525136,42;51325;9594;252;9403;266
4714;2024-08-01;2211704;WALL FERRAZ;22;PIAUÍ;NE;NORDESTE;7606359,16;55648;1329055,22;1371;6851146,12;33660;812156,27;5252;1878;41;1842;36
2737;2024-08-01;2801306;CAPELA;28;SERGIPE;NE;NORDESTE;68951024,65;560971;17486355,87;11769;66435504,88;352631;19435105,43;63394;16358;406;16450;371
1174;2024-08-01;2102200;BURITI;21;MARANHÃO;NE;NORDESTE;49207303,01;436578;5562760,52;5937;43574709,12;277895;6060372,36;30213;13086;165;12438;156
2652;2024-08-01;4315602;RIO GRANDE;43;RIO GRANDE DO SUL;SU;SUL;670650728,54;4239886;537756884,0;280238;628353127,33;2545650;618024412,25;696330;131956;8389;127841;7739
1549;2024-08-01;4114401;MANGUEIRINHA;41;PARANÁ;SU;SUL;61485180,04;248809;110786660,86;20986;60290295,25;128368;104009888,66;53876;9604;742;9375;727
5870;2024-08-01;2107407;OLHO D'ÁGUA DAS CUNHÃS;21;MARANHÃO;NE;NORDESTE;51428113,25;377490;7607096,06;7047;48521731,21;232762;9514856,86;30780;9638;159;9256;141
4706;2024-08-01;2702603;FEIRA GRANDE;27;ALAGOAS;NE;NORDESTE;45629160,79;293939;16977131,88;5170;42467306,96;193161;4978770,54;12799;10200;175;9633;170
4209;2024-08-01;2409407;PAU DOS FERROS;24;RIO GRANDE DO NORTE;NE;NORDESTE;115836990,56;682433;42973277,16;32198;106668224,73;487155;56221286,36;157956;18443;1113;17968;1010
421;2024-08-01;3133204;ITANHOMI;31;MINAS GERAIS;SE;SUDESTE;33075919,13;129479;6362336,18;4920;38746465,55;81471;7267537,74;18372;5783;315;5693;303
2039;2024-08-01;2511707;PILÕEZINHOS;25;PARAÍBA;NE;NORDESTE;8711912,2;63843;445488,11;1183;8256042,94;47649;524687,74;3136;2174;39;2147;31
4915;2024-08-01;4113007;JUSSARA;41;PARANÁ;SU;SUL;19000877,72;114009;46946201,56;7833;22305131,69;59825;39902456,53;17173;4009;260;3867;248
3866;2024-08-01;3148509;PAVÃO;31;MINAS GERAIS;SE;SUDESTE;17321807,29;100501;6590164,04;2961;16415615,93;66952;5694428,52;9886;3646;147;3629;144
418;2024-08-01;3110707;CAMBUQUIRA;31;MINAS GERAIS;SE;SUDESTE;30881231,06;198917;7700244,83;10054;32035920,21;115422;9666216,77;33268;6711;494;6767;497
2197;2024-08-01;2205151;JACOBINA DO PIAUÍ;22;PIAUÍ;NE;NORDESTE;10315098,61;69482;3463425,91;3889;9857368,5;42633;2304346,66;11169;2133;77;2084;68
5060;2024-08-01;1200054;ASSIS BRASIL;12;ACRE;NO;NORTE;15822889,88;104768;3878509,97;4594;15307414,06;64100;2333971,56;11553;3441;111;3394;86
413;2024-08-01;3156809;SABINÓPOLIS;31;MINAS GERAIS;SE;SUDESTE;35494503,71;172457;7734734,25;8739;36764209,28;105717;7363741,35;29645;7279;347;7236;323
3554;2024-08-01;2602803;BUÍQUE;26;PERNAMBUCO;NE;NORDESTE;78284082,33;552327;10507242,08;11872;77455546,79;368223;12018170,63;49362;20119;413;19831;386
5652;2024-08-01;4215604;SANTA ROSA DE LIMA;42;SANTA CATARINA;SU;SUL;4099702,38;13066;4175398,06;1526;5192498,84;7166;3406137,65;3424;1046;119;965;110
3021;2024-08-01;1718501;RECURSOLÂNDIA;17;TOCANTINS;NO;NORTE;9572343,73;66440;1910348,09;1253;9048696,91;37006;2547774,4;3985;1802;49;1790;44
3298;2024-08-01;1705508;COLINAS DO TOCANTINS;17;TOCANTINS;NO;NORTE;234378395,29;904906;121251122,61;76015;213926517,66;546674;130830609,79;228438;22524;1553;22632;1470
1845;2024-08-01;1506112;QUATIPURU;15;PARÁ;NO;NORTE;21192031,59;205418;3583013,39;4870;19402003,77;126056;4357201,49;11913;5929;126;5844;112
1213;2024-08-01;3515806;FLORA RICA;35;SÃO PAULO;SE;SUDESTE;4520376,4;29452;664688,6;623;4257680,66;14660;609953,14;1416;866;24;846;27
573;2024-08-01;2400604;ALMINO AFONSO;24;RIO GRANDE DO NORTE;NE;NORDESTE;12906796,21;101086;2358854,02;2123;11688719,39;64556;2360474,34;7123;2790;84;2633;77
4311;2024-08-01;3114907;CASA GRANDE;31;MINAS GERAIS;SE;SUDESTE;7801850,74;15586;1086543,39;632;6401223,37;9474;925328,83;1703;996;58;954;49
5833;2024-08-01;2106003;LIMA CAMPOS;21;MARANHÃO;NE;NORDESTE;29101653,79;237851;8463998,32;7560;27710049,19;159634;10354433,67;25887;6374;210;6173;198
5101;2024-08-01;4107504;ENGENHEIRO BELTRÃO;41;PARANÁ;SU;SUL;48691062,56;220682;27418310,68;16587;50405870,47;112605;25034534,34;41411;7495;604;7417;586
2690;2024-08-01;4302584;BOZANO;43;RIO GRANDE DO SUL;SU;SUL;5522047,27;16800;2584462,97;1151;3644824,75;7660;3157436,01;1978;840;53;726;58
4318;2024-08-01;3550803;SÃO SEBASTIÃO DA GRAMA;35;SÃO PAULO;SE;SUDESTE;27927437,81;135468;27617441,46;10457;29133133,56;74399;27106048,59;29303;5466;456;5365;462
1604;2024-08-01;2918506;JUSSARA;29;BAHIA;NE;NORDESTE;32185421,91;245204;4113287,06;5008;30888764,68;153532;4447106,19;15403;7694;170;7449;165
553;2024-08-01;3123528;DURANDÉ;31;MINAS GERAIS;SE;SUDESTE;21209695,43;102862;3855548,21;4244;17871774,95;54444;3251883,26;14121;3829;179;3465;164
5805;2024-08-01;2410306;SERRA CAIADA;24;RIO GRANDE DO NORTE;NE;NORDESTE;20013318,62;155589;9585838,24;6310;18975987,41;103266;7205892,67;21471;4642;166;4606;139
4959;2024-08-01;4100400;ALMIRANTE TAMANDARÉ;41;PARANÁ;SU;SUL;367596965,5;2650989;243950869,88;173583;404116676,18;1527798;234702438,54;366690;74122;4931;74661;4706
4337;2024-08-01;4110409;INDIANÓPOLIS;41;PARANÁ;SU;SUL;14351397,77;69961;6283691,7;3890;13298999,45;37558;6808159,14;11050;2565;135;2454;126
3513;2024-08-01;2304269;DEPUTADO IRAPUAN PINHEIRO;23;CEARÁ;NE;NORDESTE;17564634,27;106467;7195264,78;3600;16737822,78;74610;6954420,94;13704;3824;97;3743;97
1596;2024-08-01;2702405;DELMIRO GOUVEIA;27;ALAGOAS;NE;NORDESTE;152892022,58;1118669;44207646,33;35141;143283642,87;700427;41959149,51;141118;30095;1104;30059;1025
1188;2024-08-01;2605509;FERREIROS;26;PERNAMBUCO;NE;NORDESTE;24540545,61;184065;2837994,43;3017;23294341,39;125107;2014341,46;12973;5853;139;5735;123
3508;2024-08-01;3501806;AMÉRICO DE CAMPOS;35;SÃO PAULO;SE;SUDESTE;45656569,41;79435;5271475,75;5521;31957955,19;46968;5681900,57;12615;3245;213;3160;204
4351;2024-08-01;2112233;TRIZIDELA DO VALE;21;MARANHÃO;NE;NORDESTE;58037071,83;448310;21392486,8;18379;56071595,04;288905;17684759,04;54593;11403;427;11236;402
493;2024-08-01;1702901;AXIXÁ DO TOCANTINS;17;TOCANTINS;NO;NORTE;34689171,71;243275;4002765,5;5528;33703754,25;157973;5286892,2;25718;6646;160;6671;152
1575;2024-08-01;3540606;PORTO FELIZ;35;SÃO PAULO;SE;SUDESTE;201778725,04;1044443;144543394,7;93432;219985408,6;590490;132477156,59;209793;34180;2926;33801;2721
4281;2024-08-01;2703700;JARAMATAIA;27;ALAGOAS;NE;NORDESTE;13441063,79;92880;1305341,0;800;12827711,01;56668;1077202,46;3421;2825;36;2740;34
2396;2024-08-01;3170909;VARZELÂNDIA;31;MINAS GERAIS;SE;SUDESTE;47836329,68;328354;8552783,12;9149;44906413,77;198101;8226047,17;38929;10449;343;9923;325
3174;2024-08-01;2300408;AIUABA;23;CEARÁ;NE;NORDESTE;26764834,71;225196;2000999,41;4692;24750939,92;160468;2222220,4;13302;6758;151;6453;140
1800;2024-08-01;2910750;FÁTIMA;29;BAHIA;NE;NORDESTE;41408833,8;241957;5419769,53;6802;40345313,33;158919;5745630,95;21490;8063;232;7870;221
5396;2024-08-01;2609501;NAZARÉ DA MATA;26;PERNAMBUCO;NE;NORDESTE;78745330,6;607187;17601768,35;15344;77455661,01;420762;41030460,35;59407;17522;523;17386;448
3843;2024-08-01;3527256;LOURDES;35;SÃO PAULO;SE;SUDESTE;5364417,98;25345;1268052,69;1921;5342759,64;14909;810721,06;4311;1152;58;1130;62
4879;2024-08-01;3148806;PEDRA DO ANTA;31;MINAS GERAIS;SE;SUDESTE;5629437,45;31215;1422130,55;1388;5448215,99;20446;1253217,68;2588;1418;75;1399;62
2771;2024-08-01;3165701;SENADOR FIRMINO;31;MINAS GERAIS;SE;SUDESTE;15707834,32;74161;7540349,22;6388;16655066,03;46342;8000827,43;17058;3478;277;3297;263
4864;2024-08-01;4127304;TERRA RICA;41;PARANÁ;SU;SUL;58426083,55;235695;16207315,91;14951;60135634,48;130802;16811399,74;46349;8661;577;8557;552
2251;2024-08-01;3136306;JOÃO PINHEIRO;31;MINAS GERAIS;SE;SUDESTE;191307980,76;911505;217546163,71;72921;197948219,64;545791;201860965,15;190733;29136;2302;29349;2153
785;2024-08-01;2506103;FAGUNDES;25;PARAÍBA;NE;NORDESTE;18799648,34;165566;2552163,55;2457;18585228,66;113142;2273424,83;12080;5543;127;5515;101
748;2024-08-01;2411205;SANTA CRUZ;24;RIO GRANDE DO NORTE;NE;NORDESTE;123898981,88;854182;37018831,76;43234;116589859,82;604889;32595281,1;141641;22487;989;22186;891
5907;2024-08-01;4312153;MATO LEITÃO;43;RIO GRANDE DO SUL;SU;SUL;8982925,79;47654;9950212,33;4416;8389391,08;21899;10567795,96;11120;2107;209;1913;208
3586;2024-08-01;2915908;ITANAGRA;29;BAHIA;NE;NORDESTE;16780915,95;154552;3652035,93;3412;16358463,85;97029;2297766,27;9640;3792;118;3741;121
307;2024-08-01;4215307;SALETE;42;SANTA CATARINA;SU;SUL;18790951,71;81069;80106776,73;10973;18735799,13;41477;63688205,14;23336;4093;542;3884;544
4791;2024-08-01;5219704;SANTA TEREZINHA DE GOIÁS;52;GOIÁS;CO;CENTRO-OESTE;55560232,71;161344;15366419,13;13689;52035214,82;110795;15903077,02;45894;5282;379;5326;375
3437;2024-08-01;2105658;JUNCO DO MARANHÃO;21;MARANHÃO;NE;NORDESTE;14790240,23;112593;1852432,57;2751;13909062,3;74515;1549093,24;6570;2939;45;2848;37
4881;2024-08-01;2615904;TUPARETAMA;26;PERNAMBUCO;NE;NORDESTE;25485093,56;158158;6389226,35;3641;23414314,49;100640;4734412,5;15398;4781;135;4629;129
5120;2024-08-01;2106904;MONÇÃO;21;MARANHÃO;NE;NORDESTE;44866497,63;471316;4045373,19;6800;40366387,49;284855;4512597,29;31972;12857;140;12279;139
5593;2024-08-01;2204550;GUARIBAS;22;PIAUÍ;NE;NORDESTE;10205432,14;67364;1161367,42;1123;8889113,92;39774;1429610,59;3029;2122;54;2081;48
1352;2024-08-01;3139003;MACHADO;31;MINAS GERAIS;SE;SUDESTE;139827876,84;543661;229144078,78;46373;159857924,63;339453;278263213,85;104591;21778;1879;21872;1721
832;2024-08-01;2504207;CATINGUEIRA;25;PARAÍBA;NE;NORDESTE;9585047,91;69895;1822130,04;1363;9887146,41;50969;1417476,35;4018;2300;46;2299;49
3663;2024-08-01;2608057;JATOBÁ;26;PERNAMBUCO;NE;NORDESTE;33549878,26;250391;8365541,88;4653;30342075,32;152808;7268102,9;18089;7354;157;7095;148
2246;2024-08-01;3515194;ESPÍRITO SANTO DO TURVO;35;SÃO PAULO;SE;SUDESTE;12307071,5;85977;5573474,09;4101;13005572,6;44269;4452526,6;9848;2699;139;2707;120
5542;2024-08-01;1508159;URUARÁ;15;PARÁ;NO;NORTE;190177854,24;859204;167113922,07;53120;204106973,11;484123;107829063,11;205325;23395;793;22897;779
1518;2024-08-01;3534807;OURO VERDE;35;SÃO PAULO;SE;SUDESTE;20955329,19;143884;7845825,35;6528;21293133,71;75659;9107327,32;16681;4281;261;4215;231
2193;2024-08-01;2203503;ELESBÃO VELOSO;22;PIAUÍ;NE;NORDESTE;26651687,65;232021;4485204,59;3796;25579009,81;140098;5177703,92;23239;6937;173;6771;142
2236;2024-08-01;5201405;APARECIDA DE GOIÂNIA;52;GOIÁS;CO;CENTRO-OESTE;2577511750,06;14486203;2991133305,68;1251966;2775827242,73;9876696;2848893339,35;3045582;367329;28645;373358;26501
406;2024-08-01;5204706;CAMPINORTE;52;GOIÁS;CO;CENTRO-OESTE;60149913,17;245558;25302532,87;18165;56988348,77;141283;22340152,75;73119;7104;512;7166;480
3079;2024-08-01;1701002;ANANÁS;17;TOCANTINS;NO;NORTE;35192356,15;263494;8596311,9;8412;31089988,07;161407;7725740,74;23856;6450;279;6298;259
3077;2024-08-01;2804300;MURIBECA;28;SERGIPE;NE;NORDESTE;16952371,93;127810;6471426,37;3694;16391282,93;80955;5498508,44;10128;4031;79;3973;79
1931;2024-08-01;5207600;FAZENDA NOVA;52;GOIÁS;CO;CENTRO-OESTE;18763294,27;71773;5099265,98;4063;17276299,82;45670;5876716,28;10375;2767;183;2674;168
4701;2024-08-01;4100301;AGUDOS DO SUL;41;PARANÁ;SU;SUL;28658869,54;136839;34841253,23;14377;29797453,73;75418;27694039,7;31940;4627;398;4554;403
3283;2024-08-01;1503457;IPIXUNA DO PARÁ;15;PARÁ;NO;NORTE;60522755,14;488763;32504679,92;22484;59687714,39;308281;28979654,82;84574;13190;416;12986;406
4885;2024-08-01;2920601;MARAGOGIPE;29;BAHIA;NE;NORDESTE;96285407,87;808998;9600445,04;10770;93229093,44;578855;8483142,39;38652;20707;391;20682;381
5011;2024-08-01;2903003;BARRA DO MENDES;29;BAHIA;NE;NORDESTE;25552738,91;187990;3653031,17;4304;24432007,91;116627;3981107,13;20118;6824;196;6532;198
3716;2024-08-01;5212501;LUZIÂNIA;52;GOIÁS;CO;CENTRO-OESTE;819666454,85;5252675;436313701,49;290499;850932225,99;3348560;383099578,93;812629;130051;7749;132058;7162
764;2024-08-01;4106001;CONGONHINHAS;41;PARANÁ;SU;SUL;17030537,87;101628;6610231,29;4725;17594269,66;55689;5209396,06;13809;4111;215;4025;205
3600;2024-08-01;4309704;HUMAITÁ;43;RIO GRANDE DO SUL;SU;SUL;9729443,04;38306;6051424,57;2657;8587992,1;19314;6152098,16;8668;2203;209;1990;207
4445;2024-08-01;3524204;JABORANDI;35;SÃO PAULO;SE;SUDESTE;21778455,61;100284;6683708,55;6232;25684280,17;56594;5134534,66;15129;3684;246;3607;220
1781;2024-08-01;3144409;NATÉRCIA;31;MINAS GERAIS;SE;SUDESTE;11878021,62;33721;7355275,01;2474;9244796,7;19973;18109999,57;5576;2045;129;1888;130
351;2024-08-01;3518107;GUARANTÃ;35;SÃO PAULO;SE;SUDESTE;17873723,14;131015;5797405,2;6439;16603775,4;71083;6913226,92;19360;3970;216;3806;208
350;2024-08-01;3519055;HOLAMBRA;35;SÃO PAULO;SE;SUDESTE;110460437,14;271062;145382100,06;40444;108738905,05;156185;141632507,46;88463;10429;1395;10214;1290
247;2024-08-01;4107108;DIAMANTE DO NORTE;41;PARANÁ;SU;SUL;15470037,89;79298;10348398,94;5837;15907041,18;44054;11830965,74;17216;3092;184;3046;178
4698;2024-08-01;2202778;COLÔNIA DO PIAUÍ;22;PIAUÍ;NE;NORDESTE;12057175,28;96382;1496244,31;2349;12410846,81;57230;1343677,01;6237;3077;78;3147;67
4778;2024-08-01;3549102;SÃO JOÃO DA BOA VISTA;35;SÃO PAULO;SE;SUDESTE;387738432,23;1481797;390819470,3;145741;461938623,34;930127;378079251,47;313263;55695;5540;54809;5187
5923;2024-08-01;3165206;SÃO TOMÉ DAS LETRAS;31;MINAS GERAIS;SE;SUDESTE;15768426,45;84077;10585128,67;14343;17440995,87;60045;8992923,89;43936;3252;594;3347;543
5386;2024-09-01;1508159;URUARÁ;15;PARÁ;NO;NORTE;174297560,4;823130;129802943,4;47081;181831671,38;467282;97580211,89;191516;23411;849;22830;786
4925;2024-09-01;3536257;PARISI;35;SÃO PAULO;SE;SUDESTE;7620144,52;34855;8858833,25;2278;8165625,36;20881;3578734,75;4928;1331;86;1307;75
5186;2024-09-01;3119203;COROACI;31;MINAS GERAIS;SE;SUDESTE;21876241,55;95432;6851404,08;5211;24156435,73;54557;6801810,49;15378;4128;317;4021;289
5645;2024-09-01;2607653;ITAMBÉ;26;PERNAMBUCO;NE;NORDESTE;79453977,08;528342;20723195,16;17297;75839381,54;361915;23653566,5;65461;16605;578;16611;519
5906;2024-09-01;2801306;CAPELA;28;SERGIPE;NE;NORDESTE;66779907,3;550610;22325943,08;11566;63442125,69;346660;22140844,1;62878;16382;419;16522;392
5151;2024-09-01;2804300;MURIBECA;28;SERGIPE;NE;NORDESTE;17390351,53;128290;5760558,75;3565;16368504,72;79874;5285810,39;9805;4080;86;3994;83
5727;2024-09-01;2202075;CAJAZEIRAS DO PIAUÍ;22;PIAUÍ;NE;NORDESTE;5747261,08;47976;1929826,56;848;5218986,57;26817;1792320,08;2536;1417;36;1470;36
5035;2024-09-01;2106904;MONÇÃO;21;MARANHÃO;NE;NORDESTE;44692369,07;456894;4296884,45;6578;40257487,81;279879;4781720,02;30429;12856;159;12306;135
5616;2024-09-01;4113007;JUSSARA;41;PARANÁ;SU;SUL;19058329,01;110490;45459432,08;7297;19995956,84;56931;33507985,24;17607;4047;284;3822;254
4929;2024-09-01;3104106;ARCEBURGO;31;MINAS GERAIS;SE;SUDESTE;18739198,77;115257;26996202,58;11688;19468352,37;62166;21926489,0;27600;4708;386;4559;371
5251;2024-09-01;4123303;SANTA CRUZ DE MONTE CASTELO;41;PARANÁ;SU;SUL;26193085,61;120479;12941682,85;8476;28087484,8;65221;12208678,71;29432;4599;361;4424;329
5722;2024-09-01;4120309;PORTO VITÓRIA;41;PARANÁ;SU;SUL;6696368,07;41634;2968674,58;2847;7743460,8;21624;2489578,45;5630;1822;136;1807;125
5790;2024-09-01;1706001;COUTO MAGALHÃES;17;TOCANTINS;NO;NORTE;16818285,37;84855;38270917,43;5179;20039401,05;51768;37462197,49;13556;2625;155;2592;117
5861;2024-09-01;2211704;WALL FERRAZ;22;PIAUÍ;NE;NORDESTE;7636447,48;53367;1136901,83;1173;6718862,98;32013;876849,3;4742;1868;43;1835;36
5153;2024-09-01;1400407;NORMANDIA;14;RORAIMA;NO;NORTE;12949682,17;106810;5152219,55;4938;11533388,57;64310;3482838,58;14648;3262;119;3149;68
5043;2024-09-01;2200459;ALVORADA DO GURGUÉIA;22;PIAUÍ;NE;NORDESTE;12936572,31;91398;1728813,32;2048;11867251,33;57265;2824041,12;8030;2711;86;2718;72
4965;2024-09-01;2107407;OLHO D'ÁGUA DAS CUNHÃS;21;MARANHÃO;NE;NORDESTE;50258758,57;369593;5765762,08;6390;48045890,49;228877;7384362,94;29000;9599;179;9257;139
5448;2024-09-01;4105201;CERRO AZUL;41;PARANÁ;SU;SUL;42957135,12;236854;17094649,79;12167;43305883,51;139452;15175385,66;29218;9332;422;8866;381
5170;2024-09-01;2609501;NAZARÉ DA MATA;26;PERNAMBUCO;NE;NORDESTE;75563398,55;580367;16325761,51;15479;73023347,76;408156;36599065,73;59542;17503;528;17382;460
5092;2024-09-01;3301157;CARDOSO MOREIRA;33;RIO DE JANEIRO;SE;SUDESTE;31301017,47;212907;34971884,93;8303;29973327,6;131856;18825766,21;30685;7067;434;6903;398
5326;2024-09-01;2103901;DUQUE BACELAR;21;MARANHÃO;NE;NORDESTE;18050117,48;182354;1853056,26;2574;16193785,25;116069;1634280,65;6608;5094;103;4959;80
5529;2024-09-01;4100301;AGUDOS DO SUL;41;PARANÁ;SU;SUL;26362787,39;131362;37608566,16;14415;27087206,45;72692;29681499,68;31706;4651;409;4566;401
5173;2024-09-01;5202353;ARENÓPOLIS;52;GOIÁS;CO;CENTRO-OESTE;14568595,95;36030;3423621,35;2428;14839064,67;20290;4024386,65;7668;1626;96;1563;91
2999;2024-09-01;4317251;SANTA TEREZA;43;RIO GRANDE DO SUL;SU;SUL;2234394,71;8894;466280,58;444;1898703,07;4645;534541,83;1211;608;59;512;58
3263;2024-09-01;3549102;SÃO JOÃO DA BOA VISTA;35;SÃO PAULO;SE;SUDESTE;377575133,38;1450226;366056508,26;146912;442229978,96;909649;355764607,08;316740;56114;5672;54605;5247
2383;2024-09-01;2608057;JATOBÁ;26;PERNAMBUCO;NE;NORDESTE;30896630,11;239765;8716308,79;4799;28411549,59;145718;6988739,59;16883;7307;176;7093;147
836;2024-09-01;3202603;ICONHA;32;ESPÍRITO SANTO;SE;SUDESTE;46709065,32;188313;127617031,21;20054;43623344,06;110376;120379169,91;56606;7099;806;6767;739
496;2024-09-01;3123528;DURANDÉ;31;MINAS GERAIS;SE;SUDESTE;18451556,34;96457;4004507,54;4177;17378350,68;49884;3177020,94;13189;3828;199;3483;179
3859;2024-09-01;5219704;SANTA TEREZINHA DE GOIÁS;52;GOIÁS;CO;CENTRO-OESTE;51989280,82;155750;14952340,01;13701;49811279,94;108798;16755575,29;45355;5317;422;5384;414
2081;2024-09-01;5212501;LUZIÂNIA;52;GOIÁS;CO;CENTRO-OESTE;793060663,91;5162179;491888713,12;291742;834660134,98;3290867;438571477,24;839982;130613;7927;132494;7206
852;2024-09-01;2918506;JUSSARA;29;BAHIA;NE;NORDESTE;32741533,74;241534;4630127,98;5391;31552125,3;151942;4817519,53;15491;7673;195;7410;172
4140;2024-09-01;2203503;ELESBÃO VELOSO;22;PIAUÍ;NE;NORDESTE;26430880,51;224382;5082478,64;3791;25334711,66;136486;5684760,76;23127;6882;198;6723;157
2291;2024-09-01;5106182;NOVA LACERDA;51;MATO GROSSO;CO;CENTRO-OESTE;24490375,46;87836;19059152,69;7596;25999501,12;49046;14457859,28;22020;3371;254;3221;231
4325;2024-09-01;2100832;APICUM-AÇU;21;MARANHÃO;NE;NORDESTE;38276902,11;323539;5408224,91;5299;37162086,18;217445;6997320,46;20044;8099;137;7738;133
2611;2024-09-01;2207405;PALMEIRA DO PIAUÍ;22;PIAUÍ;NE;NORDESTE;12690596,62;85444;1269967,47;2548;11723659,92;48881;1613942,0;8444;2879;78;2779;68
2046;2024-09-01;3527256;LOURDES;35;SÃO PAULO;SE;SUDESTE;5794247,25;25086;1053077,76;2059;6076239,47;14966;773026,7;4402;1151;60;1132;59
3453;2024-09-01;2300408;AIUABA;23;CEARÁ;NE;NORDESTE;26118796,1;211061;2122756,9;4179;25194260,16;151196;2201118,46;11954;6736;165;6443;138
875;2024-09-01;4311791;MARATÁ;43;RIO GRANDE DO SUL;SU;SUL;4689781,12;17428;3391576,62;1822;5037675,73;11070;3012066,2;4420;1055;133;923;126
3464;2024-09-01;2414001;TANGARÁ;24;RIO GRANDE DO NORTE;NE;NORDESTE;45373460,08;327790;11445800,54;8848;42448992,52;236221;11488452,99;37506;8441;265;8228;246
1591;2024-09-01;3540606;PORTO FELIZ;35;SÃO PAULO;SE;SUDESTE;196704771,66;1031839;149529927,17;94557;212016662,07;582233;134584474,92;211254;34369;3000;33768;2755
3795;2024-09-01;4321857;TRÊS PALMEIRAS;43;RIO GRANDE DO SUL;SU;SUL;11511884,18;42564;5690477,92;3411;9705191,81;20683;6113157,73;8893;2155;182;1966;186
3058;2024-09-01;2701100;BRANQUINHA;27;ALAGOAS;NE;NORDESTE;19299844,77;169324;1403648,37;2361;18216052,76;101349;1188144,74;7120;5182;85;5124;61
3476;2024-09-01;2703205;IGREJA NOVA;27;ALAGOAS;NE;NORDESTE;41388046,91;297921;4149925,95;3196;38169464,92;177771;3068194,63;9874;10936;161;10538;127
3052;2024-09-01;5207600;FAZENDA NOVA;52;GOIÁS;CO;CENTRO-OESTE;18524534,71;68641;4996028,51;3834;16658474,46;43601;5469946,64;9592;2764;183;2668;173
2003;2024-09-01;2504207;CATINGUEIRA;25;PARAÍBA;NE;NORDESTE;9613536,37;68554;2542575,84;1367;10304842,55;46249;1817153,02;4123;2320;57;2327;47
879;2024-09-01;4311734;MAMPITUBA;43;RIO GRANDE DO SUL;SU;SUL;5923500,72;24375;1784523,82;1439;5685085,53;13109;1100648,52;4423;1239;98;1173;68
3040;2024-09-01;2204550;GUARIBAS;22;PIAUÍ;NE;NORDESTE;10473146,94;68697;1657430,32;1287;9582940,94;40250;1257385,87;2951;2111;65;2065;52
2419;2024-09-01;2915908;ITANAGRA;29;BAHIA;NE;NORDESTE;16725482,15;152563;4636046,42;3856;16502600,51;94138;2909757,23;10104;3797;132;3760;110
1966;2024-09-01;1506112;QUATIPURU;15;PARÁ;NO;NORTE;22100526,98;199322;3557944,2;4442;19230389,77;123115;5481989,2;11515;5903;123;5860;124
1641;2024-09-01;3515806;FLORA RICA;35;SÃO PAULO;SE;SUDESTE;4204040,58;27687;491826,8;541;3739587,2;14091;522805,9;1455;860;25;826;25
3417;2024-09-01;3542503;REGINÓPOLIS;35;SÃO PAULO;SE;SUDESTE;18641489,14;116457;4849610,12;5417;16953752,46;68436;3839330,72;12633;3812;250;3684;214
1645;2024-09-01;2605509;FERREIROS;26;PERNAMBUCO;NE;NORDESTE;25298550,95;182523;3247794,75;3113;23536189,46;122692;2327666,62;13609;5811;169;5684;152
534;2024-09-01;1501253;BANNACH;15;PARÁ;NO;NORTE;14101058,34;54751;1547779,24;2465;12890513,87;33142;2512183,53;8600;2015;67;1901;67
543;2024-09-01;3103108;ANTÔNIO PRADO DE MINAS;31;MINAS GERAIS;SE;SUDESTE;3273485,94;19078;281522,14;541;3212351,94;14044;284218,38;1429;803;40;755;29
1323;2024-09-01;3133204;ITANHOMI;31;MINAS GERAIS;SE;SUDESTE;30994169,96;127361;6449743,01;4620;35028645,74;77680;6630119,31;18207;5720;314;5650;306
1338;2024-09-01;3139003;MACHADO;31;MINAS GERAIS;SE;SUDESTE;142934994,48;522412;273040991,21;45844;176348740,7;328430;295252804,17;101219;21913;1916;21847;1747
3184;2024-09-01;4100400;ALMIRANTE TAMANDARÉ;41;PARANÁ;SU;SUL;366293932,62;2596748;242491721,61;171904;399881728,87;1492147;228848367,6;359973;74454;5092;74726;4788
732;2024-09-01;2506103;FAGUNDES;25;PARAÍBA;NE;NORDESTE;18990328,95;164440;2564973,18;2554;18632556,72;114148;2200493,16;10966;5601;151;5577;105
2218;2024-09-01;4106001;CONGONHINHAS;41;PARANÁ;SU;SUL;16966047,7;98319;5105771,18;4741;16946624,66;54956;5454759,67;13964;4105;235;4017;212
2415;2024-09-01;2108009;PASTOS BONS;21;MARANHÃO;NE;NORDESTE;48634224,03;395711;21440105,6;17563;45205047,64;235782;21719724,11;50912;9607;278;9432;273
2168;2024-09-01;3534807;OURO VERDE;35;SÃO PAULO;SE;SUDESTE;18966919,3;136128;5472433,32;6605;18736629,55;73301;7363450,08;16249;4279;262;4207;239
723;2024-09-01;2411205;SANTA CRUZ;24;RIO GRANDE DO NORTE;NE;NORDESTE;121452145,75;829995;35959776,64;42595;115236594,27;579971;32863359,89;142928;22528;1043;22210;912
3379;2024-09-01;2703700;JARAMATAIA;27;ALAGOAS;NE;NORDESTE;14141672,72;90218;1258409,87;679;13265684,65;55409;1005746,46;3384;2812;45;2737;34
3329;2024-09-01;3550803;SÃO SEBASTIÃO DA GRAMA;35;SÃO PAULO;SE;SUDESTE;27650813,88;136978;25954875,46;10326;30234272,43;74233;22173036,29;29105;5514;473;5354;461
630;2024-09-01;5204706;CAMPINORTE;52;GOIÁS;CO;CENTRO-OESTE;59167129,17;237889;30617527,31;17071;58168646,76;137952;27537707,92;69783;7117;525;7160;493
1377;2024-09-01;3515194;ESPÍRITO SANTO DO TURVO;35;SÃO PAULO;SE;SUDESTE;11281430,26;85932;5476866,55;3935;11544936,2;44384;4665493,39;9864;2733;141;2683;128
3915;2024-09-01;3501806;AMÉRICO DE CAMPOS;35;SÃO PAULO;SE;SUDESTE;59027605,09;78806;4648453,05;5460;45934127,93;47022;5095209,89;12815;3269;230;3093;209
1406;2024-09-01;2702405;DELMIRO GOUVEIA;27;ALAGOAS;NE;NORDESTE;147456136,08;1089259;39437607,17;33867;140654572,24;679538;35036177,17;134206;30120;1145;30167;1042
609;2024-09-01;2102200;BURITI;21;MARANHÃO;NE;NORDESTE;46565989,19;418088;5444922,02;5204;40908528,44;267678;6027644,05;27537;13059;188;12497;164
4233;2024-09-01;2112233;TRIZIDELA DO VALE;21;MARANHÃO;NE;NORDESTE;57371021,19;439621;21237744,2;16831;53784523,89;282145;19322021,62;52267;11410;451;11279;399
608;2024-09-01;4215307;SALETE;42;SANTA CATARINA;SU;SUL;19429890,91;78279;69355784,66;10571;19004864,13;39898;58897087,75;22775;4091;587;3801;539
595;2024-09-01;3104700;ATALÉIA;31;MINAS GERAIS;SE;SUDESTE;28624856,93;167320;16217617,46;4645;28786312,91;96686;14986818,37;16776;5952;263;5849;221
2515;2024-09-01;3170909;VARZELÂNDIA;31;MINAS GERAIS;SE;SUDESTE;43783342,03;303068;7866627,61;8283;40756572,94;185403;7933533,77;35774;10345;349;9905;328
4237;2024-09-01;2506004;ESPERANÇA;25;PARAÍBA;NE;NORDESTE;80234129,95;506184;50658445,17;26042;80929543,46;352058;45718657,35;80223;16137;1061;16108;916
588;2024-09-01;3169406;TRÊS PONTAS;31;MINAS GERAIS;SE;SUDESTE;267163211,58;865712;458084296,76;65075;278826272,86;542298;478096389,01;169304;31636;2511;31593;2397
1426;2024-09-01;5106703;PONTE BRANCA;51;MATO GROSSO;CO;CENTRO-OESTE;5902668,14;31630;1567458,58;1491;5776137,02;18747;1717250,55;4207;961;68;958;61
1430;2024-09-01;1702901;AXIXÁ DO TOCANTINS;17;TOCANTINS;NO;NORTE;36514458,61;238320;4125910,37;5618;35660308,51;155380;5607705,45;25354;6695;169;6674;153
776;2024-09-01;1718303;PRAIA NORTE;17;TOCANTINS;NO;NORTE;19142626,61;152031;2219397,9;2365;18500988,77;95355;1980030,97;7530;4018;102;4040;70
3969;2024-09-01;3524204;JABORANDI;35;SÃO PAULO;SE;SUDESTE;20215595,07;100059;5711472,58;6060;18989059,94;57393;4553907,62;14774;3716;254;3574;218
2388;2024-09-01;2111078;SÃO JOÃO DO SOTER;21;MARANHÃO;NE;NORDESTE;28309937,3;261102;2352214,46;4468;26459755,16;159670;2396475,28;14293;7116;143;6822;121
1951;2024-09-01;2910750;FÁTIMA;29;BAHIA;NE;NORDESTE;41673374,57;242559;7170111,01;6450;41099114,99;159654;11189893,56;21388;8048;255;7865;236
3361;2024-09-01;2203420;DOMINGOS MOURÃO;22;PIAUÍ;NE;NORDESTE;6986341,95;54826;440276,43;1069;6139831,33;35320;554450,94;3143;1953;53;1917;35
2783;2024-09-01;1702703;AURORA DO TOCANTINS;17;TOCANTINS;NO;NORTE;7837634,38;48835;1458262,32;3380;7062345,5;28404;1107340,29;9860;1583;104;1544;70
2770;2024-09-01;3136306;JOÃO PINHEIRO;31;MINAS GERAIS;SE;SUDESTE;179233210,28;883450;293524624,38;69874;186195769,07;532563;252088499,2;189237;29064;2352;29182;2193
122;2024-09-01;2907558;CATURAMA;29;BAHIA;NE;NORDESTE;10232499,68;60743;844484,18;1101;9781656,45;35293;897490,75;4112;2692;65;2660;56
3683;2024-09-01;1200054;ASSIS BRASIL;12;ACRE;NO;NORTE;16546628,82;106990;4027325,98;4743;15898029,13;63884;2506721,03;12105;3508;149;3443;82
2779;2024-09-01;3148509;PAVÃO;31;MINAS GERAIS;SE;SUDESTE;16030177,96;99092;5796293,65;3163;15298691,57;61734;6606127,57;10087;3650;159;3593;148
4393;2024-09-01;4110409;INDIANÓPOLIS;41;PARANÁ;SU;SUL;13514561,99;67166;5598238,08;3759;13005323,03;35687;5170831,87;11056;2575;144;2467;134
2343;2024-09-01;2511707;PILÕEZINHOS;25;PARAÍBA;NE;NORDESTE;8679009,93;61365;551074,43;1142;8170486,87;47183;470931,42;2795;2168;53;2122;35
1098;2024-09-01;2205151;JACOBINA DO PIAUÍ;22;PIAUÍ;NE;NORDESTE;10366231,52;67935;3500046,13;4052;9489782,42;42183;2614039,16;11479;2159;86;2109;66
3650;2024-09-01;1718402;PRESIDENTE KENNEDY;17;TOCANTINS;NO;NORTE;10436939,48;68027;5802602,53;3102;10346417,35;38935;6865075,94;10440;1887;99;1881;94
3578;2024-09-01;3553906;TARABAI;35;SÃO PAULO;SE;SUDESTE;17307274,94;118313;15575432,67;10064;18275594,65;66341;13033107,94;13281;4017;261;3956;232
66;2024-09-01;4107108;DIAMANTE DO NORTE;41;PARANÁ;SU;SUL;15602729,9;76816;10943880,54;5916;16284214,9;42462;12841554,8;16783;3094;203;2995;181
136;2024-09-01;3518107;GUARANTÃ;35;SÃO PAULO;SE;SUDESTE;17377557,29;126982;5044944,5;6197;16872420,84;69467;6472156,38;18767;3958;233;3822;214
2983;2024-09-01;1705508;COLINAS DO TOCANTINS;17;TOCANTINS;NO;NORTE;221345004,55;860591;143795326,94;73349;209441973,47;518470;141194589,52;219835;22583;1610;22684;1503
1716;2024-09-01;1600303;MACAPÁ;16;AMAPÁ;NO;NORTE;1972572411,12;15290760;1060135321,76;806851;1936363418,79;10619078;987527213,47;2120830;334402;14572;330138;13522
967;2024-09-01;4219150;VARGEM;42;SANTA CATARINA;SU;SUL;6870025,84;25351;2339875,36;1583;6078615,67;13383;2084244,8;3428;1223;98;1188;73
4092;2024-09-01;2611309;POMBOS;26;PERNAMBUCO;NE;NORDESTE;71045945,73;414728;33047641,54;16231;72001470,81;320465;33288628,55;60944;13241;469;13130;398
4040;2024-09-01;5214838;NOVA CRIXÁS;52;GOIÁS;CO;CENTRO-OESTE;62729031,34;209247;24693024,88;16123;59841616,28;134458;27864146,97;57271;6537;573;6677;520
2322;2024-09-01;2704104;LAGOA DA CANOA;27;ALAGOAS;NE;NORDESTE;43637352,05;255164;7871703,15;5365;40802291,71;159553;5469536,34;15440;8871;192;8529;145
1734;2024-09-01;2200277;ALEGRETE DO PIAUÍ;22;PIAUÍ;NE;NORDESTE;18846133,34;100072;1818604,87;2729;17782544,24;65587;1534187,32;6121;2582;70;2531;61
2962;2024-09-01;2513943;SÃO DOMINGOS DO CARIRI;25;PARAÍBA;NE;NORDESTE;6413908,43;36179;429750,23;768;6066900,61;27354;397260,92;2442;1298;40;1251;39
1809;2024-09-01;3520608;INDIANA;35;SÃO PAULO;SE;SUDESTE;15457616,38;78172;8921204,11;5297;15176642,83;46275;6249126,86;12218;2881;226;2790;207
4613;2024-09-01;1701002;ANANÁS;17;TOCANTINS;NO;NORTE;33866550,2;247365;8292332,57;8225;32309801,45;151304;8683601,31;23003;6430;275;6297;261
3616;2024-09-01;2602803;BUÍQUE;26;PERNAMBUCO;NE;NORDESTE;76797326,59;534668;10774079,85;11530;75292497,71;352404;11881170,59;47571;19815;459;19671;390
2855;2024-09-01;4302584;BOZANO;43;RIO GRANDE DO SUL;SU;SUL;5088633,55;16304;1770656,04;960;4090077,13;7738;2135433,46;1834;831;59;723;55
3612;2024-09-01;1503457;IPIXUNA DO PARÁ;15;PARÁ;NO;NORTE;61158973,55;470115;29055129,73;22466;57093414,6;298393;26701440,19;82392;13231;463;13060;419
137;2024-09-01;4306353;DEZESSEIS DE NOVEMBRO;43;RIO GRANDE DO SUL;SU;SUL;3681648,78;19776;3061943,6;1077;3623134,85;9979;2961674,55;2756;1089;77;989;60
4491;2024-09-01;1718501;RECURSOLÂNDIA;17;TOCANTINS;NO;NORTE;9726821,05;67676;2009292,97;1323;8966689,54;38434;2452538,0;3808;1830;55;1827;42
1929;2024-09-01;2205540;LAGOINHA DO PIAUÍ;22;PIAUÍ;NE;NORDESTE;5583843,87;47745;4022683,03;562;5676667,14;28848;1542264,3;2484;1289;43;1290;21
1796;2024-09-01;4200705;ALFREDO WAGNER;42;SANTA CATARINA;SU;SUL;29238807,57;87500;12924937,72;10834;24394509,46;51726;13018786,68;26224;4701;542;4347;527
1000;2024-09-01;3519055;HOLAMBRA;35;SÃO PAULO;SE;SUDESTE;109619011,0;269687;141421104,55;42998;105469190,17;156537;132557386,66;99925;10489;1434;10158;1329
3258;2024-09-01;3165701;SENADOR FIRMINO;31;MINAS GERAIS;SE;SUDESTE;16065906,45;70299;6620180,5;5697;15960052,01;46586;7612688,53;15934;3452;284;3288;269
2697;2024-09-01;2926301;RIACHÃO DO JACUÍPE;29;BAHIA;NE;NORDESTE;106482296,72;621441;53213172,27;26244;108486839,38;421801;45417857,43;89035;17924;1024;17932;915
2699;2024-09-01;4304408;CANELA;43;RIO GRANDE DO SUL;SU;SUL;193069402,59;995489;158025436,83;103500;206235199,81;562378;130106977,75;226680;31968;4037;31375;3774
1917;2024-09-01;2400604;ALMINO AFONSO;24;RIO GRANDE DO NORTE;NE;NORDESTE;12630232,02;97393;2379546,05;2224;11639941,65;61756;2110916,25;7516;2800;87;2623;71
2951;2024-09-01;2307254;JIJOCA DE JERICOACOARA;23;CEARÁ;NE;NORDESTE;74848533,09;493996;53165456,69;68146;75460332,61;353537;45921117,58;204208;12638;1421;12316;1257
276;2024-09-01;4306502;DOM FELICIANO;43;RIO GRANDE DO SUL;SU;SUL;18599491,74;105881;6854933,04;5566;15167826,11;54364;6772177,56;20550;5414;306;4949;262
3273;2024-09-01;3503307;ARARAS;35;SÃO PAULO;SE;SUDESTE;489693277,21;2247976;419658114,99;212797;508580113,15;1371244;387648662,46;676389;83780;7514;81323;6972
256;2024-09-01;3165800;SENADOR JOSÉ BENTO;31;MINAS GERAIS;SE;SUDESTE;3369036,51;11695;1178680,54;678;3588851,42;7997;591126,67;939;709;36;666;33
140;2024-09-01;3156809;SABINÓPOLIS;31;MINAS GERAIS;SE;SUDESTE;35426335,21;169459;9063271,41;8283;37120437,48;101041;8158902,5;27018;7205;392;7120;340
3536;2024-09-01;2615904;TUPARETAMA;26;PERNAMBUCO;NE;NORDESTE;23582666,0;145593;6166896,22;3632;23074623,37;91797;5280485,95;15102;4727;153;4622;131
3712;2024-09-01;2920601;MARAGOGIPE;29;BAHIA;NE;NORDESTE;90426100,23;761458;8633002,85;10635;90145051,45;538073;7897319,97;35375;20730;443;20695;408
2767;2024-09-01;5201405;APARECIDA DE GOIÂNIA;52;GOIÁS;CO;CENTRO-OESTE;2555553559,4;14232603;2909380342,25;1158776;2723102362,68;9679221;2688313700,13;2842904;369098;29060;374236;26889
961;2024-09-01;3144409;NATÉRCIA;31;MINAS GERAIS;SE;SUDESTE;11676366,6;33706;9531335,1;2609;10829680,28;20752;28946003,18;5826;2067;132;1921;129
4463;2024-09-01;2304269;DEPUTADO IRAPUAN PINHEIRO;23;CEARÁ;NE;NORDESTE;16854268,14;101593;6013726,84;3999;16088870,19;70729;6142900,37;14069;3788;98;3757;92
4475;2024-09-01;2105658;JUNCO DO MARANHÃO;21;MARANHÃO;NE;NORDESTE;14226029,15;109146;1686484,63;2563;12829116,89;73327;1428354,37;6093;2933;50;2865;38
3606;2024-09-01;4315602;RIO GRANDE;43;RIO GRANDE DO SUL;SU;SUL;631896147,45;4102833;420070096,98;274799;597425084,25;2454629;574134753,06;677817;132035;8632;127762;7856
154;2024-09-01;3110707;CAMBUQUIRA;31;MINAS GERAIS;SE;SUDESTE;30184993,65;190221;7237482,87;10813;30141378,86;108535;9106427,85;34051;6733;518;6725;521
1856;2024-09-01;4204194;CHAPADÃO DO LAGEADO;42;SANTA CATARINA;SU;SUL;7850863,87;21793;1497654,24;2478;5456177,36;9967;1412531,01;5872;1247;104;1114;86
4432;2024-09-01;2913705;INHAMBUPE;29;BAHIA;NE;NORDESTE;94109118,88;628479;46364186,73;23589;95790457,26;376518;40461966,47;79454;18610;747;18738;710
2891;2024-09-01;4114401;MANGUEIRINHA;41;PARANÁ;SU;SUL;64028854,46;242642;87366686,52;21351;52361266,55;125077;56175584,71;51543;9649;821;9414;747
1092;2024-10-01;4311791;MARATÁ;43;RIO GRANDE DO SUL;SU;SUL;5340721,81;17636;3772857,03;2036;5992291,89;11060;3396279,07;4213;1064;140;939;126
1042;2024-10-01;2504207;CATINGUEIRA;25;PARAÍBA;NE;NORDESTE;10435488,5;71194;2250183,0;1342;10716553,7;50562;1610968,73;3917;2357;67;2353;57
3345;2024-10-01;2703700;JARAMATAIA;27;ALAGOAS;NE;NORDESTE;14845721,64;93148;1409948,26;796;13753792,77;58275;1255925,7;3580;2827;40;2764;35
3287;2024-10-01;2200277;ALEGRETE DO PIAUÍ;22;PIAUÍ;NE;NORDESTE;18618217,04;101202;1321305,32;2682;17288119,72;66275;1506425,13;6887;2594;76;2557;63
2232;2024-10-01;1702703;AURORA DO TOCANTINS;17;TOCANTINS;NO;NORTE;7236509,97;47287;1779502,01;3265;6667001,53;27707;1508983,24;9627;1598;86;1556;73
5639;2024-10-01;4119608;PITANGA;41;PARANÁ;SU;SUL;123503251,67;470420;92791181,85;49897;120940737,88;254651;70637537,25;101058;18353;1571;18154;1469
2287;2024-10-01;3524204;JABORANDI;35;SÃO PAULO;SE;SUDESTE;24324446,75;101785;4891149,54;6534;20889773,41;59862;5294324,86;15959;3760;248;3599;221
1190;2024-10-01;4219150;VARGEM;42;SANTA CATARINA;SU;SUL;7817323,54;26575;2179173,6;1578;6918104,79;13822;2125551,1;3805;1229;93;1189;82
5654;2024-10-01;2602803;BUÍQUE;26;PERNAMBUCO;NE;NORDESTE;83147381,25;558703;10927662,25;11687;81309878,52;369793;13333875,15;51116;20266;460;20030;416
1172;2024-10-01;5201405;APARECIDA DE GOIÂNIA;52;GOIÁS;CO;CENTRO-OESTE;2647616452,47;14628207;3176212520,5;1459665;2861892338,97;9959033;2978180435,09;3592018;371775;29765;377066;27519
2277;2024-10-01;2400604;ALMINO AFONSO;24;RIO GRANDE DO NORTE;NE;NORDESTE;13421436,29;99252;2194029,1;2032;12447211,24;66504;2470853,21;7225;2806;86;2662;70
1137;2024-10-01;4311734;MAMPITUBA;43;RIO GRANDE DO SUL;SU;SUL;6893540,41;25184;2035020,02;1645;6525272,53;13952;1295409,62;4809;1249;91;1193;65
4030;2024-10-01;2615904;TUPARETAMA;26;PERNAMBUCO;NE;NORDESTE;25122520,14;152768;6554286,49;3817;24474119,34;97780;5509227,76;16393;4809;152;4711;132
1265;2024-10-01;5106182;NOVA LACERDA;51;MATO GROSSO;CO;CENTRO-OESTE;25342097,48;92707;19809511,91;8172;27061829,16;53645;17840608,35;23922;3380;267;3253;236
5666;2024-10-01;5220702;SÍTIO D'ABADIA;52;GOIÁS;CO;CENTRO-OESTE;6292044,17;34986;1793492,35;1090;5910092,58;20974;1248797,84;4680;1307;55;1254;36
4657;2024-10-01;3301157;CARDOSO MOREIRA;33;RIO DE JANEIRO;SE;SUDESTE;34251763,13;216754;37017078,16;9196;31092324,13;135181;19650526,83;33121;7117;445;6999;414
2201;2024-10-01;2205540;LAGOINHA DO PIAUÍ;22;PIAUÍ;NE;NORDESTE;6108094,87;50867;4103398,07;516;6914195,86;31736;1655222,21;2587;1315;31;1308;20
3737;2024-10-01;2915908;ITANAGRA;29;BAHIA;NE;NORDESTE;17064228,81;157113;3927619,1;3790;16758859,72;97427;2692273,49;10116;3864;135;3797;122
1677;2024-10-01;3519055;HOLAMBRA;35;SÃO PAULO;SE;SUDESTE;118037095,58;279939;179135604,26;41313;115725988,54;161187;167109956,89;90253;10626;1451;10298;1349
1916;2024-10-01;5207600;FAZENDA NOVA;52;GOIÁS;CO;CENTRO-OESTE;20689414,45;73448;6223944,31;4230;17900555,0;47701;6297594,49;10747;2802;192;2705;177
1891;2024-10-01;3169406;TRÊS PONTAS;31;MINAS GERAIS;SE;SUDESTE;269539886,77;891600;364929249,02;68585;254966623,95;572598;384377306,35;179762;32132;2570;31970;2424
3545;2024-10-01;3104106;ARCEBURGO;31;MINAS GERAIS;SE;SUDESTE;20679957,51;121806;28013959,19;11839;19968913,71;65160;23972494,71;28555;4796;371;4614;367
1814;2024-10-01;5212501;LUZIÂNIA;52;GOIÁS;CO;CENTRO-OESTE;847839088,27;5310193;552641759,82;304577;872565244,96;3403117;464225660,27;884474;131866;8112;133786;7411
1711;2024-10-01;2701100;BRANQUINHA;27;ALAGOAS;NE;NORDESTE;20123472,8;170919;1875135,57;2346;18359043,43;106764;1648978,69;7331;5197;88;5149;70
3641;2024-10-01;1600303;MACAPÁ;16;AMAPÁ;NO;NORTE;2102399796,52;15866948;1056822759,03;862819;2049764698,94;11047448;1022048376,31;2296877;337256;14611;332739;13759
5462;2024-10-01;5214838;NOVA CRIXÁS;52;GOIÁS;CO;CENTRO-OESTE;66451781,2;217587;28314764,65;17702;63158672,31;141501;27116613,81;60935;6639;591;6767;540
1726;2024-10-01;3104700;ATALÉIA;31;MINAS GERAIS;SE;SUDESTE;30521735,22;176590;14541779,06;5023;30432062,04;101548;13776285,88;18406;6045;274;5941;213
1731;2024-10-01;2511707;PILÕEZINHOS;25;PARAÍBA;NE;NORDESTE;9372165,41;64698;511470,29;1207;8885541,54;48295;514978,93;3274;2216;54;2215;41
1747;2024-10-01;2513943;SÃO DOMINGOS DO CARIRI;25;PARAÍBA;NE;NORDESTE;7043554,69;38310;715418,62;986;6894078,45;29215;825059,67;3119;1314;44;1267;38
5450;2024-10-01;3135001;JAGUARAÇU;31;MINAS GERAIS;SE;SUDESTE;8523182,27;53682;38549605,69;3522;8429467,63;32852;27450991,85;7705;1715;120;1663;100
5449;2024-10-01;2103901;DUQUE BACELAR;21;MARANHÃO;NE;NORDESTE;19594487,59;189308;2378120,32;2785;17491868,38;120304;2341113,18;7066;5199;104;5068;81
1802;2024-10-01;4200705;ALFREDO WAGNER;42;SANTA CATARINA;SU;SUL;27739689,28;88399;13555985,47;11677;25560598,72;53290;14101939,56;28189;4776;565;4458;540
5488;2024-10-01;4113007;JUSSARA;41;PARANÁ;SU;SUL;19901280,4;114302;49698521,28;7887;19958467,33;58961;39813679,87;18339;4085;286;3885;250
3493;2024-10-01;2409407;PAU DOS FERROS;24;RIO GRANDE DO NORTE;NE;NORDESTE;122761600,42;679631;46310794,16;34792;110622070,86;492568;58424828,09;192224;18632;1207;18167;1067
1971;2024-10-01;2102200;BURITI;21;MARANHÃO;NE;NORDESTE;49349049,57;431555;5825345,6;6406;43687237,91;273202;6548400,73;28455;13299;192;12759;171
1621;2024-10-01;1702901;AXIXÁ DO TOCANTINS;17;TOCANTINS;NO;NORTE;39023753,64;244999;4655444,97;6029;36524548,23;159310;5746653,49;26187;6746;190;6779;159
1353;2024-10-01;3518107;GUARANTÃ;35;SÃO PAULO;SE;SUDESTE;18399880,83;131423;6248133,83;6554;17304927,6;73261;8324076,66;20230;4009;245;3852;206
4998;2024-10-01;4107504;ENGENHEIRO BELTRÃO;41;PARANÁ;SU;SUL;46055443,87;217953;32963803,76;17366;47916533,65;112330;28578527,05;43958;7603;631;7464;599
3376;2024-10-01;3148509;PAVÃO;31;MINAS GERAIS;SE;SUDESTE;16971293,39;104800;6531433,09;3214;17293135,18;63668;5634142,5;10519;3694;161;3656;157
3381;2024-10-01;2202778;COLÔNIA DO PIAUÍ;22;PIAUÍ;NE;NORDESTE;13319730,5;101422;1532452,66;2245;13265405,91;59906;1327079,46;6695;3103;89;3185;71
3398;2024-10-01;4114401;MANGUEIRINHA;41;PARANÁ;SU;SUL;59061871,44;253315;50503563,56;22103;51202638,06;131581;56038048,33;54728;9714;827;9472;782
1468;2024-10-01;1506112;QUATIPURU;15;PARÁ;NO;NORTE;24268604,66;213141;4029637,99;3986;21527489,65;132516;5267494,66;11245;6006;124;5904;119
1495;2024-10-01;3515194;ESPÍRITO SANTO DO TURVO;35;SÃO PAULO;SE;SUDESTE;12051892,78;88604;6257547,19;3762;12596907,36;45175;4768996,45;10390;2756;147;2727;129
1348;2024-10-01;5106703;PONTE BRANCA;51;MATO GROSSO;CO;CENTRO-OESTE;6583269,01;32552;1446056,79;1634;6319830,4;18881;1426433,32;4782;965;75;973;66
3407;2024-10-01;3170909;VARZELÂNDIA;31;MINAS GERAIS;SE;SUDESTE;46808889,06;317745;9005513,83;9626;42872592,31;192665;9478520,8;40058;10514;385;10032;359
1516;2024-10-01;3540606;PORTO FELIZ;35;SÃO PAULO;SE;SUDESTE;212168660,99;1060445;170881797,88;101570;223751011,35;599928;160985675,23;225049;34647;3044;34102;2806
1525;2024-10-01;4304408;CANELA;43;RIO GRANDE DO SUL;SU;SUL;204473898,91;1050498;188092838,36;111821;219554565,49;593686;151158449,82;248574;32291;4113;31705;3860
5374;2024-10-01;2702603;FEIRA GRANDE;27;ALAGOAS;NE;NORDESTE;50499606,38;296429;20408256,62;5269;46798459,85;193232;8432349,66;13825;10337;202;9835;169
5375;2024-10-01;2931053;TANQUE NOVO;29;BAHIA;NE;NORDESTE;35866677,17;165417;10467575,0;9928;32631083,53;105122;12213699,13;27421;7088;397;6736;346
3824;2024-10-01;3501806;AMÉRICO DE CAMPOS;35;SÃO PAULO;SE;SUDESTE;71549256,19;85337;4575131,09;6359;55200066,86;50098;5563047,7;14070;3332;243;3146;206
5523;2024-10-01;4110052;IGUATU;41;PARANÁ;SU;SUL;5145742,42;29650;2984900,88;1587;4755259,88;14610;2688262,84;4542;1152;69;1062;64
1616;2024-10-01;3534807;OURO VERDE;35;SÃO PAULO;SE;SUDESTE;19510679,39;140158;6073036,3;6830;19394819,78;76826;7467422,43;17799;4328;296;4275;235
3419;2024-10-01;2203503;ELESBÃO VELOSO;22;PIAUÍ;NE;NORDESTE;27790648,1;230146;4973939,8;3792;25394459,2;138117;5790730,6;25103;6926;184;6765;157
3831;2024-10-01;3549102;SÃO JOÃO DA BOA VISTA;35;SÃO PAULO;SE;SUDESTE;399213416,32;1536614;447579603,17;159829;483539831,88;961144;459884205,63;336932;56612;5776;55330;5352
4941;2024-10-01;5002001;BATAYPORÃ;50;MATO GROSSO DO SUL;CO;CENTRO-OESTE;36709439,87;203910;20967059,05;15808;36385611,8;104856;30070295,63;41873;6605;497;6433;425
971;2024-10-01;2411205;SANTA CRUZ;24;RIO GRANDE DO NORTE;NE;NORDESTE;128614194,46;858468;38071412,9;47147;119483225,55;607160;35246466,55;158626;22816;1052;22521;937
2653;2024-10-01;1501253;BANNACH;15;PARÁ;NO;NORTE;14579428,46;56731;2052672,31;2472;13608386,17;33070;3058157,35;10093;2019;66;1949;69
4719;2024-10-01;3165206;SÃO TOMÉ DAS LETRAS;31;MINAS GERAIS;SE;SUDESTE;17192081,15;83273;11517553,87;14623;18713618,58;59430;9755051,82;44640;3366;607;3417;572
341;2024-10-01;4204194;CHAPADÃO DO LAGEADO;42;SANTA CATARINA;SU;SUL;8276000,38;23388;1640417,71;2517;5813343,61;11104;1746461,02;6475;1268;97;1133;92
4722;2024-10-01;2903003;BARRA DO MENDES;29;BAHIA;NE;NORDESTE;26527839,94;187444;4195198,18;4323;25472918,57;115320;4568147,83;20866;6875;214;6622;189
3056;2024-10-01;4106001;CONGONHINHAS;41;PARANÁ;SU;SUL;19215924,54;106065;6285455,11;5428;19091448,94;58667;6085855,5;15300;4183;242;4108;215
3062;2024-10-01;3527256;LOURDES;35;SÃO PAULO;SE;SUDESTE;6220219,74;25898;1201401,53;2183;6124848,67;15428;827451,01;4619;1153;63;1137;58
4339;2024-10-01;2211704;WALL FERRAZ;22;PIAUÍ;NE;NORDESTE;8505335,53;57189;1308984,47;1223;7654896,15;35209;857151,85;5200;1892;44;1876;36
3068;2024-10-01;1705508;COLINAS DO TOCANTINS;17;TOCANTINS;NO;NORTE;236589957,97;888337;148747144,59;79112;219497280,9;544377;151614551,08;231639;22817;1620;22952;1518
3069;2024-10-01;3553906;TARABAI;35;SÃO PAULO;SE;SUDESTE;19387223,49;124854;17359279,47;12220;21193742,4;70564;14861810,67;14545;4059;271;4002;229
3083;2024-10-01;2105658;JUNCO DO MARANHÃO;21;MARANHÃO;NE;NORDESTE;16425435,79;113274;2261865,34;2604;15341584,36;74390;1807704,67;7022;2966;54;2882;46
2586;2024-10-01;2605509;FERREIROS;26;PERNAMBUCO;NE;NORDESTE;28513775,48;191252;3505760,06;3433;25389509,64;129969;3403344,64;14799;5913;160;5745;142
457;2024-10-01;5204706;CAMPINORTE;52;GOIÁS;CO;CENTRO-OESTE;62969859,73;247760;36754664,94;18160;60752862,42;141044;32926231,11;73537;7206;534;7248;511
3091;2024-10-01;2207405;PALMEIRA DO PIAUÍ;22;PIAUÍ;NE;NORDESTE;13598514,07;83762;8758765,11;2632;12917666,99;48214;31680763,46;8995;2876;80;2820;72
3262;2024-10-01;2111078;SÃO JOÃO DO SOTER;21;MARANHÃO;NE;NORDESTE;30352951,65;264160;3246149,48;5140;26430357,25;162267;3447723,74;15129;7239;156;6988;137
479;2024-10-01;3520608;INDIANA;35;SÃO PAULO;SE;SUDESTE;17239727,96;81216;7369326,41;5634;17252077,16;49130;6577977,92;12399;2893;227;2820;217
5231;2024-10-01;1503457;IPIXUNA DO PARÁ;15;PARÁ;NO;NORTE;70174610,35;508214;30579288,87;22979;65877624,42;318952;30071668,59;89087;13432;444;13218;418
4745;2024-10-01;3542503;REGINÓPOLIS;35;SÃO PAULO;SE;SUDESTE;20679808,14;122091;5598838,02;5910;19078367,25;71018;4187880,98;13541;3849;243;3730;213
540;2024-10-01;4306353;DEZESSEIS DE NOVEMBRO;43;RIO GRANDE DO SUL;SU;SUL;4375398,61;21084;2888142,88;881;4309181,25;10484;2502599,6;2680;1099;68;1026;53
2540;2024-10-01;3136306;JOÃO PINHEIRO;31;MINAS GERAIS;SE;SUDESTE;194284668,7;915835;247147510,71;74513;199619726,5;550217;217566467,82;200829;29308;2345;29439;2193
314;2024-10-01;4215307;SALETE;42;SANTA CATARINA;SU;SUL;23333937,79;82276;86413540,9;11745;22434740,4;41762;71919785,51;25094;4149;564;3877;540
2668;2024-10-01;2703205;IGREJA NOVA;27;ALAGOAS;NE;NORDESTE;45872956,52;315698;3494443,72;2720;41281508,73;191002;9110920,63;10541;11098;134;10711;111
4710;2024-10-01;4309704;HUMAITÁ;43;RIO GRANDE DO SUL;SU;SUL;11578238,44;38608;5941087,95;2527;9937557,79;20263;6708906,79;8973;2234;209;1952;209
288;2024-10-01;3515806;FLORA RICA;35;SÃO PAULO;SE;SUDESTE;4468222,18;27865;558605,93;468;3833144,06;13903;593474,72;1566;878;29;841;26
2901;2024-10-01;3144409;NATÉRCIA;31;MINAS GERAIS;SE;SUDESTE;11709081,02;34768;10509401,98;2573;11341186,64;21811;28250328,92;5919;2094;130;1963;141
5;2024-10-01;2205151;JACOBINA DO PIAUÍ;22;PIAUÍ;NE;NORDESTE;11113560,2;72862;3932084,02;4769;9844099,54;46138;2803543,87;13472;2198;91;2148;70
4623;2024-10-01;2609501;NAZARÉ DA MATA;26;PERNAMBUCO;NE;NORDESTE;82658840,98;620564;17612411,55;15518;80924901,82;436990;38147084,3;63393;17783;527;17620;456
12;2024-10-01;3133204;ITANHOMI;31;MINAS GERAIS;SE;SUDESTE;34801301,27;132528;6843824,68;5143;39614399,23;81241;7330825,61;19171;5765;311;5760;317
2886;2024-10-01;3550803;SÃO SEBASTIÃO DA GRAMA;35;SÃO PAULO;SE;SUDESTE;28040037,48;137261;27782291,79;10708;30624562,7;75782;25920170,58;30772;5558;487;5414;464
4605;2024-10-01;2804300;MURIBECA;28;SERGIPE;NE;NORDESTE;19477668,06;135327;7491590,06;3795;18951331,42;82687;6408954,6;10461;4151;93;4066;89
42;2024-10-01;4107108;DIAMANTE DO NORTE;41;PARANÁ;SU;SUL;17271318,23;81215;10942232,19;6025;17362508,59;45085;15711084,98;18213;3126;193;3044;196
4601;2024-10-01;2202075;CAJAZEIRAS DO PIAUÍ;22;PIAUÍ;NE;NORDESTE;6146824,6;49371;1617612,49;926;5642256,42;28369;1037515,07;2641;1439;41;1457;33
5115;2024-10-01;2304269;DEPUTADO IRAPUAN PINHEIRO;23;CEARÁ;NE;NORDESTE;19314093,78;109392;5907768,9;5871;18132343,01;75365;5980080,45;17618;3883;114;3802;102
564;2024-10-01;4306502;DOM FELICIANO;43;RIO GRANDE DO SUL;SU;SUL;21421325,7;113698;7230973,22;6243;17193840,21;59025;7054246,76;22300;5559;303;5056;259
4592;2024-10-01;3503307;ARARAS;35;SÃO PAULO;SE;SUDESTE;515764438,42;2349712;481141961,67;231262;549444667,76;1437824;422811736,9;712723;84588;7684;82306;7149
2818;2024-10-01;2506103;FAGUNDES;25;PARAÍBA;NE;NORDESTE;19900384,94;170930;2814248,59;2782;19602940,24;118717;2472507,13;12666;5693;140;5649;108
2800;2024-10-01;4302584;BOZANO;43;RIO GRANDE DO SUL;SU;SUL;5512068,17;17580;2214912,11;1067;4084214,0;8350;2204044,01;1855;846;63;739;58
2772;2024-10-01;2414001;TANGARÁ;24;RIO GRANDE DO NORTE;NE;NORDESTE;47000338,42;336648;13658639,04;9121;43508214,55;242441;13017505,44;41281;8538;284;8280;250
5104;2024-10-01;2410306;SERRA CAIADA;24;RIO GRANDE DO NORTE;NE;NORDESTE;21076839,23;157328;10731752,24;6142;19593638,99;103934;7570861,52;23131;4740;174;4682;140
5103;2024-10-01;4123303;SANTA CRUZ DE MONTE CASTELO;41;PARANÁ;SU;SUL;31062811,07;124589;15973475,02;9651;29599797,47;67480;14118981,2;30093;4648;356;4482;334
224;2024-10-01;3123528;DURANDÉ;31;MINAS GERAIS;SE;SUDESTE;17935463,3;93336;3264597,38;4041;14719723,12;49870;2559645,39;12700;3847;191;3474;170
5183;2024-10-01;2300408;AIUABA;23;CEARÁ;NE;NORDESTE;28247237,16;215924;2714547,54;4889;26031768,22;157356;2655347,15;14031;6821;159;6532;147
5919;2024-10-01;1508159;URUARÁ;15;PARÁ;NO;NORTE;183577397,77;854175;101643346,11;48670;181673995,22;490057;82263676,55;204816;23780;838;23063;805
279;2024-10-01;3156809;SABINÓPOLIS;31;MINAS GERAIS;SE;SUDESTE;38333776,44;177605;8331590,37;9027;40306354,03;106756;7967734,47;29980;7326;387;7320;340
5966;2024-10-01;2506004;ESPERANÇA;25;PARAÍBA;NE;NORDESTE;88969052,58;537677;51174451,34;27690;88457912,23;374193;48401617,19;88987;16401;1050;16340;925
3140;2024-10-01;2910750;FÁTIMA;29;BAHIA;NE;NORDESTE;47386076,27;248436;9225370,45;7483;44407007,42;167351;10203376,82;22938;8242;267;8030;246
459;2024-10-01;2907558;CATURAMA;29;BAHIA;NE;NORDESTE;10657353,38;63587;928879,75;1258;10047743,21;37198;1012184,62;4905;2745;75;2712;61
3243;2024-10-01;2204550;GUARIBAS;22;PIAUÍ;NE;NORDESTE;12240240,74;69210;1889893,38;1277;10818366,79;41799;1912559,11;3353;2147;72;2099;56
3202;2024-10-01;3165701;SENADOR FIRMINO;31;MINAS GERAIS;SE;SUDESTE;16963964,38;74757;6830456,89;6103;16540958,03;49326;7267524,42;17450;3476;287;3338;270
1792;2024-10-01;2307254;JIJOCA DE JERICOACOARA;23;CEARÁ;NE;NORDESTE;82623825,27;516098;57069338,58;75438;85495472,86;370749;48584245,55;226532;12746;1459;12435;1315
915;2024-10-01;3103108;ANTÔNIO PRADO DE MINAS;31;MINAS GERAIS;SE;SUDESTE;3641360,56;21105;554524,21;524;3320811,22;14841;504561,98;1562;815;41;764;32
5273;2024-10-01;2302404;BOA VIAGEM;23;CEARÁ;NE;NORDESTE;124938941,91;836428;27676951,14;21973;115849397,64;576630;29273453,73;93607;25457;662;24928;603
2377;2024-10-01;1718402;PRESIDENTE KENNEDY;17;TOCANTINS;NO;NORTE;11807635,06;69623;10394252,93;3559;11713471,47;39666;11328100,87;10960;1917;135;1915;96
734;2024-10-01;3165800;SENADOR JOSÉ BENTO;31;MINAS GERAIS;SE;SUDESTE;3352214,36;12397;692773,15;928;3086722,95;7661;667154,36;1204;725;41;686;36
2392;2024-10-01;2702405;DELMIRO GOUVEIA;27;ALAGOAS;NE;NORDESTE;158084410,61;1126793;53871601,98;37479;148294075,23;711297;46655191,51;144008;30463;1165;30410;1044
2379;2024-10-01;2704104;LAGOA DA CANOA;27;ALAGOAS;NE;NORDESTE;50033590,51;269647;8457357,37;5707;46810134,51;170849;5475272,68;18533;9012;185;8688;145
2420;2024-10-01;2913705;INHAMBUPE;29;BAHIA;NE;NORDESTE;103242089,51;668987;52367378,9;25738;108091360,39;401087;50324836,16;90734;18919;791;19047;741
5051;2024-10-01;4315602;RIO GRANDE;43;RIO GRANDE DO SUL;SU;SUL;693886863,57;4376068;516245489,66;313457;656737421,78;2627419;627502762,8;785350;133300;8736;128788;8019
3176;2024-10-01;4321857;TRÊS PALMEIRAS;43;RIO GRANDE DO SUL;SU;SUL;13436526,21;44562;6125936,59;3279;11020558,32;21682;7059751,57;9230;2154;191;1967;185
945;2024-10-01;3202603;ICONHA;32;ESPÍRITO SANTO;SE;SUDESTE;48518308,68;196537;132269905,33;20867;46015189,64;115540;137846991,87;59521;7205;797;6916;719
2451;2024-10-01;2608057;JATOBÁ;26;PERNAMBUCO;NE;NORDESTE;33712160,23;253838;7136029,54;4878;30788045,88;155657;6160392,81;19065;7413;160;7171;152
2436;2024-10-01;1718501;RECURSOLÂNDIA;17;TOCANTINS;NO;NORTE;12002172,48;69318;2047105,22;1427;11134982,4;40656;3180686,78;4287;1853;55;1814;43
5816;2024-10-01;4321600;TRAMANDAÍ;43;RIO GRANDE DO SUL;SU;SUL;212311421,36;1308382;112580444,33;126457;220319910,54;791054;97046900,11;318874;34448;3411;33791;3098
4227;2024-10-01;3114907;CASA GRANDE;31;MINAS GERAIS;SE;SUDESTE;7694530,6;16470;1124022,71;803;6675374,35;9854;966553,67;1851;1023;58;932;48
3213;2024-10-01;4317251;SANTA TEREZA;43;RIO GRANDE DO SUL;SU;SUL;2972928,48;9388;559772,79;456;2879354,05;5115;830095,28;1339;626;56;520;50
4075;2024-10-01;2100832;APICUM-AÇU;21;MARANHÃO;NE;NORDESTE;41796763,77;335854;5851125,56;5865;38442817,75;226890;6986494,12;22196;8300;159;7931;144
773;2024-10-01;2108009;PASTOS BONS;21;MARANHÃO;NE;NORDESTE;53171818,24;403179;29377319,69;18048;48266168,59;242913;30541503,29;55620;9759;287;9515;288
969;2024-10-01;2918506;JUSSARA;29;BAHIA;NE;NORDESTE;33726026,11;247792;4502550,02;5913;32190467,72;154997;4049184,6;16306;7743;203;7489;178
700;2024-10-01;1718303;PRAIA NORTE;17;TOCANTINS;NO;NORTE;20720621,58;159260;2108727,25;2964;20046918,16;102788;2567522,21;8477;4052;113;4071;82
763;2024-10-01;3139003;MACHADO;31;MINAS GERAIS;SE;SUDESTE;151031964,11;553550;334038989,96;49637;188966478,02;349318;372863953,39;111749;22143;1941;22186;1757
5036;2024-10-01;2801306;CAPELA;28;SERGIPE;NE;NORDESTE;75427109,57;581685;25390016,04;13051;70271773,78;365423;27069869,46;70963;16736;434;16795;400
963;2024-10-01;3110707;CAMBUQUIRA;31;MINAS GERAIS;SE;SUDESTE;31332422,38;197488;8073455,24;11362;31600420,22;113780;11592920,9;36582;6796;514;6775;512
5827;2024-10-01;3135308;JAPARAÍBA;31;MINAS GERAIS;SE;SUDESTE;11938698,7;50184;2400762,36;2759;12193494,89;27738;3524858,08;10517;2196;188;2023;170
2501;2024-10-01;2926301;RIACHÃO DO JACUÍPE;29;BAHIA;NE;NORDESTE;113072780,89;646604;47507793,28;29479;114507504,25;440677;40101513,93;99388;18130;1064;18191;924
3020;2024-11-01;3549102;SÃO JOÃO DA BOA VISTA;35;SÃO PAULO;SE;SUDESTE;401993798,9;1570498;388890651,36;158068;462128263,5;969960;387818235,89;333815;57006;5714;55571;5357
1852;2024-11-01;4106001;CONGONHINHAS;41;PARANÁ;SU;SUL;18138584,42;109007;5758250,73;5236;17614726,68;60413;4848868,55;15151;4222;226;4133;208
2265;2024-11-01;3139003;MACHADO;31;MINAS GERAIS;SE;SUDESTE;145028181,99;567161;248493945,9;49359;165589412,1;355502;252317721,35;110435;22324;1886;22235;1768
3314;2024-11-01;4321857;TRÊS PALMEIRAS;43;RIO GRANDE DO SUL;SU;SUL;13283512,38;46862;5744241,97;3566;11367760,43;23498;6359052,76;10138;2196;195;2029;194
2787;2024-11-01;2913705;INHAMBUPE;29;BAHIA;NE;NORDESTE;103380294,44;678643;49511956,33;26913;105482636,17;405812;41564644,41;92890;19108;767;19224;725
2530;2024-11-01;1702901;AXIXÁ DO TOCANTINS;17;TOCANTINS;NO;NORTE;40193512,1;251661;4559931,24;5734;39182713,48;164690;5468455,96;26371;6800;160;6789;155
3238;2024-11-01;3170909;VARZELÂNDIA;31;MINAS GERAIS;SE;SUDESTE;46173143,44;327169;8412244,71;9435;43152919,99;197498;8727519,17;38741;10581;379;10127;353
2286;2024-11-01;2702405;DELMIRO GOUVEIA;27;ALAGOAS;NE;NORDESTE;160779078,08;1128451;47312594,04;35095;148886006,92;715176;44801169,19;145511;30748;1131;30576;1032
2857;2024-11-01;2300408;AIUABA;23;CEARÁ;NE;NORDESTE;29475207,63;225742;2371094,91;4948;26908559,97;160748;2518844,36;15509;6900;149;6601;145
2360;2024-11-01;4302584;BOZANO;43;RIO GRANDE DO SUL;SU;SUL;7657461,72;17598;2099882,01;974;5261307,89;8591;1543876,7;1890;853;56;764;56
2869;2024-11-01;3527256;LOURDES;35;SÃO PAULO;SE;SUDESTE;5562219,88;25953;969803,72;1863;5160639,66;15340;822761,66;4571;1171;61;1147;61
2952;2024-11-01;1705508;COLINAS DO TOCANTINS;17;TOCANTINS;NO;NORTE;241387604,31;885228;135243282,84;74736;216068584,57;542896;135244698,66;226167;22944;1564;22977;1480
2288;2024-11-01;1600303;MACAPÁ;16;AMAPÁ;NO;NORTE;2116945182,37;16025006;1109062938,75;873813;2054853227,15;11155136;1074563262,13;2400176;338231;14585;333262;13736
5296;2024-11-01;2801306;CAPELA;28;SERGIPE;NE;NORDESTE;76168424,65;594329;22481172,01;13353;71766759,76;374790;30770118,38;72346;16926;425;16962;396
2895;2024-11-01;2106904;MONÇÃO;21;MARANHÃO;NE;NORDESTE;47975128,01;478503;3938262,38;7003;41977963,1;291369;4367008,95;34276;13201;138;12545;136
2923;2024-11-01;3503307;ARARAS;35;SÃO PAULO;SE;SUDESTE;532455828,3;2429066;474069155,41;227641;543500681,96;1477191;400684154,58;702241;85105;7633;82765;7124
2276;2024-11-01;2605509;FERREIROS;26;PERNAMBUCO;NE;NORDESTE;27805615,81;189867;3419758,2;3326;25959853,82;128337;3602441,7;14528;5931;152;5769;133
1897;2024-11-01;4219150;VARGEM;42;SANTA CATARINA;SU;SUL;7617379,62;27551;2790492,06;1675;7081973,29;14338;3065543,29;4053;1234;82;1184;76
5195;2024-11-01;2915908;ITANAGRA;29;BAHIA;NE;NORDESTE;17786479,76;158445;3987516,17;3660;17294687,26;98285;2479575,54;10509;3869;131;3812;119
2233;2024-11-01;2205151;JACOBINA DO PIAUÍ;22;PIAUÍ;NE;NORDESTE;11394457,29;71835;4624176,63;4268;10036987,39;44320;3212302,07;13347;2242;81;2171;72
2121;2024-11-01;3515194;ESPÍRITO SANTO DO TURVO;35;SÃO PAULO;SE;SUDESTE;13055083,56;92688;6692515,85;4147;13249850,22;48185;5949388,95;10516;2803;152;2726;127
3154;2024-11-01;3136306;JOÃO PINHEIRO;31;MINAS GERAIS;SE;SUDESTE;188224898,39;942747;220059207,59;74899;198050124,11;561464;182240699,75;199086;29591;2380;29681;2201
3405;2024-11-01;3542503;REGINÓPOLIS;35;SÃO PAULO;SE;SUDESTE;21323051,18;122439;5505252,22;6025;18342661,81;74307;4196143,18;13639;3881;230;3738;215
2122;2024-11-01;1501253;BANNACH;15;PARÁ;NO;NORTE;13655016,91;58561;1897730,73;2580;12415636,62;32971;3332250,55;9888;2028;66;1925;69
2459;2024-11-01;3534807;OURO VERDE;35;SÃO PAULO;SE;SUDESTE;21316606,86;147797;5222742,54;6567;21336241,03;79044;6476410,55;18335;4363;265;4311;249
2565;2024-11-01;2400604;ALMINO AFONSO;24;RIO GRANDE DO NORTE;NE;NORDESTE;14033871,46;102400;2370855,2;2114;12576597,08;67798;2310973,8;6818;2845;79;2679;65
2164;2024-11-01;3553906;TARABAI;35;SÃO PAULO;SE;SUDESTE;20125446,48;128853;16081618,76;11608;20654209,16;72057;12878895,82;15705;4087;271;4051;224
3092;2024-11-01;1702703;AURORA DO TOCANTINS;17;TOCANTINS;NO;NORTE;6968652,01;48385;1149539,22;3074;7067899,73;27909;1170132,28;8435;1605;76;1561;73
3450;2024-11-01;5212501;LUZIÂNIA;52;GOIÁS;CO;CENTRO-OESTE;854737970,7;5365206;504680806,67;299924;877800103,83;3413151;419729027,45;885098;132762;7891;134273;7315
3085;2024-11-01;2926301;RIACHÃO DO JACUÍPE;29;BAHIA;NE;NORDESTE;112320059,26;650532;50273580,94;31230;111092887,52;439002;46951647,14;101573;18274;1060;18276;942
2203;2024-11-01;2608057;JATOBÁ;26;PERNAMBUCO;NE;NORDESTE;33873073,65;259104;7739973,58;4831;30709611,38;157826;6143968,9;18628;7469;162;7222;149
2204;2024-11-01;5207600;FAZENDA NOVA;52;GOIÁS;CO;CENTRO-OESTE;19556140,14;74659;5775570,04;4091;18036736,74;47776;5228951,88;10266;2822;194;2739;185
1905;2024-11-01;4315602;RIO GRANDE;43;RIO GRANDE DO SUL;SU;SUL;711377907,83;4441829;488406457,58;307691;667720752,43;2673753;653676660,25;791353;133738;8647;130231;8052
2033;2024-11-01;2111078;SÃO JOÃO DO SOTER;21;MARANHÃO;NE;NORDESTE;31098628,29;272185;3466829,1;4714;28297315,71;166353;3868240,22;15270;7326;125;7023;109
3472;2024-11-01;2611309;POMBOS;26;PERNAMBUCO;NE;NORDESTE;79648417,58;452518;33395629,68;18051;79731222,61;353449;34971852,91;72434;13575;434;13483;387
3044;2024-11-01;1506112;QUATIPURU;15;PARÁ;NO;NORTE;25093560,95;220571;4680842,73;3906;22589312,14;138942;6129115,31;12255;6059;122;5976;119
3200;2024-11-01;3144409;NATÉRCIA;31;MINAS GERAIS;SE;SUDESTE;11464937,47;36986;11027535,68;2642;10096548,56;23103;21764956,15;6870;2125;129;1963;135
2223;2024-11-01;5106703;PONTE BRANCA;51;MATO GROSSO;CO;CENTRO-OESTE;6618176,79;32656;1398679,59;1531;7315327,83;18926;1069417,85;4392;991;69;981;64
1968;2024-11-01;4311791;MARATÁ;43;RIO GRANDE DO SUL;SU;SUL;5130179,94;19597;3340012,12;2134;5140282,09;12392;3246245,37;4412;1094;138;966;132
2397;2024-11-01;2207405;PALMEIRA DO PIAUÍ;22;PIAUÍ;NE;NORDESTE;13380342,23;88353;11310376,25;2842;13230467,65;50645;1963527,44;9099;2913;88;2832;67
1963;2024-11-01;2910750;FÁTIMA;29;BAHIA;NE;NORDESTE;45304731,73;252082;8841550,26;7313;43433592,22;169710;13043993,32;23986;8302;255;8062;240
5093;2024-11-01;2210201;SÃO JOSÉ DO PIAUÍ;22;PIAUÍ;NE;NORDESTE;10861050,83;88297;1199482,57;1310;10485077,11;52568;1461922,53;7416;3063;55;2976;52
2393;2024-11-01;2701100;BRANQUINHA;27;ALAGOAS;NE;NORDESTE;20750769,12;179434;1540876,07;1927;19497422,91;110532;1633678,87;7852;5289;73;5237;66
2676;2024-11-01;2108009;PASTOS BONS;21;MARANHÃO;NE;NORDESTE;50274665,31;403948;21863876,91;18367;46561478,88;241474;22646954,77;56520;9793;269;9560;279
1950;2024-11-01;4311734;MAMPITUBA;43;RIO GRANDE DO SUL;SU;SUL;6687663,5;26747;1722765,01;1357;6520532,12;14702;1035160,33;4658;1278;62;1194;56
3029;2024-11-01;2307254;JIJOCA DE JERICOACOARA;23;CEARÁ;NE;NORDESTE;86535697,95;539750;58858585,68;78079;88690669,61;386298;48689511,56;235947;12881;1458;12532;1297
2639;2024-11-01;2203503;ELESBÃO VELOSO;22;PIAUÍ;NE;NORDESTE;27899235,67;236163;4386506,51;4087;26504900,89;143138;5191361,19;24538;7030;177;6863;153
3236;2024-11-01;5214838;NOVA CRIXÁS;52;GOIÁS;CO;CENTRO-OESTE;65722534,75;219069;27041763,49;18091;62186148,07;140526;24906053,54;61320;6632;581;6757;519
5130;2024-11-01;2702603;FEIRA GRANDE;27;ALAGOAS;NE;NORDESTE;52881834,97;297933;16060031,53;4990;48202898,79;198694;8466035,61;14820;10529;176;9975;162
4939;2024-11-01;2302404;BOA VIAGEM;23;CEARÁ;NE;NORDESTE;126409478,12;852391;26372161,64;22294;116589089,3;584558;30100881,83;96607;25811;657;25209;617
572;2024-11-01;3103108;ANTÔNIO PRADO DE MINAS;31;MINAS GERAIS;SE;SUDESTE;3552424,22;20667;253381,25;479;3232788,57;14031;218261,66;1272;814;38;770;26
5825;2024-11-01;3509106;CAIUÁ;35;SÃO PAULO;SE;SUDESTE;12178634,63;65948;1183515,44;2714;11483845,55;33672;1373134,0;6309;2142;80;2089;71
4223;2024-11-01;2203420;DOMINGOS MOURÃO;22;PIAUÍ;NE;NORDESTE;8228571,79;61201;472988,81;1004;7659499,82;38323;473274,9;3622;2029;40;1974;34
685;2024-11-01;2411205;SANTA CRUZ;24;RIO GRANDE DO NORTE;NE;NORDESTE;133392601,13;871703;37693263,19;48841;124967567,2;620993;34167225,77;162277;23024;1011;22589;933
690;2024-11-01;4200705;ALFREDO WAGNER;42;SANTA CATARINA;SU;SUL;28616463,2;90351;13271343,3;11826;25632370,8;54943;13411316,01;30353;4807;568;4500;532
4772;2024-11-01;2703205;IGREJA NOVA;27;ALAGOAS;NE;NORDESTE;46909570,88;319642;4238360,05;2860;41242518,51;192633;5827228,87;10925;11224;123;10849;113
4775;2024-11-01;2106003;LIMA CAMPOS;21;MARANHÃO;NE;NORDESTE;30028490,7;235437;8318141,72;8224;27862267,28;158408;8001343,7;27701;6482;223;6278;208
4186;2024-11-01;3524204;JABORANDI;35;SÃO PAULO;SE;SUDESTE;20849783,84;107244;4372952,65;6575;19293259,79;61643;4945375,31;16518;3788;238;3659;215
5776;2024-11-01;3301157;CARDOSO MOREIRA;33;RIO DE JANEIRO;SE;SUDESTE;32259471,83;215193;34384791,68;9129;31578623,72;134961;23958165,55;31455;7192;413;7036;395
4182;2024-11-01;4123303;SANTA CRUZ DE MONTE CASTELO;41;PARANÁ;SU;SUL;31336645,08;126586;14720746,45;9041;30003434,46;68997;14229040,61;29291;4686;361;4511;318
765;2024-11-01;3515806;FLORA RICA;35;SÃO PAULO;SE;SUDESTE;4655799,12;28772;621317,16;548;4343833,6;14535;645621,43;1634;880;26;855;27
4157;2024-11-01;2615904;TUPARETAMA;26;PERNAMBUCO;NE;NORDESTE;27964892,51;153044;4828739,69;3861;25128647,99;98500;4867274,41;15222;4829;144;4655;130
5762;2024-11-01;3148707;PEDRA AZUL;31;MINAS GERAIS;SE;SUDESTE;60378074,8;447175;18788972,17;15546;56866272,04;282876;20921933,5;77770;12923;528;12853;481
4295;2024-11-01;3165701;SENADOR FIRMINO;31;MINAS GERAIS;SE;SUDESTE;18160498,63;77531;6799076,21;5935;17359103,38;50361;7888771,36;17036;3511;284;3375;274
1790;2024-11-01;2200277;ALEGRETE DO PIAUÍ;22;PIAUÍ;NE;NORDESTE;16678596,73;101185;1407635,83;2599;15285983,73;65322;1547107,72;5887;2586;67;2562;60
925;2024-11-01;3518107;GUARANTÃ;35;SÃO PAULO;SE;SUDESTE;19898471,02;137435;5945449,16;6532;18366161,69;76244;6205668,51;21835;4051;201;3878;198
928;2024-11-01;2205540;LAGOINHA DO PIAUÍ;22;PIAUÍ;NE;NORDESTE;5997867,29;50409;3450568,12;563;6309757,13;31080;1682040,92;3151;1332;25;1315;18
943;2024-11-01;3169406;TRÊS PONTAS;31;MINAS GERAIS;SE;SUDESTE;260681133,33;899149;227690304,17;67305;250161941,11;565535;272175034,19;180513;32226;2513;32095;2389
4807;2024-11-01;4315149;PRESIDENTE LUCENA;43;RIO GRANDE DO SUL;SU;SUL;7098633,91;30705;9404773,17;3635;7280181,4;16850;10806492,81;11840;1577;217;1366;196
5720;2024-11-01;2920601;MARAGOGIPE;29;BAHIA;NE;NORDESTE;102172165,03;816235;9295100,49;11898;98992781,51;580434;8573987,65;39611;21332;417;21161;397
1003;2024-11-01;4204194;CHAPADÃO DO LAGEADO;42;SANTA CATARINA;SU;SUL;7909806,81;24255;1643500,59;2402;5875110,06;11616;1509651,79;6815;1277;91;1135;85
1024;2024-11-01;5201405;APARECIDA DE GOIÂNIA;52;GOIÁS;CO;CENTRO-OESTE;2683313375,17;14875501;3001506185,03;1262893;2870243622,31;10042311;2691645944,18;3162071;373317;29620;377956;27355
5699;2024-11-01;2100832;APICUM-AÇU;21;MARANHÃO;NE;NORDESTE;40557951,59;339029;5017513,43;6117;37453924,48;226773;6141582,22;22378;8354;140;7950;138
1105;2024-11-01;3519055;HOLAMBRA;35;SÃO PAULO;SE;SUDESTE;119945014,56;291352;189957817,55;42083;111721834,56;164885;181063831,17;94457;10667;1440;10321;1357
4033;2024-11-01;1718501;RECURSOLÂNDIA;17;TOCANTINS;NO;NORTE;11318023,27;67540;2022068,43;1363;10530372,0;38391;2964047,85;4066;1857;50;1836;41
1123;2024-11-01;3202603;ICONHA;32;ESPÍRITO SANTO;SE;SUDESTE;48038918,74;195156;90976024,86;18797;45769307,5;115236;100709950,74;55787;7207;760;6891;710
4015;2024-11-01;2903003;BARRA DO MENDES;29;BAHIA;NE;NORDESTE;26313089,66;190955;4222991,3;4340;25335286,09;117779;4410476,48;20480;6890;206;6627;188
3984;2024-11-01;2511707;PILÕEZINHOS;25;PARAÍBA;NE;NORDESTE;9356886,23;65306;555090,93;1171;8744193,83;47315;508640,9;3283;2270;39;2224;35
905;2024-11-01;5106182;NOVA LACERDA;51;MATO GROSSO;CO;CENTRO-OESTE;29009637,05;93306;17461623,3;7791;27980895,08;54357;14886791,55;22696;3407;247;3258;233
502;2024-11-01;3123528;DURANDÉ;31;MINAS GERAIS;SE;SUDESTE;17047489,46;95824;3683760,98;4063;13114861,19;51100;2942620,77;13382;3918;186;3539;162
4331;2024-11-01;4317251;SANTA TEREZA;43;RIO GRANDE DO SUL;SU;SUL;3006272,15;9569;973100,43;434;2808188,0;5428;504638,26;1416;628;55;540;53
433;2024-11-01;2506103;FAGUNDES;25;PARAÍBA;NE;NORDESTE;20281270,49;172571;2375410,89;2740;19734004,99;119109;2211536,9;13256;5783;125;5760;108
5997;2024-11-01;1701002;ANANÁS;17;TOCANTINS;NO;NORTE;40903035,26;259992;8083675,92;9604;38262984,61;159782;8926946,07;28128;6546;287;6379;266
4646;2024-11-01;5220702;SÍTIO D'ABADIA;52;GOIÁS;CO;CENTRO-OESTE;6459880,75;35536;1308368,84;1039;6137880,29;20632;840108,45;3974;1305;43;1247;36
2;2024-11-01;2907558;CATURAMA;29;BAHIA;NE;NORDESTE;10878560,97;65532;1020296,07;1472;10239267,84;37106;839365,11;4874;2795;68;2703;61
4625;2024-11-01;4120309;PORTO VITÓRIA;41;PARANÁ;SU;SUL;7098643,77;45972;3112501,37;3047;8872584,6;24056;2950202,61;6372;1881;128;1830;124
4618;2024-11-01;4100400;ALMIRANTE TAMANDARÉ;41;PARANÁ;SU;SUL;400052915,01;2751579;250954556,06;183384;433402728,2;1588896;226410003,88;379802;75567;5092;75913;4819
5989;2024-11-01;2612406;SANHARÓ;26;PERNAMBUCO;NE;NORDESTE;43057745,29;286105;8750728,32;9169;41257827,66;183932;6801539,2;38215;9367;277;9183;243
21;2024-11-01;4306502;DOM FELICIANO;43;RIO GRANDE DO SUL;SU;SUL;21911860,01;116100;7525809,22;6054;17970047,57;59945;6666626,2;21832;5604;286;5138;261
45;2024-11-01;4306353;DEZESSEIS DE NOVEMBRO;43;RIO GRANDE DO SUL;SU;SUL;4477933,24;21687;2599080,53;871;4095851,52;11205;2615011,39;2779;1110;51;1028;53
77;2024-11-01;3156809;SABINÓPOLIS;31;MINAS GERAIS;SE;SUDESTE;38936929,39;180968;9142876,51;9132;42072032,49;106299;8676524,97;30772;7419;346;7399;334
86;2024-11-01;3165800;SENADOR JOSÉ BENTO;31;MINAS GERAIS;SE;SUDESTE;3429643,32;12948;566937,14;830;3323710,51;8080;647938,27;1107;760;40;711;37
92;2024-11-01;1718303;PRAIA NORTE;17;TOCANTINS;NO;NORTE;21663322,17;162112;1982934,28;2682;19586332,97;103210;2466448,31;8495;4120;83;4076;77
4511;2024-11-01;3135001;JAGUARAÇU;31;MINAS GERAIS;SE;SUDESTE;8455788,28;53438;34663947,27;3462;8303798,39;32686;25125224,72;8057;1717;105;1678;96
109;2024-11-01;4107108;DIAMANTE DO NORTE;41;PARANÁ;SU;SUL;17220997,18;84964;8104755,37;5551;17177740,96;47527;10926894,19;17424;3168;199;3060;200
4509;2024-11-01;2804300;MURIBECA;28;SERGIPE;NE;NORDESTE;19636974,77;136742;6783620,5;4056;18611453,53;84742;6498413,64;11660;4202;91;4099;88
4489;2024-11-01;2304269;DEPUTADO IRAPUAN PINHEIRO;23;CEARÁ;NE;NORDESTE;18344222,31;110637;6335847,81;6958;17482233,74;75201;7043472,27;19270;4008;97;3918;94
4481;2024-11-01;2202778;COLÔNIA DO PIAUÍ;22;PIAUÍ;NE;NORDESTE;13881698,03;103755;1316205,08;2156;13783012,49;61703;1141814,54;6717;3158;74;3206;67
238;2024-11-01;3520608;INDIANA;35;SÃO PAULO;SE;SUDESTE;17496840,9;82280;7572564,16;5885;16835338,16;49918;6255195,02;12968;2937;234;2844;218
5916;2024-11-01;4100301;AGUDOS DO SUL;41;PARANÁ;SU;SUL;28871336,07;141798;33588526,73;15501;28768468,58;79433;28674565,95;35964;4773;426;4722;427
5915;2024-11-01;3501806;AMÉRICO DE CAMPOS;35;SÃO PAULO;SE;SUDESTE;73102245,89;86191;5208386,06;6467;50167071,51;50243;5495091,02;14783;3335;220;3166;211
4711;2024-11-01;5219704;SANTA TEREZINHA DE GOIÁS;52;GOIÁS;CO;CENTRO-OESTE;54882866,83;165859;20996967,43;14385;51960181,63;108145;15489829,99;46179;5397;393;5423;371
5908;2024-11-01;4321600;TRAMANDAÍ;43;RIO GRANDE DO SUL;SU;SUL;216313059,84;1347953;120618533,96;131218;224977791,74;826284;111191672,57;353781;34702;3355;34163;3117
4381;2024-11-01;2112233;TRIZIDELA DO VALE;21;MARANHÃO;NE;NORDESTE;60605107,71;461345;20247717,72;17798;57785449,96;296838;18039915,96;59251;11709;436;11460;408
4372;2024-11-01;3165206;SÃO TOMÉ DAS LETRAS;31;MINAS GERAIS;SE;SUDESTE;16936584,91;85812;11465192,88;15098;18623547,43;62028;9553107,85;48748;3378;604;3463;578
5882;2024-11-01;2410306;SERRA CAIADA;24;RIO GRANDE DO NORTE;NE;NORDESTE;21109311,01;158668;10855505,42;6576;19950095,98;107033;6907318,01;21191;4811;162;4715;134
4347;2024-11-01;2409407;PAU DOS FERROS;24;RIO GRANDE DO NORTE;NE;NORDESTE;123862357,45;686232;48185827,51;34620;111820541,04;487147;63179275,79;206886;18793;1151;18263;1083
5877;2024-11-01;5202353;ARENÓPOLIS;52;GOIÁS;CO;CENTRO-OESTE;17729865,74;38205;3684903,41;2523;17656268,89;21053;3628574,33;8044;1651;100;1586;88
5876;2024-11-01;3536257;PARISI;35;SÃO PAULO;SE;SUDESTE;10129490,34;35483;8693733,36;2024;9026483,8;20741;5033103,67;5728;1374;85;1350;79
425;2024-11-01;3133204;ITANHOMI;31;MINAS GERAIS;SE;SUDESTE;32644583,55;136175;6192141,8;4942;41627990,79;82347;7503873,33;19546;5881;318;5898;308
429;2024-11-01;3110707;CAMBUQUIRA;31;MINAS GERAIS;SE;SUDESTE;31856014,56;200668;8652498,51;11028;32532538,46;112043;10032820,44;36819;6856;506;6800;503
1223;2024-11-01;5204706;CAMPINORTE;52;GOIÁS;CO;CENTRO-OESTE;68348485,26;244704;30650025,48;19071;61381341,44;136380;29533117,11;75059;7275;525;7285;495
4843;2024-11-01;2926806;RIO DO ANTÔNIO;29;BAHIA;NE;NORDESTE;29597235,4;133383;4590799,62;3386;26822152,81;82400;5384858,85;14329;5332;179;5074;161
5753;2024-11-01;2803203;ITAPORANGA D'AJUDA;28;SERGIPE;NE;NORDESTE;83167573,44;761837;33952981,3;22263;79827336,76;467992;96330189,32;80279;19239;564;19318;506
5552;2024-11-01;4113007;JUSSARA;41;PARANÁ;SU;SUL;20120394,99;117602;27500445,45;7497;20014117,14;60768;22019657,78;18905;4120;274;3881;250
1367;2024-11-01;3104700;ATALÉIA;31;MINAS GERAIS;SE;SUDESTE;29796267,63;173048;13516516,02;4627;29663736,39;100029;13464325,38;17035;6153;211;5941;200
5543;2024-11-01;3550803;SÃO SEBASTIÃO DA GRAMA;35;SÃO PAULO;SE;SUDESTE;30792688,95;142510;28445523,04;10630;29975845,88;77730;24474670,56;29899;5587;468;5451;470
5534;2024-11-01;3121506;DESTERRO DO MELO;31;MINAS GERAIS;SE;SUDESTE;6035082,56;26896;1858252,65;945;6287436,94;19316;1384327,69;2098;1379;73;1333;72
1698;2024-11-01;4114401;MANGUEIRINHA;41;PARANÁ;SU;SUL;65091260,67;264943;47719156,23;22080;58968960,49;136594;46311586,58;56355;9876;785;9573;763
5471;2024-11-01;1503457;IPIXUNA DO PARÁ;15;PARÁ;NO;NORTE;66406701,89;500340;27645004,67;21636;61246609,19;313653;27207250,94;87331;13573;443;13319;422
3907;2024-11-01;2513943;SÃO DOMINGOS DO CARIRI;25;PARAÍBA;NE;NORDESTE;7352049,12;38398;646626,31;1039;6995590,49;28873;669294,36;3244;1319;39;1278;38
3725;2024-11-01;2414001;TANGARÁ;24;RIO GRANDE DO NORTE;NE;NORDESTE;47966504,99;338812;12786009,62;9684;43733525,35;243709;13509881,87;45239;8566;258;8334;241
1683;2024-11-01;2102200;BURITI;21;MARANHÃO;NE;NORDESTE;52311438,36;462279;5655075,61;6347;47203313,49;289895;6238548,86;31400;13563;195;12986;174
1472;2024-11-01;2504207;CATINGUEIRA;25;PARAÍBA;NE;NORDESTE;9920773,14;71190;1884888,47;1208;10585632,63;51191;1445095,01;3837;2376;50;2374;47
3786;2024-11-01;2204550;GUARIBAS;22;PIAUÍ;NE;NORDESTE;10854467,14;67740;1866970,67;1269;9520055,96;41938;1929624,64;3071;2155;64;2089;50
3842;2024-11-01;2202075;CAJAZEIRAS DO PIAUÍ;22;PIAUÍ;NE;NORDESTE;5858874,02;49394;894804,67;886;5255618,77;28365;846767,4;2108;1448;38;1472;35
1511;2024-11-01;2918506;JUSSARA;29;BAHIA;NE;NORDESTE;32345622,32;254470;3658440,29;5741;31667721,51;160575;4117846,87;16608;7772;177;7520;164
1632;2024-11-01;1718402;PRESIDENTE KENNEDY;17;TOCANTINS;NO;NORTE;11776688,0;68798;11151934,2;3301;11296340,89;38316;12969143,38;10020;1904;102;1896;95
1515;2024-11-01;2105658;JUNCO DO MARANHÃO;21;MARANHÃO;NE;NORDESTE;15064996,75;114705;1671994,32;2654;13653623,26;72730;1776943,77;7915;3018;45;2911;40
5494;2024-11-01;3535705;PARAÍSO;35;SÃO PAULO;SE;SUDESTE;21307010,8;95993;117075414,95;8473;21378490,9;51799;131311673,97;22000;3514;234;3318;236
3706;2024-11-01;2704104;LAGOA DA CANOA;27;ALAGOAS;NE;NORDESTE;50159940,42;278738;7436001,06;5736;45217478,98;178796;5672980,57;19767;9189;170;8830;138
1625;2024-11-01;4215307;SALETE;42;SANTA CATARINA;SU;SUL;21070452,95;84954;79317065,96;11933;21368690,62;43824;70612444,11;24887;4182;570;3935;551
4901;2024-11-01;5103502;DIAMANTINO;51;MATO GROSSO;CO;CENTRO-OESTE;139956508,96;524644;76287613,33;45187;139492558,55;278624;79155644,37;116701;15037;1422;14694;1303
5533;2024-11-01;1504752;MOJUÍ DOS CAMPOS;15;PARÁ;NO;NORTE;23379582,84;92836;14081260,66;11277;21095187,47;63175;11181269,3;45277;2389;294;2314;279
1294;2024-11-01;3540606;PORTO FELIZ;35;SÃO PAULO;SE;SUDESTE;214182131,3;1100338;171610496,74;101556;225822397,5;624436;156168963,04;235479;34894;3000;34243;2817
3932;2024-11-01;4110052;IGUATU;41;PARANÁ;SU;SUL;5353473,11;32390;2545598,75;1680;5122201,05;16156;2311220,11;4569;1184;70;1099;70
3934;2024-11-01;3104106;ARCEBURGO;31;MINAS GERAIS;SE;SUDESTE;22415734,44;126491;25734315,04;11447;22568748,2;66771;21138992,86;27848;4796;368;4699;351
3936;2024-11-01;3114907;CASA GRANDE;31;MINAS GERAIS;SE;SUDESTE;6844442,99;16606;1165579,87;836;5164852,28;9528;998980,98;2000;1050;59;958;51
1340;2024-11-01;4304408;CANELA;43;RIO GRANDE DO SUL;SU;SUL;206918973,89;1078583;180383934,77;115568;221804439,02;616169;152368081,39;268384;32432;4074;31972;3856
3960;2024-11-01;1200054;ASSIS BRASIL;12;ACRE;NO;NORTE;18933454,0;112642;4083063,46;4506;17282901,95;65712;2662083,64;12878;3602;106;3562;84
3950;2024-11-01;3148509;PAVÃO;31;MINAS GERAIS;SE;SUDESTE;16693959,64;104698;5853038,57;3168;16402927,79;62621;5230061,85;9964;3696;157;3657;153
3820;2024-11-01;3135308;JAPARAÍBA;31;MINAS GERAIS;SE;SUDESTE;11355821,03;51080;2330714,69;2381;11965039,34;28721;2685128,55;9623;2212;179;2060;159
3771;2024-11-01;2506004;ESPERANÇA;25;PARAÍBA;NE;NORDESTE;88543907,02;554560;53158436,56;28783;87558187,08;383982;55294197,89;91115;16595;1044;16522;927
3618;2024-11-01;2703700;JARAMATAIA;27;ALAGOAS;NE;NORDESTE;15524293,11;95632;1308162,44;742;14644385,89;58344;1097327,13;3580;2886;33;2808;33
3646;2024-11-01;2602803;BUÍQUE;26;PERNAMBUCO;NE;NORDESTE;83162765,88;576580;12948324,64;12325;80621414,86;386582;15411455,88;53986;20636;446;20321;416
300;2024-12-01;3518107;GUARANTÃ;35;SÃO PAULO;SE;SUDESTE;21269408,63;154718;6969095,79;7346;20382369,0;82993;7163811,2;25388;4080;201;3955;202
5211;2024-12-01;2702603;FEIRA GRANDE;27;ALAGOAS;NE;NORDESTE;57696696,82;336635;35638175,0;5837;53741981,33;220583;12702595,63;16397;10680;177;10234;166
2672;2024-12-01;1718402;PRESIDENTE KENNEDY;17;TOCANTINS;NO;NORTE;13354664,98;78090;13412934,95;3490;13319636,53;44715;5801293,08;11599;1936;103;1922;94
2012;2024-12-01;2910750;FÁTIMA;29;BAHIA;NE;NORDESTE;49971393,23;280076;9385514,7;8369;50121659,3;191272;13360412,26;27642;8462;251;8259;232
1628;2024-12-01;4302584;BOZANO;43;RIO GRANDE DO SUL;SU;SUL;6081927,96;18901;2732208,02;1226;7372018,58;9153;2403796,86;2394;852;53;777;59
401;2024-12-01;5204706;CAMPINORTE;52;GOIÁS;CO;CENTRO-OESTE;68998076,0;273444;37354123,73;22335;68972620,32;151346;31916805,17;87283;7351;535;7374;502
2628;2024-12-01;2200277;ALEGRETE DO PIAUÍ;22;PIAUÍ;NE;NORDESTE;19154948,24;108603;1679727,94;2851;17538667,29;72931;1706108,36;7400;2635;61;2596;59
316;2024-12-01;3520608;INDIANA;35;SÃO PAULO;SE;SUDESTE;19217436,13;91950;9229566,82;6354;20304347,95;54214;6181947,05;15203;2959;225;2889;215
5392;2024-12-01;2409407;PAU DOS FERROS;24;RIO GRANDE DO NORTE;NE;NORDESTE;133254732,29;744617;58821727,69;37169;125354513,99;529023;84205098,86;239249;18969;1166;18487;1083
342;2024-12-01;3156809;SABINÓPOLIS;31;MINAS GERAIS;SE;SUDESTE;42297052,33;204336;10933842,62;10479;44067970,19;120184;9963807,03;36956;7551;351;7595;339
2650;2024-12-01;2511707;PILÕEZINHOS;25;PARAÍBA;NE;NORDESTE;10752211,23;75988;601520,27;1335;10109430,18;51426;648985,23;3843;2306;41;2299;33
5888;2024-12-01;2602803;BUÍQUE;26;PERNAMBUCO;NE;NORDESTE;97109008,05;639463;13427599,19;13605;93893626,69;423536;17586395,61;64777;20999;448;20841;411
5905;2024-12-01;2806503;SANTA ROSA DE LIMA;28;SERGIPE;NE;NORDESTE;9949836,18;93521;853869,29;784;9400356,8;57264;286368,09;1759;2252;38;2209;25
355;2024-12-01;2907558;CATURAMA;29;BAHIA;NE;NORDESTE;11532231,82;71589;1048040,87;1575;11465915,67;41221;934827,46;5316;2825;68;2776;59
1313;2024-12-01;4311734;MAMPITUBA;43;RIO GRANDE DO SUL;SU;SUL;6923657,11;28795;2048126,83;1299;6835506,02;15398;1128300,11;4872;1295;58;1218;57
1654;2024-12-01;3515194;ESPÍRITO SANTO DO TURVO;35;SÃO PAULO;SE;SUDESTE;14737683,59;102737;7531485,9;4403;15280377,92;52884;6616190,24;12174;2796;155;2779;136
5136;2024-12-01;2204550;GUARIBAS;22;PIAUÍ;NE;NORDESTE;12301500,97;79249;1930926,98;1413;11188652,85;49341;1369147,18;3369;2184;63;2146;53
1772;2024-12-01;3515806;FLORA RICA;35;SÃO PAULO;SE;SUDESTE;5466923,89;32485;610222,4;490;4794008,5;16184;662435,86;2181;886;27;858;31
1805;2024-12-01;3144409;NATÉRCIA;31;MINAS GERAIS;SE;SUDESTE;12804689,45;40133;6342172,76;2698;10732418,22;26572;15541875,75;7296;2138;136;1990;133
5466;2024-12-01;2207405;PALMEIRA DO PIAUÍ;22;PIAUÍ;NE;NORDESTE;16388726,85;99427;3591479,01;3093;15541535,8;57021;2901241,83;10754;2960;85;2871;69
1847;2024-12-01;2506103;FAGUNDES;25;PARAÍBA;NE;NORDESTE;24076838,89;195384;2875698,38;3161;23828045,94;136228;2919417,22;16436;5872;125;5853;100
15;2024-12-01;3133204;ITANHOMI;31;MINAS GERAIS;SE;SUDESTE;36792340,74;149922;7383910,73;5517;42582945,3;93651;7726469,86;23404;6025;300;6014;312
2879;2024-12-01;4219150;VARGEM;42;SANTA CATARINA;SU;SUL;7481318,57;30596;3059196,16;1888;7758137,65;16133;2765040,02;4073;1255;81;1248;82
5148;2024-12-01;2611309;POMBOS;26;PERNAMBUCO;NE;NORDESTE;84297288,26;495570;33654609,56;18535;85568019,06;410687;37799420,39;79028;13740;429;13647;389
5469;2024-12-01;2609501;NAZARÉ DA MATA;26;PERNAMBUCO;NE;NORDESTE;98014645,09;702083;20190777,86;17235;96556626,42;482033;36790436,04;72290;18138;507;18135;450
5975;2024-12-01;4127304;TERRA RICA;41;PARANÁ;SU;SUL;66629777,78;277512;18817004,89;17822;66251451,29;152709;19119691,36;60698;8992;601;8922;577
48;2024-12-01;3165800;SENADOR JOSÉ BENTO;31;MINAS GERAIS;SE;SUDESTE;3800969,91;14296;758977,11;916;3686171,36;8917;843091,86;1396;753;40;726;40
61;2024-12-01;4306353;DEZESSEIS DE NOVEMBRO;43;RIO GRANDE DO SUL;SU;SUL;5153743,07;24469;3788765,21;934;4749768,8;12754;3545396,27;3336;1121;47;1072;51
5968;2024-12-01;1701002;ANANÁS;17;TOCANTINS;NO;NORTE;42444557,84;290422;10055709,26;10893;40457104,52;180393;9472330,22;34211;6627;292;6461;287
78;2024-12-01;3103108;ANTÔNIO PRADO DE MINAS;31;MINAS GERAIS;SE;SUDESTE;4071544,82;23012;454779,13;616;4108173,19;15703;368663,48;1817;844;40;789;31
1894;2024-12-01;3136306;JOÃO PINHEIRO;31;MINAS GERAIS;SE;SUDESTE;208502124,27;1043540;277056305,18;80653;213549794,01;622479;248044365,74;228312;29941;2381;30151;2249
1695;2024-12-01;2504207;CATINGUEIRA;25;PARAÍBA;NE;NORDESTE;12059845,69;79369;2653111,06;1489;12382830,34;58014;1760934,74;4296;2399;48;2401;46
1689;2024-12-01;5106182;NOVA LACERDA;51;MATO GROSSO;CO;CENTRO-OESTE;28360311,5;106959;17902209,48;8280;29402638,02;60711;15429872,83;26099;3449;245;3353;236
5477;2024-12-01;4107504;ENGENHEIRO BELTRÃO;41;PARANÁ;SU;SUL;57138590,08;249694;36560215,34;18141;54230953,59;126890;27898288,74;52551;7730;615;7614;614
175;2024-12-01;4107108;DIAMANTE DO NORTE;41;PARANÁ;SU;SUL;18740772,35;98339;10031584,58;6208;20016567,93;54583;14111445,01;20089;3197;196;3149;200
183;2024-12-01;4306502;DOM FELICIANO;43;RIO GRANDE DO SUL;SU;SUL;23337844,1;129499;9417093,85;6732;18966211,2;66417;8625187,54;25398;5691;289;5301;266
1676;2024-12-01;5201405;APARECIDA DE GOIÂNIA;52;GOIÁS;CO;CENTRO-OESTE;2930547371,65;16293542;3549876435,24;3944049;3151687158,1;10867501;3279327809,64;13410699;376109;29719;381559;27580
1651;2024-12-01;2605509;FERREIROS;26;PERNAMBUCO;NE;NORDESTE;31697632,82;216364;3245999,46;3632;29449917,34;145171;4380125,72;16575;6067;144;5921;129
2621;2024-12-01;3524204;JABORANDI;35;SÃO PAULO;SE;SUDESTE;23553151,83;124176;5747075,21;7477;21965850,45;68704;5225874,38;20189;3825;244;3698;219
2568;2024-12-01;3542503;REGINÓPOLIS;35;SÃO PAULO;SE;SUDESTE;24809377,76;137518;6017663,23;6913;21105665,28;82039;4767214,87;15231;3901;225;3822;214
5132;2024-12-01;2202075;CAJAZEIRAS DO PIAUÍ;22;PIAUÍ;NE;NORDESTE;6698873,19;55520;844622,32;891;6311887,45;31740;939315,46;2195;1473;41;1499;37
2114;2024-12-01;3534807;OURO VERDE;35;SÃO PAULO;SE;SUDESTE;23969711,72;161851;6854366,69;7363;23837091,93;86646;8084774,63;19891;4394;274;4338;250
2381;2024-12-01;4315602;RIO GRANDE;43;RIO GRANDE DO SUL;SU;SUL;792767903,44;4930659;547311366,18;331950;751869308,36;2950523;655126166,31;895381;134425;8645;132588;8095
863;2024-12-01;3123528;DURANDÉ;31;MINAS GERAIS;SE;SUDESTE;19360698,74;108010;4035845,91;4160;16880479,38;56894;2896882,82;13860;3979;183;3646;166
5749;2024-12-01;2107407;OLHO D'ÁGUA DAS CUNHÃS;21;MARANHÃO;NE;NORDESTE;57171281,79;413872;8970833,03;10830;53803737,25;264732;10697365,71;39111;9984;172;9608;164
1463;2024-12-01;2205151;JACOBINA DO PIAUÍ;22;PIAUÍ;NE;NORDESTE;12532158,65;79962;4216730,9;5094;10952308,71;49325;3311776,93;15732;2265;84;2228;78
5580;2024-12-01;2920601;MARAGOGIPE;29;BAHIA;NE;NORDESTE;112111202,16;909772;22224039,89;12760;108572268,55;647449;8983992,35;46511;21580;432;21591;405
1371;2024-12-01;3169406;TRÊS PONTAS;31;MINAS GERAIS;SE;SUDESTE;274208558,07;1007263;333528692,64;74094;263929101,58;632505;366340931,05;209829;32581;2537;32590;2428
2157;2024-12-01;3165701;SENADOR FIRMINO;31;MINAS GERAIS;SE;SUDESTE;18700659,41;85495;7227519,74;6325;18771411,4;56780;8636068,8;19647;3560;282;3471;272
1370;2024-12-01;2102200;BURITI;21;MARANHÃO;NE;NORDESTE;62311261,71;544912;6222361,05;7194;56844128,26;342574;7184987,59;40920;13837;173;13338;166
970;2024-12-01;2307254;JIJOCA DE JERICOACOARA;23;CEARÁ;NE;NORDESTE;95223425,79;593408;64797342,61;85089;93985455,79;421731;60418193,1;268920;13042;1453;12737;1293
807;2024-12-01;1702901;AXIXÁ DO TOCANTINS;17;TOCANTINS;NO;NORTE;44593975,43;274566;6069517,84;6766;42090836,34;178869;6336359,91;31150;6895;168;6900;159
5712;2024-12-01;3550803;SÃO SEBASTIÃO DA GRAMA;35;SÃO PAULO;SE;SUDESTE;32088942,01;161539;29384187,69;10652;33402475,85;87336;27457238,31;31979;5654;469;5597;473
2309;2024-12-01;3503307;ARARAS;35;SÃO PAULO;SE;SUDESTE;586126264,7;2681582;477750761,06;241043;600612921,61;1585989;421783284,17;761207;85785;7578;83703;7115
1365;2024-12-01;3549102;SÃO JOÃO DA BOA VISTA;35;SÃO PAULO;SE;SUDESTE;444551767,94;1714124;423300661,85;165891;480408248,27;1040606;405359139,18;365706;57593;5667;56352;5389
1319;2024-12-01;3139003;MACHADO;31;MINAS GERAIS;SE;SUDESTE;156651124,99;621490;238641746,09;52078;165995236,2;388529;263646168,61;119298;22522;1896;22552;1758
1142;2024-12-01;2411205;SANTA CRUZ;24;RIO GRANDE DO NORTE;NE;NORDESTE;145183543,49;952821;42504648,51;50990;136077567,97;671887;41410213,81;182228;23190;1030;22864;948
5664;2024-12-01;2302404;BOA VIAGEM;23;CEARÁ;NE;NORDESTE;137778741,26;925719;28439502,09;24223;130281498,97;638733;32796496,94;108669;26063;647;25552;608
1148;2024-12-01;4215307;SALETE;42;SANTA CATARINA;SU;SUL;22941402,14;97967;83285487,98;12048;24742695,08;50213;70722242,4;27908;4238;569;4007;555
1221;2024-12-01;4317251;SANTA TEREZA;43;RIO GRANDE DO SUL;SU;SUL;3014870,58;10876;984348,71;517;2568919,07;5518;713563,75;1559;625;54;574;51
5330;2024-12-01;4110052;IGUATU;41;PARANÁ;SU;SUL;6713271,5;36739;2653332,92;1576;6472965,16;18204;2046676,29;5116;1200;72;1147;66
2244;2024-12-01;3553906;TARABAI;35;SÃO PAULO;SE;SUDESTE;24148191,11;148095;13424907,35;10410;24784356,44;80506;12315494,02;17859;4135;262;4119;232
1252;2024-12-01;2400604;ALMINO AFONSO;24;RIO GRANDE DO NORTE;NE;NORDESTE;15413895,1;108833;2315676,18;2206;14212859,76;72400;2391759,11;7442;2868;84;2700;71
2314;2024-12-01;4200705;ALFREDO WAGNER;42;SANTA CATARINA;SU;SUL;35053850,25;101167;16221845,36;12292;32459937,7;61655;14804223,13;34670;4833;554;4570;536
784;2024-12-01;3110707;CAMBUQUIRA;31;MINAS GERAIS;SE;SUDESTE;35407820,39;223685;9556522,71;12085;35797195,01;124068;13448999,41;42690;6954;506;6976;515
2105;2024-12-01;4304408;CANELA;43;RIO GRANDE DO SUL;SU;SUL;233843827,5;1197052;209175921,63;123127;248279902,75;679313;185013941,75;304925;32746;4101;32553;3943
760;2024-12-01;4311791;MARATÁ;43;RIO GRANDE DO SUL;SU;SUL;5508081,54;22434;3425516,94;2323;5740187,97;12580;4052293,05;4805;1111;134;991;133
1587;2024-12-01;2702405;DELMIRO GOUVEIA;27;ALAGOAS;NE;NORDESTE;182292237,12;1242294;56333227,39;41838;173420553,48;787917;52972330,81;175888;31081;1131;31044;1034
2577;2024-12-01;1600303;MACAPÁ;16;AMAPÁ;NO;NORTE;2474993844,49;17695878;1256936923,58;953372;2413372277,57;12224113;1168166860,19;2750578;341114;14632;337036;13862
1583;2024-12-01;3540606;PORTO FELIZ;35;SÃO PAULO;SE;SUDESTE;237737099,56;1221607;182252784,57;108944;248366233,76;682926;172428426,67;258917;35228;3015;34679;2819
5860;2024-12-01;3121506;DESTERRO DO MELO;31;MINAS GERAIS;SE;SUDESTE;6871455,19;30557;2731936,04;1095;7567250,95;22109;2315162,2;2531;1419;74;1391;66
468;2024-12-01;1506112;QUATIPURU;15;PARÁ;NO;NORTE;27165708,04;246109;4438782,45;4223;25718122,44;156475;3845128,13;13937;6156;124;6121;116
2574;2024-12-01;1702703;AURORA DO TOCANTINS;17;TOCANTINS;NO;NORTE;8539290,17;54984;1306054,08;3251;8135598,17;32563;1215626,97;10147;1632;77;1590;71
5232;2024-12-01;3119203;COROACI;31;MINAS GERAIS;SE;SUDESTE;26020082,67;111327;7507723,21;6131;28931222,15;63784;7701925,35;19506;4292;320;4194;295
2564;2024-12-01;2111078;SÃO JOÃO DO SOTER;21;MARANHÃO;NE;NORDESTE;34909887,45;307670;2723454,52;5084;31191818,84;187478;3103993,05;17326;7490;116;7204;107
549;2024-12-01;4204194;CHAPADÃO DO LAGEADO;42;SANTA CATARINA;SU;SUL;9468136,29;26786;1820703,58;2610;7096376,49;13421;1728018,1;7665;1304;89;1168;87
5828;2024-12-01;2112233;TRIZIDELA DO VALE;21;MARANHÃO;NE;NORDESTE;68536247,48;510515;24110859,24;19482;64272956,5;330649;20035254,44;63569;11806;439;11685;413
5244;2024-12-01;3165206;SÃO TOMÉ DAS LETRAS;31;MINAS GERAIS;SE;SUDESTE;17529231,88;94885;12472404,22;15327;20572664,99;70278;12412392,37;53162;3428;607;3525;573
1538;2024-12-01;5106703;PONTE BRANCA;51;MATO GROSSO;CO;CENTRO-OESTE;7430597,35;36848;1782856,53;1889;7526324,72;21884;1557133,82;6350;999;69;996;67
2066;2024-12-01;3104700;ATALÉIA;31;MINAS GERAIS;SE;SUDESTE;33733783,41;195734;18947119,36;5231;33151505,95;114994;19125581,48;21041;6223;219;6123;209
5247;2024-12-01;2801306;CAPELA;28;SERGIPE;NE;NORDESTE;88176154,87;671724;32475895,11;15035;82588379,55;418718;37823312,52;85764;17143;419;17223;408
5252;2024-12-01;5202353;ARENÓPOLIS;52;GOIÁS;CO;CENTRO-OESTE;18298443,75;42218;3843389,63;2464;19885338,96;24825;3747909,23;8745;1683;94;1636;84
5367;2024-12-01;2211704;WALL FERRAZ;22;PIAUÍ;NE;NORDESTE;9045534,09;63678;1329815,65;1463;8217895,3;39968;908514,43;6996;1923;43;1910;38
711;2024-12-01;1718303;PRAIA NORTE;17;TOCANTINS;NO;NORTE;21819181,23;178041;2232513,34;2954;21135472,56;113602;2606419,75;9013;4164;80;4170;78
724;2024-12-01;2918506;JUSSARA;29;BAHIA;NE;NORDESTE;37123135,53;279885;3872980,1;6667;35582067,6;182835;4524632,98;20053;7881;179;7711;170
5784;2024-12-01;1504752;MOJUÍ DOS CAMPOS;15;PARÁ;NO;NORTE;25474047,18;108052;14359612,69;11994;22774175,96;73773;11958977,59;51078;2452;301;2371;280
5782;2024-12-01;2408953;RIO DO FOGO;24;RIO GRANDE DO NORTE;NE;NORDESTE;36750979,5;281828;4756444,88;7434;36929934,16;195654;3587983,3;16412;6500;174;6311;161
2096;2024-12-01;1501253;BANNACH;15;PARÁ;NO;NORTE;16503430,49;67231;2157083,04;2704;15471803,29;36474;4119560,75;11459;2052;65;1975;62
5778;2024-12-01;3509106;CAIUÁ;35;SÃO PAULO;SE;SUDESTE;12815449,41;75346;1519448,87;2857;12174223,52;37907;1767982,99;7536;2172;79;2137;72
739;2024-12-01;3202603;ICONHA;32;ESPÍRITO SANTO;SE;SUDESTE;54199034,47;215466;110224995,35;19297;51798313,6;128249;120540048,29;64389;7297;763;7031;714
2615;2024-12-01;5207600;FAZENDA NOVA;52;GOIÁS;CO;CENTRO-OESTE;23200030,27;82874;10444686,26;4676;22231726,7;53792;6452312,87;12003;2884;194;2794;189
1595;2024-12-01;2205540;LAGOINHA DO PIAUÍ;22;PIAUÍ;NE;NORDESTE;6596915,13;56753;3834273,84;604;7034736,48;36475;1724599,44;3288;1367;27;1350;21
5999;2024-12-01;5002001;BATAYPORÃ;50;MATO GROSSO DO SUL;CO;CENTRO-OESTE;43546787,77;236313;26577111,58;16667;39813355,76;119615;31428297,81;49904;6683;424;6532;415
3157;2024-12-01;3148509;PAVÃO;31;MINAS GERAIS;SE;SUDESTE;18181391,26;119562;9477281,28;3542;18216599,92;73236;8250108,23;12060;3751;154;3738;149
3098;2024-12-01;2105658;JUNCO DO MARANHÃO;21;MARANHÃO;NE;NORDESTE;16675659,77;127843;2390196,28;2884;15732548,9;83143;2170264,43;8737;3010;44;2944;40
4369;2024-12-01;4113007;JUSSARA;41;PARANÁ;SU;SUL;24214801,32;134252;90058350,61;8437;22899010,43;69813;84759858,7;20570;4136;270;3952;251
3768;2024-12-01;2106904;MONÇÃO;21;MARANHÃO;NE;NORDESTE;54362834,42;544180;4593249,21;8777;47382554,37;334775;5159902,76;42722;13448;135;12873;135
4782;2024-12-01;1718501;RECURSOLÂNDIA;17;TOCANTINS;NO;NORTE;12849639,72;77689;5025521,4;1302;11523947,89;44173;7185092,15;4863;1922;54;1899;44
5109;2024-12-01;3301157;CARDOSO MOREIRA;33;RIO DE JANEIRO;SE;SUDESTE;37218148,07;239702;34454876,64;9911;35752236,1;150439;20141227,89;35938;7256;411;7191;402
4827;2024-12-01;2300408;AIUABA;23;CEARÁ;NE;NORDESTE;33037125,02;245873;2453740,31;5409;30236644,83;174826;2713048,92;17583;7016;153;6721;143
4781;2024-12-01;3148806;PEDRA DO ANTA;31;MINAS GERAIS;SE;SUDESTE;6295254,88;37535;1397031,02;1946;6072712,59;23554;1063938,8;4194;1465;77;1480;67
3017;2024-12-01;3519055;HOLAMBRA;35;SÃO PAULO;SE;SUDESTE;133026412,72;315576;195700988,28;43321;125624914,91;176874;170338111,54;97122;10749;1445;10513;1369
4686;2024-12-01;2913705;INHAMBUPE;29;BAHIA;NE;NORDESTE;109010431,74;746826;47230818,43;31022;108967768,62;449699;43293258,79;105882;19361;768;19482;723
4480;2024-12-01;1508159;URUARÁ;15;PARÁ;NO;NORTE;203201881,92;929936;106576080,14;48794;201312789,09;525212;91174860,82;227479;24197;805;23573;807
3750;2024-12-01;2804300;MURIBECA;28;SERGIPE;NE;NORDESTE;22200619,02;151318;6660332,66;4418;20867916,7;93295;6121872,23;13697;4267;93;4176;89
4258;2024-12-01;4114401;MANGUEIRINHA;41;PARANÁ;SU;SUL;68247689,54;299493;63431278,89;23748;63396933,89;154377;59904815,04;63896;10023;784;9805;777
3759;2024-12-01;2506004;ESPERANÇA;25;PARAÍBA;NE;NORDESTE;99948473,51;611578;51279017,91;31387;98603738,43;425549;49213138,81;108831;16828;1044;16867;940
3081;2024-12-01;2203503;ELESBÃO VELOSO;22;PIAUÍ;NE;NORDESTE;31096370,01;257658;5644580,01;5065;28884910,02;158659;6782164,1;31502;7060;180;6971;164
3587;2024-12-01;4321857;TRÊS PALMEIRAS;43;RIO GRANDE DO SUL;SU;SUL;15442722,01;53048;8146031,31;3739;17404244,36;27343;8785552,36;11609;2231;193;2082;201
5061;2024-12-01;2414001;TANGARÁ;24;RIO GRANDE DO NORTE;NE;NORDESTE;53222256,79;369998;16254157,51;10615;49934217,52;274555;15469695,06;53712;8657;269;8469;238
4218;2024-12-01;2615904;TUPARETAMA;26;PERNAMBUCO;NE;NORDESTE;29889837,49;169794;4931557,98;4259;29070609,6;110875;5372440,46;18239;4892;139;4788;135
5100;2024-12-01;2926301;RIACHÃO DO JACUÍPE;29;BAHIA;NE;NORDESTE;126079764,72;719151;65383804,47;35453;126099233,88;492227;56738969,43;116224;18431;1031;18512;953
4242;2024-12-01;4100400;ALMIRANTE TAMANDARÉ;41;PARANÁ;SU;SUL;444970922,48;3014391;283086428,13;187932;490926501,99;1707910;255185906,33;405698;76255;5127;76799;4898
4404;2024-12-01;3501806;AMÉRICO DE CAMPOS;35;SÃO PAULO;SE;SUDESTE;67400812,4;98441;6217723,17;6869;51206632,45;56701;6170545,92;17118;3374;230;3236;220
3207;2024-12-01;3527256;LOURDES;35;SÃO PAULO;SE;SUDESTE;6062741,44;30977;833207,79;1878;6261196,36;17779;861313,3;5098;1179;58;1158;54
3224;2024-12-01;2703700;JARAMATAIA;27;ALAGOAS;NE;NORDESTE;17020424,78;109459;1265299,02;822;15977687,65;65595;1129033,39;4079;2947;36;2877;36
3031;2024-12-01;3170909;VARZELÂNDIA;31;MINAS GERAIS;SE;SUDESTE;51093253,29;364911;9754770,56;12405;48176218,28;221050;10691590,9;50940;10669;336;10306;338
3760;2024-12-01;1503457;IPIXUNA DO PARÁ;15;PARÁ;NO;NORTE;80524520,43;587166;33835389,17;23173;75084656,57;359998;31445788,52;102425;13789;449;13612;452
3967;2024-12-01;4309704;HUMAITÁ;43;RIO GRANDE DO SUL;SU;SUL;11953239,26;44396;6649785,59;2862;11072529,5;24830;6961681,48;10254;2308;222;2127;214
4563;2024-12-01;4123303;SANTA CRUZ DE MONTE CASTELO;41;PARANÁ;SU;SUL;32282729,51;141938;15767460,28;9672;33892946,8;76519;15330465,48;33693;4775;352;4603;328
3607;2024-12-01;5214838;NOVA CRIXÁS;52;GOIÁS;CO;CENTRO-OESTE;65944158,72;247503;27803877,63;19883;63745873,91;152653;27486951,15;73087;6699;586;6827;530
4953;2024-12-01;3135308;JAPARAÍBA;31;MINAS GERAIS;SE;SUDESTE;13570159,17;58408;2465953,35;2737;13916539,84;33073;3146043,19;11596;2231;181;2119;167
4982;2024-12-01;2305209;HIDROLÂNDIA;23;CEARÁ;NE;NORDESTE;43959387,41;323941;18847534,96;16226;41057688,05;230577;13018651,71;54850;9638;335;9232;320
4614;2024-12-01;2410306;SERRA CAIADA;24;RIO GRANDE DO NORTE;NE;NORDESTE;25121807,46;182153;12514331,18;6774;23685477,48;130765;9782595,34;24166;4884;163;4783;133
3509;2024-12-01;2915908;ITANAGRA;29;BAHIA;NE;NORDESTE;20681678,5;181698;4277932,11;3644;19677195,93;111090;2959360,4;12847;3898;132;3842;120
3808;2024-12-01;2703205;IGREJA NOVA;27;ALAGOAS;NE;NORDESTE;52114220,24;361712;3977080,78;2821;46736096,16;218823;10167776,45;13046;11552;132;11206;113
3135;2024-12-01;2513943;SÃO DOMINGOS DO CARIRI;25;PARAÍBA;NE;NORDESTE;8256065,55;42496;699198,62;1089;7828744,31;33104;698983,44;3765;1340;35;1290;35
3835;2024-12-01;2704104;LAGOA DA CANOA;27;ALAGOAS;NE;NORDESTE;55791190,85;315712;7500112,95;5325;51219160,36;201931;5575246,29;19246;9294;157;8961;134
4102;2024-12-01;1705508;COLINAS DO TOCANTINS;17;TOCANTINS;NO;NORTE;257575071,88;980399;125461398,59;78582;237636019,65;584050;124197785,17;250579;23098;1566;23294;1504
4110;2024-12-01;2701100;BRANQUINHA;27;ALAGOAS;NE;NORDESTE;23150370,51;199163;1694792,65;2106;21789297,1;120266;1967663,67;8061;5397;68;5344;59
3621;2024-12-01;2108009;PASTOS BONS;21;MARANHÃO;NE;NORDESTE;55974950,62;454679;25738525,87;21463;51428156,21;275585;29746398,57;68532;9922;278;9642;271
3158;2024-12-01;4106001;CONGONHINHAS;41;PARANÁ;SU;SUL;21090904,38;123146;7234517,59;6642;21335478,92;68327;5990198,16;20081;4277;228;4205;214
4865;2024-12-01;5107925;SORRISO;51;MATO GROSSO;CO;CENTRO-OESTE;1147849104,86;2263654;1149339196,71;317738;1103884106,96;1213456;1069393598,97;667323;67472;9645;66305;9027
4097;2024-12-01;5219704;SANTA TEREZINHA DE GOIÁS;52;GOIÁS;CO;CENTRO-OESTE;56423174,4;190123;21500902,34;16111;58287178,2;122655;19107008,61;53896;5458;394;5460;377
5123;2024-12-01;2203420;DOMINGOS MOURÃO;22;PIAUÍ;NE;NORDESTE;9715250,48;70068;640102,98;1165;8830120,67;42812;726706,52;4538;2064;34;2035;34
3512;2024-12-01;3104106;ARCEBURGO;31;MINAS GERAIS;SE;SUDESTE;26663643,44;142112;27924996,58;11850;27078251,78;76765;21187852,8;32934;4844;368;4759;352
4799;2024-12-01;3536257;PARISI;35;SÃO PAULO;SE;SUDESTE;9783287,02;40162;9330220,88;2338;9414805,09;22727;7778389,54;6309;1366;89;1369;83
4338;2024-12-01;3114907;CASA GRANDE;31;MINAS GERAIS;SE;SUDESTE;7261329,64;18462;1385147,82;910;6130234,68;11295;1067864,65;2140;1054;59;975;49
3811;2024-12-01;2608057;JATOBÁ;26;PERNAMBUCO;NE;NORDESTE;40610563,65;294960;8511724,79;5234;36521473,27;183291;7124789,2;22706;7565;169;7358;155
4364;2024-12-01;5212501;LUZIÂNIA;52;GOIÁS;CO;CENTRO-OESTE;935568656,38;5976438;553204023,41;321997;950797084,96;3744527;467632704,67;981762;133945;7884;135692;7341
2946;2024-12-01;2304269;DEPUTADO IRAPUAN PINHEIRO;23;CEARÁ;NE;NORDESTE;20894077,28;126219;7363728,82;8003;19280213,9;83912;7630979,4;22397;3978;98;3945;101
2474;2025-01-01;4106001;CONGONHINHAS;41;PARANÁ;SU;SUL;18189888,14;111258;6248844,4;6754;17017148,65;59164;6644752,09;17332;4299;231;4184;216
3203;2025-01-01;4123303;SANTA CRUZ DE MONTE CASTELO;41;PARANÁ;SU;SUL;27919381,69;126221;13935105,01;9291;30101185,83;65354;13487764,24;29239;4753;363;4571;337
3204;2025-01-01;3136306;JOÃO PINHEIRO;31;MINAS GERAIS;SE;SUDESTE;182537219,92;935930;217534991,02;74772;182917024,7;535379;187578362,63;208114;29738;2451;29702;2311
1983;2025-01-01;5106703;PONTE BRANCA;51;MATO GROSSO;CO;CENTRO-OESTE;6112554,14;30723;1381729,97;1617;6221242,73;17577;1074661,49;5281;991;69;970;70
1147;2025-01-01;3165800;SENADOR JOSÉ BENTO;31;MINAS GERAIS;SE;SUDESTE;3873536,79;12641;551695,03;801;3263321,17;7426;707831,87;1315;738;40;703;40
3183;2025-01-01;2801306;CAPELA;28;SERGIPE;NE;NORDESTE;71657739,45;575710;37609394,56;13718;65804032,39;353593;36282790,02;77052;17030;433;17088;415
2433;2025-01-01;5212501;LUZIÂNIA;52;GOIÁS;CO;CENTRO-OESTE;799187413,67;5316405;481179679,74;309311;806534020,86;3262030;435099234,33;935520;133590;8229;134694;7778
2429;2025-01-01;1600303;MACAPÁ;16;AMAPÁ;NO;NORTE;1983015271,46;15308611;1097036584,31;863041;1905744358,21;10336244;1064727213,14;2364904;339256;15118;334067;14407
489;2025-01-01;4306353;DEZESSEIS DE NOVEMBRO;43;RIO GRANDE DO SUL;SU;SUL;4113840,64;21716;2697397,76;979;3787247,73;11063;2537481,97;3047;1127;52;1063;54
5839;2025-01-01;3121506;DESTERRO DO MELO;31;MINAS GERAIS;SE;SUDESTE;5929963,67;26582;1600122,51;940;5517858,79;18640;1490482,5;2413;1406;78;1341;74
3173;2025-01-01;2804300;MURIBECA;28;SERGIPE;NE;NORDESTE;17309410,68;131222;7101215,88;4061;16164082,03;79051;5523583,26;13547;4239;92;4140;92
4738;2025-01-01;1508159;URUARÁ;15;PARÁ;NO;NORTE;165448884,09;820334;78510551,13;43979;156375827,71;454238;70659522,84;199397;24086;841;23204;825
2452;2025-01-01;3542503;REGINÓPOLIS;35;SÃO PAULO;SE;SUDESTE;18425727,09;124203;5689991,75;6551;18968218,41;71737;4290151,85;14739;3891;241;3761;232
4261;2025-01-01;1200054;ASSIS BRASIL;12;ACRE;NO;NORTE;19733994,16;114588;3781968,89;4479;18929460,61;66354;2859354,05;13882;3702;102;3674;94
4832;2025-01-01;4110052;IGUATU;41;PARANÁ;SU;SUL;5528236,94;31059;2752558,05;1206;4421361,11;14887;2508309,02;3819;1205;64;1118;61
3920;2025-01-01;2102200;BURITI;21;MARANHÃO;NE;NORDESTE;50629750,55;470595;6074200,65;6952;45406851,73;298320;5903707,26;40017;13733;177;13194;175
486;2025-01-01;3103108;ANTÔNIO PRADO DE MINAS;31;MINAS GERAIS;SE;SUDESTE;3712510,86;20468;210006,46;501;3486173,88;14077;180843,57;1436;839;38;785;31
4754;2025-01-01;3550803;SÃO SEBASTIÃO DA GRAMA;35;SÃO PAULO;SE;SUDESTE;28660288,78;148471;32026862,95;9916;29367133,3;77399;36974353,45;28583;5666;475;5524;491
3503;2025-01-01;2615904;TUPARETAMA;26;PERNAMBUCO;NE;NORDESTE;26090701,76;148201;6635836,48;4184;22868755,77;95613;5787678,85;16938;4825;151;4733;140
4005;2025-01-01;4321857;TRÊS PALMEIRAS;43;RIO GRANDE DO SUL;SU;SUL;11535525,46;46450;7233237,27;3390;12981037,25;23717;5687648,53;9704;2215;187;2073;181
5849;2025-01-01;2931053;TANQUE NOVO;29;BAHIA;NE;NORDESTE;30939735,18;156772;8545672,49;10695;29065196,04;98413;11328378,15;30435;7132;416;6721;375
1972;2025-01-01;5207600;FAZENDA NOVA;52;GOIÁS;CO;CENTRO-OESTE;19067742,09;71591;5931904,46;4099;18853683,13;45737;6049975,11;11703;2846;203;2766;190
2002;2025-01-01;4114401;MANGUEIRINHA;41;PARANÁ;SU;SUL;61190496,3;262356;64780049,04;22461;63329059,5;135632;65373665,96;57148;9959;778;9733;754
3640;2025-01-01;2701100;BRANQUINHA;27;ALAGOAS;NE;NORDESTE;20030854,67;172091;1345490,52;1770;18544320,15;104341;1601853,65;7431;5336;72;5274;63
4758;2025-01-01;3135001;JAGUARAÇU;31;MINAS GERAIS;SE;SUDESTE;8825480,27;53811;37160688,94;2543;8028134,92;32176;26299511,15;8366;1747;102;1681;93
827;2025-01-01;2411205;SANTA CRUZ;24;RIO GRANDE DO NORTE;NE;NORDESTE;120860695,0;831553;35806564,78;44908;110457753,69;562386;34873917,27;164827;23038;1069;22880;1016
4145;2025-01-01;3165206;SÃO TOMÉ DAS LETRAS;31;MINAS GERAIS;SE;SUDESTE;16574047,31;91297;13790096,83;17707;18707924,57;71075;11319523,86;64677;3389;634;3486;615
2054;2025-01-01;4302584;BOZANO;43;RIO GRANDE DO SUL;SU;SUL;5149526,25;16024;2533636,34;850;4933184,48;7745;1937475,38;2337;840;50;744;56
857;2025-01-01;4215307;SALETE;42;SANTA CATARINA;SU;SUL;19145243,71;80882;83864725,41;11411;18792457,13;39187;72248674,87;23428;4193;582;3874;562
3913;2025-01-01;2204550;GUARIBAS;22;PIAUÍ;NE;NORDESTE;10032183,11;67523;1379896,88;1250;8721445,2;41114;1294666,09;3127;2137;55;2093;54
1055;2025-01-01;3139003;MACHADO;31;MINAS GERAIS;SE;SUDESTE;134242239,04;543303;240745802,2;48202;197065787,45;330660;230368108,22;105534;22468;1955;22446;1828
1416;2025-01-01;2205151;JACOBINA DO PIAUÍ;22;PIAUÍ;NE;NORDESTE;11181659,68;70079;2653129,96;4521;8871745,18;41876;2712755,69;14110;2255;85;2202;89
5576;2025-01-01;1504752;MOJUÍ DOS CAMPOS;15;PARÁ;NO;NORTE;20382270,38;91058;11451247,09;11487;18060953,27;60827;10239675,48;48123;2462;295;2361;289
4979;2025-01-01;3524204;JABORANDI;35;SÃO PAULO;SE;SUDESTE;18523032,74;107146;4820527,32;6878;19253327,04;57875;4830288,03;18216;3826;249;3662;212
2170;2025-01-01;2111078;SÃO JOÃO DO SOTER;21;MARANHÃO;NE;NORDESTE;28085409,73;266978;2901484,61;4727;24617432,58;164317;3672875,94;17305;7443;110;7126;110
3377;2025-01-01;1718402;PRESIDENTE KENNEDY;17;TOCANTINS;NO;NORTE;11769064,96;68631;7334635,83;3045;11119627,87;37399;4285295,05;9150;1918;99;1900;99
931;2025-01-01;3133204;ITANHOMI;31;MINAS GERAIS;SE;SUDESTE;32530447,96;136503;6913027,65;5591;37121241,53;82774;8165939,42;21657;5953;312;5843;319
4043;2025-01-01;1702703;AURORA DO TOCANTINS;17;TOCANTINS;NO;NORTE;7575052,5;46675;1551467,05;3369;8383726,18;27528;1298241,71;10374;1609;81;1560;77
2152;2025-01-01;4317251;SANTA TEREZA;43;RIO GRANDE DO SUL;SU;SUL;2094988,96;10122;377838,36;488;1780962,46;4457;747402,58;1445;605;54;537;54
1012;2025-01-01;4311791;MARATÁ;43;RIO GRANDE DO SUL;SU;SUL;4575178,24;19722;3081501,53;1870;5436770,45;11736;3755926,77;4131;1104;132;981;126
984;2025-01-01;3169406;TRÊS PONTAS;31;MINAS GERAIS;SE;SUDESTE;249577039,36;882503;207809419,35;68788;247675555,38;536182;214328655,68;190414;32386;2616;32304;2517
3443;2025-01-01;2400604;ALMINO AFONSO;24;RIO GRANDE DO NORTE;NE;NORDESTE;13091046,47;93415;2135481,96;1996;11370318,82;61488;2157800,77;7114;2832;92;2668;82
825;2025-01-01;3515806;FLORA RICA;35;SÃO PAULO;SE;SUDESTE;4854817,73;30049;568205,9;539;4249909,39;14227;729793,72;2095;888;29;872;28
1081;2025-01-01;3518107;GUARANTÃ;35;SÃO PAULO;SE;SUDESTE;18608559,69;136453;6526581,98;7019;17057268,62;71939;7024683,58;23533;4106;220;3953;217
4162;2025-01-01;2202778;COLÔNIA DO PIAUÍ;22;PIAUÍ;NE;NORDESTE;12149664,3;98329;1202998,69;2433;11475950,33;60679;1140416,94;7858;3196;74;3279;72
2261;2025-01-01;2307254;JIJOCA DE JERICOACOARA;23;CEARÁ;NE;NORDESTE;83378488,97;529596;68427124,67;94758;85297383,89;390237;59215317,11;292856;12950;1514;12704;1420
613;2025-01-01;3519055;HOLAMBRA;35;SÃO PAULO;SE;SUDESTE;112158499,99;278245;181396493,31;39287;108207812,71;155999;168762342,42;84998;10802;1462;10400;1391
4969;2025-01-01;2103901;DUQUE BACELAR;21;MARANHÃO;NE;NORDESTE;18654343,84;189899;2225860,54;3263;18146890,73;117642;2378362,08;13869;5264;88;5146;78
625;2025-01-01;5106182;NOVA LACERDA;51;MATO GROSSO;CO;CENTRO-OESTE;26948990,57;92597;14920308,12;7310;27652449,36;50559;12789498,23;22911;3447;251;3301;238
5807;2025-01-01;2202075;CAJAZEIRAS DO PIAUÍ;22;PIAUÍ;NE;NORDESTE;5268276,31;48680;1560814,74;827;4914826,74;27634;1398138,09;1987;1464;44;1492;38
5806;2025-01-01;2305209;HIDROLÂNDIA;23;CEARÁ;NE;NORDESTE;33957279,68;271365;10021705,87;14715;31066725,56;187579;8062171,32;47844;9528;352;9164;330
3253;2025-01-01;2926301;RIACHÃO DO JACUÍPE;29;BAHIA;NE;NORDESTE;104315687,08;625457;59350185,63;33435;104121966,96;413088;51189697,32;109346;18371;1074;18437;1000
3477;2025-01-01;2105658;JUNCO DO MARANHÃO;21;MARANHÃO;NE;NORDESTE;13076029,13;105978;2198565,45;2785;11600800,6;67266;2089391,55;8525;2992;44;2930;45
1115;2025-01-01;3515194;ESPÍRITO SANTO DO TURVO;35;SÃO PAULO;SE;SUDESTE;13152593,55;95365;5786033,52;4046;12759188,77;46481;5278431,65;10728;2800;149;2754;129
4868;2025-01-01;3148509;PAVÃO;31;MINAS GERAIS;SE;SUDESTE;15920085,18;106137;6494600,49;2911;15094625,78;62870;6073669,04;10476;3679;147;3666;132
688;2025-01-01;3202603;ICONHA;32;ESPÍRITO SANTO;SE;SUDESTE;45523511,9;193042;95792623,59;18415;43362875,73;113194;101250039,02;59200;7263;778;6950;734
1104;2025-01-01;1718303;PRAIA NORTE;17;TOCANTINS;NO;NORTE;18773966,16;161430;1728985,12;2796;17644236,93;99766;2334803,72;9169;4151;83;4156;82
3271;2025-01-01;3165701;SENADOR FIRMINO;31;MINAS GERAIS;SE;SUDESTE;15975118,95;73610;6530641,94;5825;15189489,8;46620;8246394,21;18599;3537;296;3402;278
5309;2025-01-01;2203420;DOMINGOS MOURÃO;22;PIAUÍ;NE;NORDESTE;7453511,74;60908;493593,69;1142;7506579,79;36576;465808,65;3967;2033;36;1993;38
731;2025-01-01;3520608;INDIANA;35;SÃO PAULO;SE;SUDESTE;16287829,92;83181;8921702,79;5880;16080708,81;47281;5320077,69;13770;2984;234;2866;220
4041;2025-01-01;2207405;PALMEIRA DO PIAUÍ;22;PIAUÍ;NE;NORDESTE;14051561,72;88827;1403176,39;2984;12944009,63;49899;1733352,85;9563;2922;85;2856;80
5382;2025-01-01;5103502;DIAMANTINO;51;MATO GROSSO;CO;CENTRO-OESTE;130557419,69;507594;71397721,84;43934;132482699,96;259574;92156855,2;114266;15092;1437;14701;1334
3909;2025-01-01;2108009;PASTOS BONS;21;MARANHÃO;NE;NORDESTE;46713693,37;398922;18806294,26;18637;45707824,25;235491;17776193,22;60047;9845;285;9674;292
5381;2025-01-01;3119203;COROACI;31;MINAS GERAIS;SE;SUDESTE;23640225,34;98606;7850949,25;5893;23766568,46;53167;7636765,84;17306;4188;323;4068;302
2307;2025-01-01;3549102;SÃO JOÃO DA BOA VISTA;35;SÃO PAULO;SE;SUDESTE;400012062,0;1559979;357117003,83;155813;440311989,54;921483;352620740,21;344066;57785;5860;56096;5581
686;2025-01-01;2918506;JUSSARA;29;BAHIA;NE;NORDESTE;31249384,54;247769;3709905,17;6676;30075574,78;157477;4656983,23;20020;7803;190;7633;184
1690;2025-01-01;2205540;LAGOINHA DO PIAUÍ;22;PIAUÍ;NE;NORDESTE;5712241,44;49369;3990918,37;585;5386006,82;29304;1469664,81;2928;1339;25;1341;21
2101;2025-01-01;1705508;COLINAS DO TOCANTINS;17;TOCANTINS;NO;NORTE;225862659,52;862490;118020588,38;73978;211279427,93;495716;118347259,5;220597;23030;1634;23045;1553
3593;2025-01-01;1506112;QUATIPURU;15;PARÁ;NO;NORTE;22033367,52;219734;3864582,85;4004;20696488,34;134713;2769244,03;13856;6133;133;6035;127
3002;2025-01-01;2513943;SÃO DOMINGOS DO CARIRI;25;PARAÍBA;NE;NORDESTE;6578903,62;37253;624036,02;783;6309934,52;28909;726469,45;3547;1322;35;1276;38
5510;2025-01-01;2505238;CUITÉ DE MAMANGUAPE;25;PARAÍBA;NE;NORDESTE;12179156,34;88932;844843,21;1766;11606105,77;58248;842498,19;6644;3180;115;3076;88
1510;2025-01-01;1702901;AXIXÁ DO TOCANTINS;17;TOCANTINS;NO;NORTE;36491031,15;241546;4512743,03;6781;34218059,59;154014;5827202,74;29627;6861;173;6853;172
5618;2025-01-01;1503457;IPIXUNA DO PARÁ;15;PARÁ;NO;NORTE;56335805,82;481792;29509263,0;21119;52836119,08;294210;28508119,37;88806;13626;462;13479;455
4461;2025-01-01;2409407;PAU DOS FERROS;24;RIO GRANDE DO NORTE;NE;NORDESTE;113532377,04;664227;60646212,35;34768;103014426,31;457490;83964290,36;213499;18922;1182;18398;1126
4452;2025-01-01;5220702;SÍTIO D'ABADIA;52;GOIÁS;CO;CENTRO-OESTE;5976343,84;33728;1990414,87;996;5655509,57;19314;1703621,39;4008;1335;42;1272;44
4520;2025-01-01;3527256;LOURDES;35;SÃO PAULO;SE;SUDESTE;5011300,2;27502;749228,25;1656;5615675,81;15709;760429,28;4477;1189;58;1145;55
1793;2025-01-01;3170909;VARZELÂNDIA;31;MINAS GERAIS;SE;SUDESTE;41967798,47;315912;8908319,97;11581;39429448,87;186927;8837906,05;45569;10541;357;10164;349
5650;2025-01-01;3135308;JAPARAÍBA;31;MINAS GERAIS;SE;SUDESTE;11505342,96;51351;2583322,33;2523;12029688,28;27320;3372127,08;10159;2211;191;2013;172
1803;2025-01-01;2203503;ELESBÃO VELOSO;22;PIAUÍ;NE;NORDESTE;25814245,72;228902;5271582,96;4789;23903352,71;137292;6289854,72;29400;7039;177;6946;175
1279;2025-01-01;3540606;PORTO FELIZ;35;SÃO PAULO;SE;SUDESTE;198377752,29;1064686;184780241,18;100908;207122595,19;583972;160147060,98;238896;35223;3094;34485;2903
200;2025-01-01;5204706;CAMPINORTE;52;GOIÁS;CO;CENTRO-OESTE;56803908,22;246532;26325455,06;20241;54534118,82;130865;21710958,32;77813;7326;543;7317;520
5932;2025-01-01;2300408;AIUABA;23;CEARÁ;NE;NORDESTE;25808385,05;210116;2249634,4;4931;23816180,52;144138;2360554,8;16788;6932;152;6669;153
3703;2025-01-01;2703205;IGREJA NOVA;27;ALAGOAS;NE;NORDESTE;46696953,21;306936;4479857,09;3536;42071862,16;183193;4221930,03;12460;11281;131;10944;125
5550;2025-01-01;2410306;SERRA CAIADA;24;RIO GRANDE DO NORTE;NE;NORDESTE;20411985,68;158979;10870036,96;5881;18641243,42;114678;6885454,26;21770;4852;170;4806;141
191;2025-01-01;3156809;SABINÓPOLIS;31;MINAS GERAIS;SE;SUDESTE;35091914,24;183999;9566388,71;9444;36360653,64;102698;9842191,27;35086;7411;357;7399;363
2790;2025-01-01;4200705;ALFREDO WAGNER;42;SANTA CATARINA;SU;SUL;29533889,69;89957;12030078,0;11158;27821086,27;52258;12779728,08;33679;4834;560;4567;549
3604;2025-01-01;2602803;BUÍQUE;26;PERNAMBUCO;NE;NORDESTE;78703915,95;554586;11771123,91;12952;75994054,09;360989;13824798,94;58465;20514;460;20512;443
83;2025-01-01;4306502;DOM FELICIANO;43;RIO GRANDE DO SUL;SU;SUL;20267003,72;116725;7918514,39;6166;16798195,95;58720;6700922,4;21855;5673;289;5212;263
4928;2025-01-01;2704104;LAGOA DA CANOA;27;ALAGOAS;NE;NORDESTE;44635744,13;257839;7149486,87;5320;41556330,31;165391;5541559,17;19661;9091;167;8905;149
3628;2025-01-01;2608057;JATOBÁ;26;PERNAMBUCO;NE;NORDESTE;33840629,66;254954;8152536,88;4910;29703195,27;153535;7474807,63;20305;7554;177;7312;168
5127;2025-01-01;2609501;NAZARÉ DA MATA;26;PERNAMBUCO;NE;NORDESTE;77639365,12;578737;15618355,84;17265;71675051,18;376791;38076397,48;63832;17964;517;17879;460
1526;2025-01-01;2504207;CATINGUEIRA;25;PARAÍBA;NE;NORDESTE;10540665,24;70889;2109219,32;1683;10560217,18;44327;1654564,07;5376;2366;50;2374;50
2953;2025-01-01;3501806;AMÉRICO DE CAMPOS;35;SÃO PAULO;SE;SUDESTE;77092192,12;89324;4692992,71;6126;52891918,26;49466;4682204,1;15241;3434;217;3261;203
5980;2025-01-01;2920601;MARAGOGIPE;29;BAHIA;NE;NORDESTE;94138787,56;780464;9769038,18;12207;91860124,81;543271;11616191,11;43561;21381;428;21446;416
1519;2025-01-01;2702405;DELMIRO GOUVEIA;27;ALAGOAS;NE;NORDESTE;152147694,35;1098952;44597283,88;39321;141451469,3;681748;47342283,58;163808;30858;1197;31056;1116
2876;2025-01-01;2200277;ALEGRETE DO PIAUÍ;22;PIAUÍ;NE;NORDESTE;15249191,2;95592;1209420,58;2133;13670494,66;60400;1284364,3;7500;2619;70;2571;71
2873;2025-01-01;2605509;FERREIROS;26;PERNAMBUCO;NE;NORDESTE;24194297,71;178547;2998133,11;3944;22537506,13;118512;3411106,53;16327;5984;158;5842;142
34;2025-01-01;2907558;CATURAMA;29;BAHIA;NE;NORDESTE;10114587,22;60596;820523,34;1442;9681404,52;36233;902796,06;5346;2780;71;2647;69
4672;2025-01-01;2304269;DEPUTADO IRAPUAN PINHEIRO;23;CEARÁ;NE;NORDESTE;19068107,28;111726;7474074,41;6614;17008055,97;72399;8282463,62;20112;3941;101;3864;98
2860;2025-01-01;2511707;PILÕEZINHOS;25;PARAÍBA;NE;NORDESTE;8791169,32;65625;537166,57;1243;8175742,57;46150;480846,91;4003;2269;48;2282;44
44;2025-01-01;4107108;DIAMANTE DO NORTE;41;PARANÁ;SU;SUL;16100403,52;83310;10519291,74;6151;15534256,74;44170;14008185,66;16596;3197;208;3071;199
1302;2025-01-01;4204194;CHAPADÃO DO LAGEADO;42;SANTA CATARINA;SU;SUL;7958886,48;23782;1896123,59;1814;7290809,78;11003;1850613,03;6193;1281;96;1148;98
2850;2025-01-01;3144409;NATÉRCIA;31;MINAS GERAIS;SE;SUDESTE;11404008,96;35239;6680370,83;2575;8294716,94;21992;19386411,95;6510;2118;138;1935;135
4549;2025-01-01;2611309;POMBOS;26;PERNAMBUCO;NE;NORDESTE;68427465,41;422456;33025514,91;17606;68145157,45;322716;38868563,63;74399;13581;462;13580;432
1600;2025-01-01;3534807;OURO VERDE;35;SÃO PAULO;SE;SUDESTE;20465114,17;146786;5091759,85;6838;21360320,63;76790;5701543,27;16970;4400;267;4373;254
4430;2025-01-01;2112233;TRIZIDELA DO VALE;21;MARANHÃO;NE;NORDESTE;55682968,09;439332;21620234,04;19377;50838817,65;276262;20080949,86;60879;11694;457;11641;438
5201;2025-01-01;2208502;PORTO;22;PIAUÍ;NE;NORDESTE;20858903,28;209676;3972947,21;5411;18868638,34;123466;3522988,23;26494;5877;136;5856;140
5621;2025-01-01;5214838;NOVA CRIXÁS;52;GOIÁS;CO;CENTRO-OESTE;54643569,81;213992;23245779,5;19785;53548177,18;126797;24017878,5;68307;6676;608;6752;544
1234;2025-01-01;4219150;VARGEM;42;SANTA CATARINA;SU;SUL;5516920,66;25385;2815174,98;1786;5873907,9;13005;1750284,59;3631;1255;81;1227;77
3080;2025-01-01;4304408;CANELA;43;RIO GRANDE DO SUL;SU;SUL;198451342,72;1085116;180143219,37;112941;207438782,51;585980;155543851,1;271113;32643;4214;32212;4102
1481;2025-01-01;3104700;ATALÉIA;31;MINAS GERAIS;SE;SUDESTE;30145121,52;176811;19551110,06;4897;30020874,62;99888;18097331,68;18905;6159;229;6043;227
4897;2025-01-01;3104106;ARCEBURGO;31;MINAS GERAIS;SE;SUDESTE;24119675,36;122649;25820014,18;11276;23805410,33;65576;20382297,82;28747;4860;369;4693;357
1880;2025-01-01;5201405;APARECIDA DE GOIÂNIA;52;GOIÁS;CO;CENTRO-OESTE;2482968810,37;14493750;3111899053,56;2425497;2625131522,18;9432106;2772203413,09;3946118;375534;31174;378934;29181
332;2025-01-01;3123528;DURANDÉ;31;MINAS GERAIS;SE;SUDESTE;14665417,11;97521;3242985,25;3713;11960164,18;49233;2347109,12;13181;3903;181;3574;171
3034;2025-01-01;4315602;RIO GRANDE;43;RIO GRANDE DO SUL;SU;SUL;684313208,19;4432190;474845730,43;311241;648846019,13;2626064;657088426,3;848308;134754;8842;131425;8291
5222;2025-01-01;5205059;CASTELÂNDIA;52;GOIÁS;CO;CENTRO-OESTE;11910808,75;64410;8780246,51;4098;10433641,16;34326;9402123,8;11984;1924;100;1845;99
4855;2025-01-01;2100832;APICUM-AÇU;21;MARANHÃO;NE;NORDESTE;39024333,9;333830;5009970,21;7484;36212846,85;224934;6443587,33;26175;8416;138;8150;137
2601;2025-01-01;2910750;FÁTIMA;29;BAHIA;NE;NORDESTE;42824925,01;245543;8971613,39;7626;40347978,87;163053;11359596,35;28397;8317;253;8127;244
1629;2025-01-01;4311734;MAMPITUBA;43;RIO GRANDE DO SUL;SU;SUL;6256654,11;26279;1375146,71;1219;5776966,4;13377;1066891,28;4810;1293;64;1220;60
3524;2025-01-01;4100400;ALMIRANTE TAMANDARÉ;41;PARANÁ;SU;SUL;378386296,33;2711187;247579909,86;177698;394252349,89;1501510;236894449,9;369819;76258;5317;76277;5068
1915;2025-01-01;3553906;TARABAI;35;SÃO PAULO;SE;SUDESTE;19102318,06;128582;19806153,66;13466;20044580,55;68705;19670540,11;17004;4153;279;4054;246
2536;2025-01-01;2913705;INHAMBUPE;29;BAHIA;NE;NORDESTE;90603802,02;653779;38769554,96;26668;92443537,21;387183;36677666,4;91836;19153;764;19416;737
5881;2025-01-01;3503307;ARARAS;35;SÃO PAULO;SE;SUDESTE;509551226,42;2382545;424359044,01;230728;510248759,49;1378085;372055397,64;712029;85803;7831;83269;7354
1206;2025-01-01;2506103;FAGUNDES;25;PARAÍBA;NE;NORDESTE;20618892,56;165718;2643613,68;3277;19378188,34;115742;2570943,69;15773;5809;135;5750;126
403;2025-01-01;3110707;CAMBUQUIRA;31;MINAS GERAIS;SE;SUDESTE;31556165,78;203779;9788426,82;11262;30661134,9;117074;10995377,39;39436;6959;521;6935;523
5075;2025-01-01;2211704;WALL FERRAZ;22;PIAUÍ;NE;NORDESTE;7408360,54;56110;1069327,24;1357;6496461,25;33753;779389,12;6429;1916;44;1875;40
4398;2025-01-01;2414001;TANGARÁ;24;RIO GRANDE DO NORTE;NE;NORDESTE;42283510,52;323064;15362397,7;10170;38880015,98;225010;15385368,93;56223;8626;299;8469;282
2100;2025-01-01;1501253;BANNACH;15;PARÁ;NO;NORTE;14589116,91;58136;2200662,36;2370;13828859,56;31519;3800306,91;10158;2052;60;1924;69
4410;2025-01-01;1718501;RECURSOLÂNDIA;17;TOCANTINS;NO;NORTE;10675013,26;68461;2203750,67;1463;9922025,81;37543;2593735,85;4437;1907;53;1877;50
3060;2025-01-01;2915908;ITANAGRA;29;BAHIA;NE;NORDESTE;17305238,87;158589;3281766,0;3341;16237453,76;94958;2593718,58;11148;3895;137;3852;126
2629;2025-01-01;2703700;JARAMATAIA;27;ALAGOAS;NE;NORDESTE;14142276,4;94865;1049969,19;811;13198981,94;56157;1045867,37;4333;2904;37;2836;35
4417;2025-01-01;2702603;FEIRA GRANDE;27;ALAGOAS;NE;NORDESTE;46576052,49;277989;25638705,27;6973;43650045,79;184601;11726764,16;15754;10427;183;10105;177
1093;2025-02-01;1702901;AXIXÁ DO TOCANTINS;17;TOCANTINS;NO;NORTE;37872685,63;251091;5045805,67;6455;36582371,62;157909;5830752,11;28803;6835;173;6881;169
5642;2025-02-01;3503307;ARARAS;35;SÃO PAULO;SE;SUDESTE;489311429,92;2316379;429268489,83;229008;501949167,93;1361715;376718692,09;725378;85894;7890;82986;7464
5703;2025-02-01;4211504;NOVA TRENTO;42;SANTA CATARINA;SU;SUL;37888461,03;137054;45613423,34;19319;41801940,47;76314;41599066,41;38202;7264;1157;6709;1089
4826;2025-02-01;2920601;MARAGOGIPE;29;BAHIA;NE;NORDESTE;98385049,79;785742;9270539,79;12764;93099594,71;546836;9210931,31;44224;21408;432;21363;421
5430;2025-02-01;2803203;ITAPORANGA D'AJUDA;28;SERGIPE;NE;NORDESTE;80473889,6;744211;26908928,25;24302;76932981,05;456234;103113530,12;81893;19351;587;19513;541
5368;2025-02-01;2611309;POMBOS;26;PERNAMBUCO;NE;NORDESTE;73681091,53;428899;33774182,94;18063;73417250,72;333097;35098792,0;76229;13687;469;13632;426
1120;2025-02-01;3519055;HOLAMBRA;35;SÃO PAULO;SE;SUDESTE;110820421,1;268870;142946188,04;38637;104794060,52;148938;126327789,83;82827;10790;1478;10408;1386
3520;2025-02-01;2703205;IGREJA NOVA;27;ALAGOAS;NE;NORDESTE;47255827,16;310506;4603272,48;3072;42350638,79;184715;3977188,46;12706;11396;138;11010;133
3988;2025-02-01;2609501;NAZARÉ DA MATA;26;PERNAMBUCO;NE;NORDESTE;76724497,46;588809;16636880,77;19788;78641550,19;395576;32741755,49;71207;18001;524;17951;482
3574;2025-02-01;3542503;REGINÓPOLIS;35;SÃO PAULO;SE;SUDESTE;18956916,11;120180;6417176,47;6728;18493327,53;70409;4243620,84;14119;3892;236;3737;232
1019;2025-02-01;1718303;PRAIA NORTE;17;TOCANTINS;NO;NORTE;19009333,44;161757;3224699,7;3030;18638750,03;98957;2942568,6;8830;4155;90;4130;83
4042;2025-02-01;2608057;JATOBÁ;26;PERNAMBUCO;NE;NORDESTE;31711375,02;242465;8462758,97;4964;29209301,85;143867;7987209,55;20752;7582;175;7295;168
5674;2025-02-01;1706001;COUTO MAGALHÃES;17;TOCANTINS;NO;NORTE;16208013,53;86043;28776066,9;6701;15786624,09;51686;31418481,61;16880;2739;133;2696;117
1735;2025-02-01;4106001;CONGONHINHAS;41;PARANÁ;SU;SUL;18079960,38;105362;6875591,82;7042;17552119,68;56955;7387033,99;17632;4304;225;4184;210
3916;2025-02-01;2203503;ELESBÃO VELOSO;22;PIAUÍ;NE;NORDESTE;26049023,73;230787;4903044,93;4796;24217870,78;134855;5937062,18;28512;7041;196;6910;175
2089;2025-02-01;3170909;VARZELÂNDIA;31;MINAS GERAIS;SE;SUDESTE;44065410,69;309164;8482791,84;12281;41302891,93;180720;8645684,35;44708;10534;362;10117;342
5626;2025-02-01;3301157;CARDOSO MOREIRA;33;RIO DE JANEIRO;SE;SUDESTE;33053970,62;213215;32813118,69;9012;32010911,54;130630;20564395,36;31815;7255;439;7106;417
1150;2025-02-01;4311734;MAMPITUBA;43;RIO GRANDE DO SUL;SU;SUL;6490050,72;25013;1591946,12;1528;6255771,42;12738;1081771,02;5248;1295;69;1185;66
998;2025-02-01;4204194;CHAPADÃO DO LAGEADO;42;SANTA CATARINA;SU;SUL;7750291,63;22822;1652549,08;1799;8879880,44;10712;1770965,02;5861;1292;97;1171;96
1332;2025-02-01;3144409;NATÉRCIA;31;MINAS GERAIS;SE;SUDESTE;12031713,8;33908;9646158,5;2513;9106536,53;21517;16704085,6;6276;2106;138;1931;136
5632;2025-02-01;2103901;DUQUE BACELAR;21;MARANHÃO;NE;NORDESTE;18093443,57;183569;1821173,96;3185;15750606,82;113013;2089708,77;13140;5274;89;5167;84
1742;2025-02-01;5212501;LUZIÂNIA;52;GOIÁS;CO;CENTRO-OESTE;808925100,11;5264038;501404517,94;312726;820387694,32;3259570;436973748,06;939326;133965;8279;135351;7744
3526;2025-02-01;3553906;TARABAI;35;SÃO PAULO;SE;SUDESTE;18643245,13;121519;18618275,78;12361;20172804,53;64652;17357660,07;16844;4132;274;4062;244
3642;2025-02-01;2701100;BRANQUINHA;27;ALAGOAS;NE;NORDESTE;20101178,0;177686;1067937,78;1644;18876540,9;106198;1017450,1;7713;5309;70;5268;68
3591;2025-02-01;4321857;TRÊS PALMEIRAS;43;RIO GRANDE DO SUL;SU;SUL;10868081,91;45247;6162576,6;3431;11961580,9;22644;5662354,1;10316;2232;179;2044;186
5671;2025-02-01;2312106;SANTANA DO CARIRI;23;CEARÁ;NE;NORDESTE;31920146,7;275103;6317303,63;5302;28847119,48;172865;5135129,99;18634;8907;136;8557;127
1109;2025-02-01;2205151;JACOBINA DO PIAUÍ;22;PIAUÍ;NE;NORDESTE;10551837,55;70753;3432464,9;4795;9390779,96;42943;3440387,26;14111;2278;90;2245;88
3673;2025-02-01;4219150;VARGEM;42;SANTA CATARINA;SU;SUL;5888780,34;25301;2391977,09;1736;6274749,9;12872;2799965,09;3467;1252;82;1208;78
5447;2025-02-01;5002001;BATAYPORÃ;50;MATO GROSSO DO SUL;CO;CENTRO-OESTE;34120120,12;197639;19465621,62;14490;37010403,65;99896;36907282,13;40103;6671;424;6446;412
1706;2025-02-01;1600303;MACAPÁ;16;AMAPÁ;NO;NORTE;1930974584,36;14950072;1081735881,31;846078;1886531122,52;10143771;1019657630,72;2328747;338971;15193;334066;14364
1239;2025-02-01;5201405;APARECIDA DE GOIÂNIA;52;GOIÁS;CO;CENTRO-OESTE;2500399327,93;14283871;3595908614,79;5779726;2676663847,03;9344605;3309051220,48;23716959;376302;31525;379819;29354
1973;2025-02-01;2307254;JIJOCA DE JERICOACOARA;23;CEARÁ;NE;NORDESTE;77661795,47;495527;57757775,09;81383;75754239,11;341148;46838702,31;236030;12998;1525;12715;1394
4861;2025-02-01;2211704;WALL FERRAZ;22;PIAUÍ;NE;NORDESTE;7496746,49;53441;1025243,49;1388;6749882,5;32484;805328,83;6017;1912;40;1899;36
5591;2025-02-01;3135308;JAPARAÍBA;31;MINAS GERAIS;SE;SUDESTE;11365156,49;48974;2427263,17;2686;11216142,83;27391;3509515,23;9761;2219;188;2042;174
1230;2025-02-01;3104700;ATALÉIA;31;MINAS GERAIS;SE;SUDESTE;29479018,71;174088;23204440,42;5075;28895531,71;97652;20620929,48;19018;6160;241;6002;229
4976;2025-02-01;2302404;BOA VIAGEM;23;CEARÁ;NE;NORDESTE;115716910,97;788573;24841852,43;22990;109455539,08;517428;27497345,57;95921;25668;721;25206;668
3581;2025-02-01;3527256;LOURDES;35;SÃO PAULO;SE;SUDESTE;6241497,22;27399;703002,1;1185;6125965,91;16037;713249,88;3926;1185;61;1161;61
1130;2025-02-01;3515194;ESPÍRITO SANTO DO TURVO;35;SÃO PAULO;SE;SUDESTE;11800327,68;88817;4480215,76;4060;12100636,99;42959;3496322,98;10389;2827;156;2766;127
1117;2025-02-01;3139003;MACHADO;31;MINAS GERAIS;SE;SUDESTE;133311022,95;534803;283792460,04;49728;153068918,92;329881;289058725,65;107237;22530;1988;22400;1838
3672;2025-02-01;3165701;SENADOR FIRMINO;31;MINAS GERAIS;SE;SUDESTE;17526619,73;74411;7486776,83;6053;16800478,18;46513;7934017,27;19148;3576;302;3384;298
1075;2025-02-01;2702405;DELMIRO GOUVEIA;27;ALAGOAS;NE;NORDESTE;151574933,55;1077244;39354701,33;39287;141674727,22;659734;39697620,1;153551;31034;1196;31020;1113
4910;2025-02-01;3522307;ITAPETININGA;35;SÃO PAULO;SE;SUDESTE;577726249,99;3263883;421582410,2;260171;601382053,97;1848398;380211009,3;725842;103590;7838;100827;7349
1064;2025-02-01;4311791;MARATÁ;43;RIO GRANDE DO SUL;SU;SUL;4420442,82;18245;2902819,35;1909;4699704,37;10952;4003886,59;3960;1107;129;959;121
1244;2025-02-01;4200705;ALFREDO WAGNER;42;SANTA CATARINA;SU;SUL;27702999,79;85340;12773034,61;10965;31976421,26;49847;16337433,79;32265;4812;568;4570;551
5610;2025-02-01;4215604;SANTA ROSA DE LIMA;42;SANTA CATARINA;SU;SUL;4468064,48;14163;4369297,11;1647;4856126,51;6774;4269829,63;10755;969;119;863;109
1975;2025-02-01;4114401;MANGUEIRINHA;41;PARANÁ;SU;SUL;55573115,67;257493;50089095,75;22981;59539453,84;128423;46464054,44;58717;10013;773;9686;764
3483;2025-02-01;4123303;SANTA CRUZ DE MONTE CASTELO;41;PARANÁ;SU;SUL;28984772,3;123231;13909609,2;9087;30861921,48;64980;13398952,58;29640;4771;361;4586;331
5524;2025-02-01;2311900;SABOEIRO;23;CEARÁ;NE;NORDESTE;35220304,35;216434;3501536,86;3394;32166990,61;153781;3510059,21;17118;7246;128;7000;119
4073;2025-02-01;2913705;INHAMBUPE;29;BAHIA;NE;NORDESTE;90539324,8;643591;41844431,99;27655;90449187,7;381075;39212799,25;93902;19236;791;19373;758
5922;2025-02-01;3509106;CAIUÁ;35;SÃO PAULO;SE;SUDESTE;11150135,31;64210;1439796,28;2548;11354996,94;32324;1663328,0;6771;2180;88;2109;79
5085;2025-02-01;2202778;COLÔNIA DO PIAUÍ;22;PIAUÍ;NE;NORDESTE;12939775,62;98900;1085474,6;2355;12955267,64;58439;982694,49;7247;3214;69;3279;72
3769;2025-02-01;2204550;GUARIBAS;22;PIAUÍ;NE;NORDESTE;11349730,23;69281;2288245,34;1516;10528443,28;40766;1942199,81;3252;2173;60;2104;56
4375;2025-02-01;2106904;MONÇÃO;21;MARANHÃO;NE;NORDESTE;47696237,91;476373;3824290,29;8328;41643719,0;283190;4170235,44;38301;13421;145;12881;138
4720;2025-02-01;2207405;PALMEIRA DO PIAUÍ;22;PIAUÍ;NE;NORDESTE;13725082,98;90318;1576954,49;2714;12918656,32;51348;1641179,92;8480;2968;85;2889;79
318;2025-02-01;3202603;ICONHA;32;ESPÍRITO SANTO;SE;SUDESTE;43067068,04;190539;75283454,84;18562;41990919,07;113694;77308828,03;61599;7275;797;6959;756
2605;2025-02-01;3549102;SÃO JOÃO DA BOA VISTA;35;SÃO PAULO;SE;SUDESTE;390293712,33;1529043;349416480,85;157081;415879665,13;920156;343326526,85;349769;57681;5911;56078;5580
5897;2025-02-01;2414001;TANGARÁ;24;RIO GRANDE DO NORTE;NE;NORDESTE;41948874,17;321942;12258783,71;10572;39149030,71;223747;12832816,68;56292;8597;300;8410;297
5229;2025-02-01;2202075;CAJAZEIRAS DO PIAUÍ;22;PIAUÍ;NE;NORDESTE;5520922,03;49801;743395,5;711;5084201,68;28336;760431,9;2058;1489;41;1504;39
4367;2025-02-01;2300408;AIUABA;23;CEARÁ;NE;NORDESTE;25903447,08;207453;2224995,73;4767;23930982,03;139765;2148396,92;15899;6903;159;6616;152
367;2025-02-01;3518107;GUARANTÃ;35;SÃO PAULO;SE;SUDESTE;16792044,8;130217;6077221,69;6684;16452327,92;67210;6689452,22;22794;4086;225;3915;217
5234;2025-02-01;4100400;ALMIRANTE TAMANDARÉ;41;PARANÁ;SU;SUL;374171814,4;2632475;250896543,77;187238;403464627,17;1485882;233367780,57;387193;76480;5392;76455;5161
5886;2025-02-01;2804300;MURIBECA;28;SERGIPE;NE;NORDESTE;17930635,62;134136;7139678,86;4123;17254945,65;79781;5422502,51;13903;4259;90;4144;87
2561;2025-02-01;2703700;JARAMATAIA;27;ALAGOAS;NE;NORDESTE;14479897,7;90518;1457484,59;869;13505520,93;53370;1145177,56;4492;2912;41;2850;41
5885;2025-02-01;1701002;ANANÁS;17;TOCANTINS;NO;NORTE;34210355,43;248834;8665406,01;8948;32571911,27;149074;9673197,63;27880;6563;298;6386;279
2524;2025-02-01;3540606;PORTO FELIZ;35;SÃO PAULO;SE;SUDESTE;195659837,53;1033178;183585468,86;100794;207434538,98;575946;159400443,31;264454;35259;3092;34488;2915
1480;2025-02-01;5106182;NOVA LACERDA;51;MATO GROSSO;CO;CENTRO-OESTE;27858733,27;92438;15202420,98;7203;29534401,59;50172;14029798,54;22987;3441;261;3291;247
431;2025-02-01;3156809;SABINÓPOLIS;31;MINAS GERAIS;SE;SUDESTE;36498332,19;177887;8734353,53;9738;39637671,39;99421;9197062,22;33443;7450;371;7444;360
1464;2025-02-01;2111078;SÃO JOÃO DO SOTER;21;MARANHÃO;NE;NORDESTE;27735390,75;263321;3208050,19;6019;25820507,84;159012;3400537,74;19212;7502;124;7246;121
1611;2025-02-01;4215307;SALETE;42;SANTA CATARINA;SU;SUL;20445108,97;79230;72828928,73;12347;19544464,71;38605;60681081,1;24723;4211;597;3882;581
458;2025-02-01;5204706;CAMPINORTE;52;GOIÁS;CO;CENTRO-OESTE;57021781,67;237759;25848321,84;21885;57315666,46;129530;21940945,87;77430;7359;554;7335;533
236;2025-02-01;3103108;ANTÔNIO PRADO DE MINAS;31;MINAS GERAIS;SE;SUDESTE;3891418,63;21136;242222,74;561;3298989,55;14648;195462,14;1665;837;38;776;31
3026;2025-02-01;1718402;PRESIDENTE KENNEDY;17;TOCANTINS;NO;NORTE;12253425,96;67346;3282920,2;2782;12225859,94;36065;4155050,52;9075;1919;106;1904;99
6;2025-02-01;4306353;DEZESSEIS DE NOVEMBRO;43;RIO GRANDE DO SUL;SU;SUL;4059131,34;19307;3473735,75;942;3607924,0;10140;3194224,39;2775;1104;60;1059;53
2944;2025-02-01;2105658;JUNCO DO MARANHÃO;21;MARANHÃO;NE;NORDESTE;13773004,97;108196;1454656,07;2757;12515796,33;69198;1444496,16;8219;3043;44;2943;45
5519;2025-02-01;2801306;CAPELA;28;SERGIPE;NE;NORDESTE;72476957,29;574111;31031093,63;13755;67906681,65;352320;34098703,78;76254;17124;436;17142;418
5516;2025-02-01;1718501;RECURSOLÂNDIA;17;TOCANTINS;NO;NORTE;12596639,51;67248;1775980,26;1394;12704256,08;36924;2636559,15;4645;1909;52;1884;45
2856;2025-02-01;2704104;LAGOA DA CANOA;27;ALAGOAS;NE;NORDESTE;46667230,49;259513;7443860,26;5449;43837234,0;170537;6212774,46;20554;9127;173;8855;156
4575;2025-02-01;3550803;SÃO SEBASTIÃO DA GRAMA;35;SÃO PAULO;SE;SUDESTE;27940939,24;140889;31536739,39;9965;28385090,25;74332;28357791,86;27285;5625;485;5491;494
2829;2025-02-01;2513943;SÃO DOMINGOS DO CARIRI;25;PARAÍBA;NE;NORDESTE;6984966,42;36665;606776,51;838;6444842,8;26644;713243,2;3854;1331;42;1292;42
5111;2025-02-01;3104106;ARCEBURGO;31;MINAS GERAIS;SE;SUDESTE;23063869,85;120156;25447812,83;11605;21620810,43;64174;18548702,06;28493;4848;376;4688;366
105;2025-02-01;4306502;DOM FELICIANO;43;RIO GRANDE DO SUL;SU;SUL;20545860,85;111169;8236096,93;6004;17676247,61;55252;7205407,57;21638;5654;293;5199;276
3005;2025-02-01;2910750;FÁTIMA;29;BAHIA;NE;NORDESTE;46537852,13;241230;10550886,27;7373;42713320,35;157732;11131346,06;29575;8321;250;8179;245
3881;2025-02-01;2108009;PASTOS BONS;21;MARANHÃO;NE;NORDESTE;46818128,66;401859;20054640,58;18899;43247061,75;238498;20077238,42;59027;9883;297;9709;299
2725;2025-02-01;2511707;PILÕEZINHOS;25;PARAÍBA;NE;NORDESTE;8594060,34;62717;494243,25;1209;8153874,71;44268;535962,42;3496;2304;49;2260;43
5182;2025-02-01;3135001;JAGUARAÇU;31;MINAS GERAIS;SE;SUDESTE;8157918,35;50793;23714219,84;2480;7726740,58;30576;22263360,09;8072;1760;109;1687;93
188;2025-02-01;4107108;DIAMANTE DO NORTE;41;PARANÁ;SU;SUL;15657719,75;80750;16403677,37;6823;23072997,29;44091;18896521,98;17232;3217;209;3130;200
194;2025-02-01;2907558;CATURAMA;29;BAHIA;NE;NORDESTE;9827498,59;58815;1296841,53;1580;9419439,24;32830;1102628,85;4793;2740;77;2632;70
2714;2025-02-01;4302584;BOZANO;43;RIO GRANDE DO SUL;SU;SUL;4607103,13;15647;2391293,47;909;3793537,3;7496;2397498,18;2359;867;49;771;53
2706;2025-02-01;5219704;SANTA TEREZINHA DE GOIÁS;52;GOIÁS;CO;CENTRO-OESTE;56478143,67;167064;17057025,81;14478;56963120,57;101062;15848144,8;49167;5427;411;5426;412
2705;2025-02-01;3524204;JABORANDI;35;SÃO PAULO;SE;SUDESTE;18395340,3;102599;4386824,31;6884;19055909,83;56740;4642828,71;18197;3840;255;3661;218
198;2025-02-01;3133204;ITANHOMI;31;MINAS GERAIS;SE;SUDESTE;34455225,14;132921;6475580,03;5510;38096101,51;80530;7381416,72;22080;5917;329;5832;324
3030;2025-02-01;5207600;FAZENDA NOVA;52;GOIÁS;CO;CENTRO-OESTE;20977640,93;71565;5613847,98;4104;20576929,7;46164;5200589,54;11893;2873;201;2754;195
484;2025-02-01;3123528;DURANDÉ;31;MINAS GERAIS;SE;SUDESTE;15225228,5;95409;3369973,31;3707;12555008,16;48344;2484346,92;12717;3941;182;3596;180
2511;2025-02-01;3534807;OURO VERDE;35;SÃO PAULO;SE;SUDESTE;20784499,44;141735;4725638,02;6629;21488575,01;74657;6368638,59;16997;4404;275;4329;251
4194;2025-02-01;1503457;IPIXUNA DO PARÁ;15;PARÁ;NO;NORTE;59995128,46;486452;33541120,73;20929;56370110,1;295992;30202387,91;90735;13702;467;13561;462
488;2025-02-01;3515806;FLORA RICA;35;SÃO PAULO;SE;SUDESTE;4946901,84;29572;533832,04;485;4151841,84;13709;637879,09;2088;891;29;869;28
3317;2025-02-01;2400604;ALMINO AFONSO;24;RIO GRANDE DO NORTE;NE;NORDESTE;13886689,63;94252;2468511,44;2183;12410483,49;61776;2373580,62;7316;2834;93;2685;83
1427;2025-02-01;2918506;JUSSARA;29;BAHIA;NE;NORDESTE;31325593,43;243394;4723034,27;6517;30842640,78;153355;4833955,21;19324;7827;196;7646;186
5573;2025-02-01;2100832;APICUM-AÇU;21;MARANHÃO;NE;NORDESTE;42951907,68;347222;4894437,44;7336;40056516,19;233306;5342863,21;25352;8540;133;8263;133
4150;2025-02-01;2915908;ITANAGRA;29;BAHIA;NE;NORDESTE;18158430,65;158606;3368610,05;3362;17274303,94;95150;2733864,61;11449;3917;147;3878;133
856;2025-02-01;5106703;PONTE BRANCA;51;MATO GROSSO;CO;CENTRO-OESTE;5791281,62;30279;1654060,72;1427;5757115,78;16554;1261604,56;5159;997;69;968;69
1578;2025-02-01;4317251;SANTA TEREZA;43;RIO GRANDE DO SUL;SU;SUL;2370695,66;9465;544644,73;502;1973257,09;4426;619119,73;1704;620;58;536;51
4128;2025-02-01;3501806;AMÉRICO DE CAMPOS;35;SÃO PAULO;SE;SUDESTE;81033169,64;88168;5424677,62;5841;60668365,06;49610;5804031,99;14912;3441;237;3283;224
4122;2025-02-01;5214838;NOVA CRIXÁS;52;GOIÁS;CO;CENTRO-OESTE;57265425,7;215122;25402633,29;21010;55393004,05;130403;24967739,38;69310;6684;619;6785;543
4199;2025-02-01;4113007;JUSSARA;41;PARANÁ;SU;SUL;19876951,51;110978;33457395,0;7401;20103727,45;56908;26449147,87;16912;4141;279;3930;248
4121;2025-02-01;3114907;CASA GRANDE;31;MINAS GERAIS;SE;SUDESTE;5796056,77;17209;1708053,69;974;4647012,81;9818;1288961,14;2270;1049;61;945;57
2194;2025-02-01;1702703;AURORA DO TOCANTINS;17;TOCANTINS;NO;NORTE;7345415,67;46726;1368675,32;3001;8027325,29;27238;1173704,28;8559;1611;92;1556;83
2182;2025-02-01;4315602;RIO GRANDE;43;RIO GRANDE DO SUL;SU;SUL;660675191,03;4268785;446900664,59;307551;632414794,16;2506112;555761746,17;820075;134683;8844;130431;8362
926;2025-02-01;1506112;QUATIPURU;15;PARÁ;NO;NORTE;21728792,72;211241;3587894,38;3754;20350307,73;126759;2932048,08;12793;6133;131;6000;124
942;2025-02-01;2506103;FAGUNDES;25;PARAÍBA;NE;NORDESTE;19823446,67;160939;2371001,21;2976;19517182,44;113440;2512260,59;14107;5798;130;5761;121
952;2025-02-01;3520608;INDIANA;35;SÃO PAULO;SE;SUDESTE;15745224,16;79734;8887851,42;5797;16202935,58;45986;5768461,44;13114;2974;228;2891;214
2147;2025-02-01;2200277;ALEGRETE DO PIAUÍ;22;PIAUÍ;NE;NORDESTE;15299701,55;95845;1111581,33;2006;14025696,31;59915;1113346,27;7200;2645;73;2597;69
4806;2025-02-01;2203420;DOMINGOS MOURÃO;22;PIAUÍ;NE;NORDESTE;7411179,35;59782;408787,18;1098;6548232,71;35945;470692,01;4028;2062;38;1995;40
966;2025-02-01;1501253;BANNACH;15;PARÁ;NO;NORTE;15330348,71;58381;2015707,65;2663;15170687,58;32773;3656930,22;10586;2054;61;1962;64
4809;2025-02-01;3548302;SANTO EXPEDITO;35;SÃO PAULO;SE;SUDESTE;7540662,68;47272;2633156,29;1793;7163039,51;23718;2423199,78;7702;1668;93;1605;85
2198;2025-02-01;2102200;BURITI;21;MARANHÃO;NE;NORDESTE;48863201,56;436598;6023463,01;6432;42072248,64;272271;6058868,71;37248;13727;168;13228;167
5568;2025-02-01;1508159;URUARÁ;15;PARÁ;NO;NORTE;154761941,07;790931;77814539,37;43384;154634894,9;443224;68048334,17;191516;24021;856;23232;843
2327;2025-02-01;3136306;JOÃO PINHEIRO;31;MINAS GERAIS;SE;SUDESTE;177419609,78;913137;198671742,69;75753;180041754,57;526462;176379987,92;206043;29841;2441;29822;2304
2386;2025-02-01;4304408;CANELA;43;RIO GRANDE DO SUL;SU;SUL;192145978,72;1017777;171367307,15;106095;203561454,71;545042;139649988,47;236887;32725;4228;32097;4053
5271;2025-02-01;2602803;BUÍQUE;26;PERNAMBUCO;NE;NORDESTE;81053138,32;548849;11488348,97;12710;78993645,64;358113;14369003,82;57242;20607;460;20445;436
565;2025-02-01;2504207;CATINGUEIRA;25;PARAÍBA;NE;NORDESTE;9590460,24;69039;1677945,46;2001;9670078,1;45554;1331174,77;4346;2391;55;2367;53
581;2025-02-01;3169406;TRÊS PONTAS;31;MINAS GERAIS;SE;SUDESTE;247259568,02;880446;225301295,64;72269;232371301,75;535865;233532587,64;202049;32581;2678;32381;2543
4212;2025-02-01;3536257;PARISI;35;SÃO PAULO;SE;SUDESTE;7534042,77;35432;8526225,95;2515;8419267,95;20153;7982984,41;6095;1389;96;1371;88
509;2025-02-01;3165800;SENADOR JOSÉ BENTO;31;MINAS GERAIS;SE;SUDESTE;3067721,58;12336;526912,95;830;3269627,57;7355;638958,02;1151;742;41;700;39
4238;2025-02-01;2615904;TUPARETAMA;26;PERNAMBUCO;NE;NORDESTE;26557174,12;147535;6240020,86;4199;24489635,87;93347;4972039,24;17847;4854;157;4719;144
3230;2025-02-01;2304269;DEPUTADO IRAPUAN PINHEIRO;23;CEARÁ;NE;NORDESTE;17766533,22;107829;5569505,61;6193;16064868,73;70666;5814843,19;18513;3940;102;3859;98
4757;2025-02-01;3148509;PAVÃO;31;MINAS GERAIS;SE;SUDESTE;15939512,57;106265;7444279,21;3112;15468445,72;63314;6556539,22;10134;3699;149;3680;141
3233;2025-02-01;4110052;IGUATU;41;PARANÁ;SU;SUL;5733070,41;31040;2837679,88;1363;5096047,19;15049;2287775,74;4172;1199;66;1115;63
2351;2025-02-01;1705508;COLINAS DO TOCANTINS;17;TOCANTINS;NO;NORTE;243525103,6;861588;127695875,69;76721;217162717,97;509531;135624578,46;231600;23108;1635;23141;1593
631;2025-02-01;2205540;LAGOINHA DO PIAUÍ;22;PIAUÍ;NE;NORDESTE;5826882,97;50184;3515527,55;634;5394499,04;29613;1393199,85;3289;1370;26;1366;20
5604;2025-02-01;2505238;CUITÉ DE MAMANGUAPE;25;PARAÍBA;NE;NORDESTE;12063947,27;87461;918368,41;1951;11238855,92;56250;784129,79;6670;3190;112;3105;91
647;2025-02-01;3110707;CAMBUQUIRA;31;MINAS GERAIS;SE;SUDESTE;32720207,76;202188;10577960,66;11547;34202981,55;117879;8901742,02;38427;6962;528;6934;526
679;2025-02-01;2411205;SANTA CRUZ;24;RIO GRANDE DO NORTE;NE;NORDESTE;120434300,16;823432;36841069,49;46852;113013188,31;554852;34046969,54;161125;23116;1105;22681;1028
2931;2025-02-01;2605509;FERREIROS;26;PERNAMBUCO;NE;NORDESTE;25500475,46;182225;2923446,34;3405;22846077,29;123008;3329058,84;15771;6036;156;5842;138
4302;2025-02-01;2926301;RIACHÃO DO JACUÍPE;29;BAHIA;NE;NORDESTE;104342588,05;611027;58248892,45;33799;103942722,64;398326;52480501,59;110820;18393;1073;18444;1012
5820;2025-02-01;2208502;PORTO;22;PIAUÍ;NE;NORDESTE;21857423,11;209889;4777188,27;5945;20064268,77;122307;3777275,85;25616;5943;140;5870;149
4260;2025-02-01;4120309;PORTO VITÓRIA;41;PARANÁ;SU;SUL;6914547,94;48859;3076843,45;3040;7775650,92;24057;2662154,33;6026;1893;137;1844;124
3897;2025-03-01;2511707;PILÕEZINHOS;25;PARAÍBA;NE;NORDESTE;10315660,0;74362;565195,07;1340;9774001,76;53515;552561,88;3877;2327;48;2305;39
1560;2025-03-01;4114401;MANGUEIRINHA;41;PARANÁ;SU;SUL;66833708,09;289247;69674407,32;24412;68672469,34;142124;65701425,54;64212;10162;777;9882;766
3830;2025-03-01;2702603;FEIRA GRANDE;27;ALAGOAS;NE;NORDESTE;51214479,44;309227;15452431,93;5625;47071853,6;206900;8734023,82;19269;10723;184;10330;176
1409;2025-03-01;3136306;JOÃO PINHEIRO;31;MINAS GERAIS;SE;SUDESTE;195177573,03;1022613;211603101,43;80688;200184748,96;582169;228191329,1;226064;30197;2503;30292;2342
4872;2025-03-01;2931053;TANQUE NOVO;29;BAHIA;NE;NORDESTE;38375947,05;185368;9967289,7;12393;38407828,78;109365;11594070,94;35002;7342;423;6930;383
4875;2025-03-01;2302404;BOA VIAGEM;23;CEARÁ;NE;NORDESTE;128961580,27;897095;28126146,71;24523;119200969,54;590263;29964461,57;111380;26092;734;25485;698
1401;2025-03-01;2504207;CATINGUEIRA;25;PARAÍBA;NE;NORDESTE;11770678,61;80879;2038188,04;2127;11229385,0;53054;1435731,5;4981;2433;53;2419;50
1469;2025-03-01;2513943;SÃO DOMINGOS DO CARIRI;25;PARAÍBA;NE;NORDESTE;6931911,54;40626;447740,14;882;6712681,55;29932;512608,57;4235;1348;37;1309;37
5581;2025-03-01;4100301;AGUDOS DO SUL;41;PARANÁ;SU;SUL;29405310,13;157463;31828800,56;17711;32552373,89;84637;25187464,63;39291;4996;449;4926;441
3922;2025-03-01;3148509;PAVÃO;31;MINAS GERAIS;SE;SUDESTE;17119851,16;119899;7461182,15;3552;17038652,94;71037;6969432,25;10579;3746;159;3733;149
3939;2025-03-01;2106904;MONÇÃO;21;MARANHÃO;NE;NORDESTE;52098974,91;542984;4722883,32;10272;45460519,66;326083;4942283,06;43776;13688;149;13138;143
3891;2025-03-01;5002001;BATAYPORÃ;50;MATO GROSSO DO SUL;CO;CENTRO-OESTE;39203216,54;223409;29510579,92;16510;39457608,66;113289;37883287,91;45288;6767;441;6583;423
3855;2025-03-01;3503307;ARARAS;35;SÃO PAULO;SE;SUDESTE;535727408,0;2617410;456947885,99;246211;545716013,02;1528677;419923193,3;775207;86755;7959;84360;7524
5589;2025-03-01;3165206;SÃO TOMÉ DAS LETRAS;31;MINAS GERAIS;SE;SUDESTE;16910315,64;96146;13994904,5;17536;19553685,69;70016;11895075,56;59328;3465;647;3537;622
2937;2025-03-01;2913705;INHAMBUPE;29;BAHIA;NE;NORDESTE;97538206,17;732594;46014377,36;30319;94868975,17;435805;39834790,83;105766;19518;800;19595;771
4848;2025-03-01;1705508;COLINAS DO TOCANTINS;17;TOCANTINS;NO;NORTE;256137448,92;997130;154937118,53;84453;238098604,7;586799;149359027,24;263392;23470;1672;23551;1597
434;2025-03-01;3520608;INDIANA;35;SÃO PAULO;SE;SUDESTE;16864613,24;90669;9081046,36;6059;17294851,55;52821;6881508,56;14138;3019;231;2927;210
426;2025-03-01;3104700;ATALÉIA;31;MINAS GERAIS;SE;SUDESTE;32899504,12;197617;14385164,29;5337;31892232,81;109104;13491435,87;21149;6239;239;6090;230
4335;2025-03-01;5219704;SANTA TEREZINHA DE GOIÁS;52;GOIÁS;CO;CENTRO-OESTE;55889959,58;187627;17172355,63;15966;54968521,89;114320;17694876,61;56922;5490;413;5506;408
379;2025-03-01;3156809;SABINÓPOLIS;31;MINAS GERAIS;SE;SUDESTE;38853276,75;195830;9933920,08;10582;40223915,98;109862;9849120,33;35848;7533;371;7531;371
337;2025-03-01;2506103;FAGUNDES;25;PARAÍBA;NE;NORDESTE;22341776,25;186360;2415870,52;3024;21384915,24;127906;2687401,79;15509;5919;138;5866;129
5903;2025-03-01;2202075;CAJAZEIRAS DO PIAUÍ;22;PIAUÍ;NE;NORDESTE;5934093,21;54858;3951431,43;929;5403594,73;31418;4129868,87;2447;1500;40;1525;37
311;2025-03-01;2907558;CATURAMA;29;BAHIA;NE;NORDESTE;11362166,86;67741;1400888,58;1788;11472909,3;37743;1079348,2;5624;2834;83;2731;69
302;2025-03-01;2205151;JACOBINA DO PIAUÍ;22;PIAUÍ;NE;NORDESTE;12438345,8;83184;3385974,06;5681;11672333,21;50715;3856470,5;16528;2295;98;2271;92
275;2025-03-01;4306353;DEZESSEIS DE NOVEMBRO;43;RIO GRANDE DO SUL;SU;SUL;4339215,1;21612;2913383,29;1063;4003047,86;11065;3093935,43;3151;1131;58;1085;60
273;2025-03-01;3110707;CAMBUQUIRA;31;MINAS GERAIS;SE;SUDESTE;35753006,45;226734;13262449,49;12858;37844431,48;128396;10463658,81;43387;7042;546;6993;536
271;2025-03-01;2918506;JUSSARA;29;BAHIA;NE;NORDESTE;35470241,23;284266;5450743,39;6434;35113853,59;180052;5697020,03;20376;8020;205;7722;196
213;2025-03-01;3534807;OURO VERDE;35;SÃO PAULO;SE;SUDESTE;21932094,0;158571;5557320,19;7603;21927931,29;83124;6171925,1;19533;4463;275;4396;255
173;2025-03-01;3103108;ANTÔNIO PRADO DE MINAS;31;MINAS GERAIS;SE;SUDESTE;3962121,96;24240;306282,59;580;3620958,96;16341;189866,49;1715;860;37;792;29
163;2025-03-01;4306502;DOM FELICIANO;43;RIO GRANDE DO SUL;SU;SUL;24118977,59;123581;7295212,06;6593;20959230,96;59827;6562238,21;23695;5742;304;5308;292
5952;2025-03-01;2612406;SANHARÓ;26;PERNAMBUCO;NE;NORDESTE;45011179,79;305101;9214056,18;11496;43240428,29;191852;7731086,19;47717;9610;300;9412;257
4534;2025-03-01;3122207;DIVINOLÂNDIA DE MINAS;31;MINAS GERAIS;SE;SUDESTE;26537621,59;103989;6259488,58;4416;29751412,2;56429;5494621,07;21551;4108;218;4053;206
4600;2025-03-01;2204550;GUARIBAS;22;PIAUÍ;NE;NORDESTE;12484199,6;78317;1862405,33;1601;11318836,47;46254;1669435,1;3875;2190;58;2135;58
4604;2025-03-01;2207405;PALMEIRA DO PIAUÍ;22;PIAUÍ;NE;NORDESTE;15141142,46;100434;1967394,79;3258;14318087,87;56524;1958676,04;10096;3003;89;2930;83
29;2025-03-01;5204706;CAMPINORTE;52;GOIÁS;CO;CENTRO-OESTE;70258500,04;275700;24679640,27;25046;66754771,57;148866;24266697,61;90628;7500;569;7505;530
5978;2025-03-01;2107407;OLHO D'ÁGUA DAS CUNHÃS;21;MARANHÃO;NE;NORDESTE;53818020,28;418557;9200173,71;11830;49580934,58;259556;9838951,55;42635;10245;181;9869;183
5981;2025-03-01;2410306;SERRA CAIADA;24;RIO GRANDE DO NORTE;NE;NORDESTE;22018217,65;176084;10072304,21;6823;21151834,79;122173;7602596,97;25305;4907;179;4825;147
5982;2025-03-01;2409407;PAU DOS FERROS;24;RIO GRANDE DO NORTE;NE;NORDESTE;124074501,29;724092;59762183,06;36692;115086389,01;499379;75658797,35;232667;19136;1227;18639;1147
17;2025-03-01;4107108;DIAMANTE DO NORTE;41;PARANÁ;SU;SUL;17957433,63;89909;16737876,53;6922;21061792,95;48935;23150535,06;18483;3241;211;3142;198
5987;2025-03-01;2803203;ITAPORANGA D'AJUDA;28;SERGIPE;NE;NORDESTE;86832406,41;824072;28401708,31;25783;82541954,98;506666;115886740,28;89660;19613;590;19766;531
13;2025-03-01;3165800;SENADOR JOSÉ BENTO;31;MINAS GERAIS;SE;SUDESTE;3413125,51;13739;718250,53;973;3959623,35;8577;905853,36;1378;751;42;717;42
5992;2025-03-01;4127304;TERRA RICA;41;PARANÁ;SU;SUL;61250237,61;260817;17044985,01;18302;64498924,67;137332;18336014,82;56336;9082;637;8898;605
5995;2025-03-01;4215604;SANTA ROSA DE LIMA;42;SANTA CATARINA;SU;SUL;4993973,51;15862;4898769,96;1722;5068751,39;7488;4142262,42;17471;982;122;891;120
436;2025-03-01;3133204;ITANHOMI;31;MINAS GERAIS;SE;SUDESTE;35837570,46;146820;6584019,18;5860;40468475,85;88892;7586214,79;24132;6035;331;6023;334
3947;2025-03-01;2304269;DEPUTADO IRAPUAN PINHEIRO;23;CEARÁ;NE;NORDESTE;19422184,99;119254;5842161,54;6947;17971854,5;78434;6145463,81;20472;3986;107;3905;107
600;2025-03-01;4311791;MARATÁ;43;RIO GRANDE DO SUL;SU;SUL;4862357,73;21435;4060193,39;2194;5641725,98;12654;4915301,1;4691;1113;137;980;135
4217;2025-03-01;5207600;FAZENDA NOVA;52;GOIÁS;CO;CENTRO-OESTE;22538329,94;81057;6518638,45;4682;20880788,39;51843;5916841,6;12938;2887;201;2798;192
5613;2025-03-01;4309704;HUMAITÁ;43;RIO GRANDE DO SUL;SU;SUL;11260053,68;43097;7194695,27;2944;10593939,51;22023;7391757,59;9783;2326;230;2051;223
1289;2025-03-01;3518107;GUARANTÃ;35;SÃO PAULO;SE;SUDESTE;19786000,79;152039;6822010,67;7378;19693188,09;78404;7210700,72;25938;4117;232;3945;215
5619;2025-03-01;4103909;CAMPINA DA LAGOA;41;PARANÁ;SU;SUL;60669433,56;279619;30331158,29;19587;57778053,58;136171;30290566,3;64635;8822;610;8556;592
1278;2025-03-01;4311734;MAMPITUBA;43;RIO GRANDE DO SUL;SU;SUL;7288482,88;30586;1836741,06;1668;7340973,19;15638;1155328,96;6143;1326;72;1243;66
1277;2025-03-01;5106703;PONTE BRANCA;51;MATO GROSSO;CO;CENTRO-OESTE;6801400,29;35427;1491887,67;1727;7005155,46;19691;1231267,59;6336;1006;65;993;64
5636;2025-03-01;2703700;JARAMATAIA;27;ALAGOAS;NE;NORDESTE;15346685,6;103531;1436872,24;990;14000283,97;61667;1184765,86;4802;2969;40;2898;36
3974;2025-03-01;1506112;QUATIPURU;15;PARÁ;NO;NORTE;24792458,13;249804;4465135,89;4723;22773803,4;148621;3594282,59;14876;6255;146;6165;136
3981;2025-03-01;3501806;AMÉRICO DE CAMPOS;35;SÃO PAULO;SE;SUDESTE;61218566,47;98672;5855324,68;6542;48291605,61;54706;6898431,98;17883;3484;247;3297;233
3996;2025-03-01;3165701;SENADOR FIRMINO;31;MINAS GERAIS;SE;SUDESTE;17260510,53;81178;8179817,26;6287;17091821,47;51032;8310702,96;21332;3607;310;3491;294
1146;2025-03-01;5106182;NOVA LACERDA;51;MATO GROSSO;CO;CENTRO-OESTE;30046444,62;105642;16192258,76;7965;32021351,17;57722;14382705,69;25787;3483;259;3355;251
4000;2025-03-01;2920601;MARAGOGIPE;29;BAHIA;NE;NORDESTE;103674927,29;876841;9647793,56;14387;99907154,08;613549;8955080,31;50628;21668;443;21632;405
1085;2025-03-01;2411205;SANTA CRUZ;24;RIO GRANDE DO NORTE;NE;NORDESTE;132439499,39;923925;38053986,86;49482;121835251,51;615436;37321857,39;176375;23385;1106;22987;1045
1074;2025-03-01;4215307;SALETE;42;SANTA CATARINA;SU;SUL;21889734,12;90078;82844676,42;13571;21102581,5;43557;72027357,88;27988;4296;602;3995;601
4820;2025-03-01;3104106;ARCEBURGO;31;MINAS GERAIS;SE;SUDESTE;22380909,61;135561;32951235,8;11841;21941642,28;72143;25380487,31;31085;4911;375;4755;377
4054;2025-03-01;3135001;JAGUARAÇU;31;MINAS GERAIS;SE;SUDESTE;9210377,95;57874;36404964,7;2523;8796461,41;35133;32728077,03;8902;1775;101;1729;89
979;2025-03-01;4204194;CHAPADÃO DO LAGEADO;42;SANTA CATARINA;SU;SUL;10956879,48;26425;1777067,58;1996;11889117,14;12201;2223637,21;6566;1315;101;1218;102
5721;2025-03-01;4211504;NOVA TRENTO;42;SANTA CATARINA;SU;SUL;41004465,3;158096;53029086,07;21674;43898311,63;86683;51695752,84;42327;7381;1193;6940;1124
965;2025-03-01;2702405;DELMIRO GOUVEIA;27;ALAGOAS;NE;NORDESTE;167417317,8;1218991;45980366,98;43359;156696491,88;752752;46318668,19;175056;31534;1221;31604;1142
922;2025-03-01;2205540;LAGOINHA DO PIAUÍ;22;PIAUÍ;NE;NORDESTE;6708216,23;58367;2949444,08;740;5992992,54;34274;1571820,24;3937;1377;27;1376;22
883;2025-03-01;3540606;PORTO FELIZ;35;SÃO PAULO;SE;SUDESTE;216861860,68;1165335;279525268,18;110539;229551464,51;643443;197143868,4;325928;35771;3135;35188;2943
5748;2025-03-01;1503457;IPIXUNA DO PARÁ;15;PARÁ;NO;NORTE;67060357,36;562719;32333273,15;22187;63303699,63;341295;26882975,2;99810;13950;477;13746;473
4151;2025-03-01;1200054;ASSIS BRASIL;12;ACRE;NO;NORTE;20559966,31;129189;5167958,51;4767;20299137,39;74825;3473009,85;13325;3862;103;3805;96
770;2025-03-01;1702901;AXIXÁ DO TOCANTINS;17;TOCANTINS;NO;NORTE;38679121,81;274394;5207920,56;7618;38077972,78;171240;6135039,86;33744;6938;185;6949;178
757;2025-03-01;3123528;DURANDÉ;31;MINAS GERAIS;SE;SUDESTE;19215649,21;108816;3343417,16;3925;14096414,06;55405;2309841,82;14522;4034;185;3677;183
740;2025-03-01;3202603;ICONHA;32;ESPÍRITO SANTO;SE;SUDESTE;48204362,16;208599;67629672,14;19499;46087472,64;120724;83084970,65;64894;7383;807;7105;765
4207;2025-03-01;3170909;VARZELÂNDIA;31;MINAS GERAIS;SE;SUDESTE;47271689,84;347931;9386207,43;13989;44055330,29;202412;9020603,41;51246;10707;365;10246;357
719;2025-03-01;3515806;FLORA RICA;35;SÃO PAULO;SE;SUDESTE;5066038,78;33548;714269,87;714;5108663,64;15931;718021,93;2489;905;28;889;32
4220;2025-03-01;2611309;POMBOS;26;PERNAMBUCO;NE;NORDESTE;78508172,27;479288;32513657,1;18966;77729910,25;380964;34457178,65;83400;13883;476;13781;431
4137;2025-03-01;3135308;JAPARAÍBA;31;MINAS GERAIS;SE;SUDESTE;11651635,73;55012;1913573,56;2958;11207053,27;30872;3218459,21;11911;2259;191;2091;175
2211;2025-03-01;3542503;REGINÓPOLIS;35;SÃO PAULO;SE;SUDESTE;20056148,15;135081;6223207,45;7185;21284128,59;81283;4404052,09;15849;3938;237;3816;226
2373;2025-03-01;2414001;TANGARÁ;24;RIO GRANDE DO NORTE;NE;NORDESTE;45219661,25;364771;12605726,9;11765;42291644,3;249013;15742702,4;68868;8714;300;8522;288
3251;2025-03-01;2102200;BURITI;21;MARANHÃO;NE;NORDESTE;48884532,0;489094;4907674,1;6592;43959891,81;303367;5204419,08;40093;14011;173;13501;168
2129;2025-03-01;2926301;RIACHÃO DO JACUÍPE;29;BAHIA;NE;NORDESTE;114450122,78;691935;54603757,07;36587;113924340,02;453135;51846766,29;120436;18617;1102;18713;1032
5478;2025-03-01;1701002;ANANÁS;17;TOCANTINS;NO;NORTE;36502011,71;284487;8117776,57;10692;35722768,71;169195;8481013,09;32063;6616;312;6466;297
1682;2025-03-01;2307254;JIJOCA DE JERICOACOARA;23;CEARÁ;NE;NORDESTE;82769656,35;551856;58278773,53;86164;80431655,55;381075;49263312,05;257900;13130;1542;12820;1418
3397;2025-03-01;2203503;ELESBÃO VELOSO;22;PIAUÍ;NE;NORDESTE;28346665,08;263814;6100303,89;5465;26720824,85;155683;7372590,65;31448;7172;198;7033;182
2619;2025-03-01;4304408;CANELA;43;RIO GRANDE DO SUL;SU;SUL;200508199,86;1135849;165734238,8;118588;214431878,85;604134;143541795,45;270153;32989;4282;32446;4140
3248;2025-03-01;2615904;TUPARETAMA;26;PERNAMBUCO;NE;NORDESTE;28834467,31;163963;7066271,18;4782;25864492,06;102226;5370778,18;20438;4908;155;4781;143
1664;2025-03-01;3515194;ESPÍRITO SANTO DO TURVO;35;SÃO PAULO;SE;SUDESTE;15878308,37;104843;3957455,34;4575;16149756,5;50450;2913236,51;11419;2887;152;2833;126
2896;2025-03-01;2300408;AIUABA;23;CEARÁ;NE;NORDESTE;27668899,54;232685;2378501,71;5171;25774882,75;157562;2363599,25;18122;6971;162;6703;160
2614;2025-03-01;3524204;JABORANDI;35;SÃO PAULO;SE;SUDESTE;20848057,91;119473;6917242,27;7353;23183301,71;65969;6067472,36;20566;3921;267;3738;227
3741;2025-03-01;4123303;SANTA CRUZ DE MONTE CASTELO;41;PARANÁ;SU;SUL;30524405,68;139295;15336960,88;10313;32921507,93;72629;16778956,23;33061;4863;365;4643;331
3353;2025-03-01;3519055;HOLAMBRA;35;SÃO PAULO;SE;SUDESTE;119031020,09;299389;175391543,27;41440;114231287,11;165886;166595363,23;93435;10917;1503;10575;1409
2745;2025-03-01;4219150;VARGEM;42;SANTA CATARINA;SU;SUL;7135096,97;30335;3206328,12;2145;7404020,8;15086;2630079,93;4427;1267;91;1253;81
2913;2025-03-01;4315602;RIO GRANDE;43;RIO GRANDE DO SUL;SU;SUL;696614233,85;4726316;457719526,24;324503;661546417,11;2728862;622222243,43;873378;135721;8996;131540;8392
3222;2025-03-01;2609501;NAZARÉ DA MATA;26;PERNAMBUCO;NE;NORDESTE;84974386,29;657821;15272537,51;21465;77362971,94;446801;35681077,31;80420;18278;532;18182;476
2984;2025-03-01;3550803;SÃO SEBASTIÃO DA GRAMA;35;SÃO PAULO;SE;SUDESTE;30300676,02;160087;34455759,83;10953;31084257,97;82965;30259148,39;29072;5724;503;5603;509
3380;2025-03-01;2200277;ALEGRETE DO PIAUÍ;22;PIAUÍ;NE;NORDESTE;16381535,62;105575;1236687,92;2266;15625277,01;67361;1338380,38;8343;2678;72;2636;75
1688;2025-03-01;2605509;FERREIROS;26;PERNAMBUCO;NE;NORDESTE;27520142,61;210003;2639590,8;3464;24911442,26;142674;3131836,93;18046;6070;157;5906;139
3727;2025-03-01;4113007;JUSSARA;41;PARANÁ;SU;SUL;21734545,0;129298;93673965,71;8059;21765898,07;66008;88523385,86;18911;4207;284;4011;264
2260;2025-03-01;3527256;LOURDES;35;SÃO PAULO;SE;SUDESTE;8132592,3;32128;829201,1;1370;6447045,28;18602;791600,66;4503;1197;61;1159;55
5446;2025-03-01;2804300;MURIBECA;28;SERGIPE;NE;NORDESTE;19726872,63;150061;5828174,78;4332;18572120,65;89483;5668669,84;15119;4301;91;4191;84
3308;2025-03-01;2105658;JUNCO DO MARANHÃO;21;MARANHÃO;NE;NORDESTE;15993373,77;126748;1535872,6;2916;14339893,88;81651;1713375,8;9488;3106;45;2997;40
2671;2025-03-01;2608057;JATOBÁ;26;PERNAMBUCO;NE;NORDESTE;35135342,85;277476;8871281,46;5073;31684620,55;162269;10052041,31;24249;7660;181;7399;176
1728;2025-03-01;4302584;BOZANO;43;RIO GRANDE DO SUL;SU;SUL;4930843,29;17980;2422364,17;1026;4306667,78;8543;1997537,73;2339;878;54;776;58
2214;2025-03-01;3139003;MACHADO;31;MINAS GERAIS;SE;SUDESTE;141184170,55;593174;274603669,18;52744;169677534,43;357518;279852782,58;115763;22732;2041;22645;1893
5095;2025-03-01;2516755;TENÓRIO;25;PARAÍBA;NE;NORDESTE;7079675,65;65930;1588087,51;1908;6389089,78;40187;2006540,54;5667;1601;66;1551;60
3194;2025-03-01;3549102;SÃO JOÃO DA BOA VISTA;35;SÃO PAULO;SE;SUDESTE;404719163,23;1710049;396394063,09;166797;452020975,94;1014198;382497335,94;383832;58487;5987;56989;5653
2205;2025-03-01;4106001;CONGONHINHAS;41;PARANÁ;SU;SUL;20106565,8;121096;8482688,81;8051;19323778,15;65656;7456040,28;20689;4363;229;4275;215
5159;2025-03-01;4110052;IGUATU;41;PARANÁ;SU;SUL;6127426,07;34793;2246860,59;1298;5583261,09;16874;2085091,16;4760;1227;68;1156;68
2827;2025-03-01;2703205;IGREJA NOVA;27;ALAGOAS;NE;NORDESTE;52224690,09;364546;4187724,36;3035;47009879,06;218138;6977142,4;13839;11730;135;11409;126
1704;2025-03-01;3169406;TRÊS PONTAS;31;MINAS GERAIS;SE;SUDESTE;246874045,38;970053;197729084,72;73689;224776694,66;574073;218755201,9;213212;32926;2741;32750;2612
1970;2025-03-01;4200705;ALFREDO WAGNER;42;SANTA CATARINA;SU;SUL;33725084,88;99849;15748054,83;12263;41097117,52;59272;19593644,23;34408;4906;589;4772;562
2298;2025-03-01;1600303;MACAPÁ;16;AMAPÁ;NO;NORTE;2120562029,55;16885682;1147345714,47;936980;2069230472,59;11421076;1053349195,39;2631255;341783;15424;337164;14633
2703;2025-03-01;2910750;FÁTIMA;29;BAHIA;NE;NORDESTE;47093155,54;272749;10512846,34;8178;45168586,9;178869;11337425,48;32923;8459;259;8270;244
3260;2025-03-01;1718402;PRESIDENTE KENNEDY;17;TOCANTINS;NO;NORTE;12946090,63;75883;7215056,29;3405;12366938,04;41622;6896242,0;11008;1943;108;1921;105
4948;2025-03-01;3301157;CARDOSO MOREIRA;33;RIO DE JANEIRO;SE;SUDESTE;35207199,32;236443;53816300,07;9578;33030454,79;140952;20754414,96;35628;7329;444;7212;421
5053;2025-03-01;1706001;COUTO MAGALHÃES;17;TOCANTINS;NO;NORTE;18259945,87;100349;38339679,66;8563;15928270,62;59092;46684926,24;20486;2777;140;2738;121
3342;2025-03-01;2704104;LAGOA DA CANOA;27;ALAGOAS;NE;NORDESTE;50234451,26;291426;6685824,55;5650;46681555,62;189244;6151831,65;22700;9318;175;9053;165
3766;2025-03-01;2506004;ESPERANÇA;25;PARAÍBA;NE;NORDESTE;91055725,05;587037;49916609,95;31029;89325257,52;392023;50397279,0;110966;16945;1153;16892;1032
3815;2025-03-01;1501253;BANNACH;15;PARÁ;NO;NORTE;15288252,4;66459;3666426,39;3160;16788587,24;37078;5064642,67;12196;2071;64;1965;70
3504;2025-03-01;4100400;ALMIRANTE TAMANDARÉ;41;PARANÁ;SU;SUL;404711518,07;2964597;283029219,87;200552;437848527,62;1655972;263731068,82;427197;77406;5560;77536;5289
3810;2025-03-01;2203420;DOMINGOS MOURÃO;22;PIAUÍ;NE;NORDESTE;8030707,88;66417;612587,98;782;7165356,75;41024;539953,13;4236;2088;38;2041;38
3104;2025-03-01;4321857;TRÊS PALMEIRAS;43;RIO GRANDE DO SUL;SU;SUL;12023691,86;51339;7571998,95;3787;12164186,78;26079;7211462,86;11976;2267;190;2096;195
3142;2025-03-01;3144409;NATÉRCIA;31;MINAS GERAIS;SE;SUDESTE;12219899,09;39045;7107189,64;2722;9324575,04;26311;10981863,46;7177;2148;141;1978;145
2037;2025-03-01;1702703;AURORA DO TOCANTINS;17;TOCANTINS;NO;NORTE;9108118,75;54887;1651506,98;3479;8741730,55;31533;1353894,69;9323;1634;89;1578;84
2042;2025-03-01;2108009;PASTOS BONS;21;MARANHÃO;NE;NORDESTE;52061144,61;460746;21965719,44;19325;48112100,25;269357;21071996,57;64756;10007;289;9901;298
2504;2025-03-01;4317251;SANTA TEREZA;43;RIO GRANDE DO SUL;SU;SUL;2330209,4;10224;555288,07;570;1880713,36;4990;845329,96;1891;627;50;535;54
4893;2025-03-01;2202778;COLÔNIA DO PIAUÍ;22;PIAUÍ;NE;NORDESTE;14085686,72;115962;1118945,49;2539;13998878,98;66671;1095372,99;8047;3264;76;3335;73
2595;2025-03-01;2701100;BRANQUINHA;27;ALAGOAS;NE;NORDESTE;22445615,24;201555;1376054,92;1742;21289661,32;120717;1164799,97;8441;5442;73;5414;57
2607;2025-03-01;5214838;NOVA CRIXÁS;52;GOIÁS;CO;CENTRO-OESTE;62617083,43;246087;31387125,23;23791;62716010,46;148493;40965786,06;84162;6828;638;6932;565
2060;2025-03-01;1718303;PRAIA NORTE;17;TOCANTINS;NO;NORTE;21824184,24;180681;3371253,76;3086;21473593,26;112200;2794565,13;8760;4171;85;4169;79
1608;2025-03-01;5201405;APARECIDA DE GOIÂNIA;52;GOIÁS;CO;CENTRO-OESTE;2706260956,18;16033165;5257178518,9;17539721;2885878377,28;10346495;5192307270,82;42591449;380591;32086;384704;29877
5250;2025-03-01;4110409;INDIANÓPOLIS;41;PARANÁ;SU;SUL;15123305,66;82587;3063208,45;3379;14684564,07;41998;4095287,25;11766;2711;153;2585;146
4981;2025-03-01;4315149;PRESIDENTE LUCENA;43;RIO GRANDE DO SUL;SU;SUL;6712354,95;32228;14305296,33;3761;7061015,08;16450;17466528,39;11083;1629;225;1399;220
3515;2025-03-01;3114907;CASA GRANDE;31;MINAS GERAIS;SE;SUDESTE;6886414,77;18915;1825923,84;1092;7949093,03;10683;1160782,85;2403;1075;62;997;57
2918;2025-03-01;1718501;RECURSOLÂNDIA;17;TOCANTINS;NO;NORTE;14612211,49;81022;1788435,37;1653;13542133,05;44556;2406815,31;5678;1938;51;1906;43
1631;2025-03-01;2400604;ALMINO AFONSO;24;RIO GRANDE DO NORTE;NE;NORDESTE;14139362,19;104455;2412171,06;2179;12443300,02;69159;2100936,38;8552;2857;88;2710;82
2093;2025-03-01;5212501;LUZIÂNIA;52;GOIÁS;CO;CENTRO-OESTE;885017712,2;5869723;513289812,02;328385;891469254,48;3598782;458010878,29;1024398;135540;8378;137055;7847
1619;2025-03-01;2111078;SÃO JOÃO DO SOTER;21;MARANHÃO;NE;NORDESTE;31918617,73;307207;2933028,64;7253;28560965,4;184352;3048458,16;23810;7572;131;7279;128
2749;2025-03-01;2915908;ITANAGRA;29;BAHIA;NE;NORDESTE;18806919,91;180943;3562427,91;3648;18298003,38;109083;2886604,43;12585;4090;151;4048;140
2992;2025-03-01;3553906;TARABAI;35;SÃO PAULO;SE;SUDESTE;21593020,77;135709;16996641,08;12229;22756607,36;72501;15971335,84;18889;4173;273;4149;251
4811;2025-04-01;2202778;COLÔNIA DO PIAUÍ;22;PIAUÍ;NE;NORDESTE;14122624,74;120001;1242842,37;2596;14153771,87;67524;1151489,59;8173;3317;76;3420;74
5714;2025-04-01;2801306;CAPELA;28;SERGIPE;NE;NORDESTE;78789903,8;645744;27649715,27;15321;73475134,49;398415;28940206,9;80813;17544;450;17496;430
993;2025-04-01;3156809;SABINÓPOLIS;31;MINAS GERAIS;SE;SUDESTE;39504563,47;197833;10196950,56;10533;43205471,9;111975;10631844,33;36258;7519;383;7567;382
5102;2025-04-01;2602803;BUÍQUE;26;PERNAMBUCO;NE;NORDESTE;92671061,33;650299;13203090,81;13879;89815939,03;417603;16274664,74;65591;21453;472;21197;454
1045;2025-04-01;3110707;CAMBUQUIRA;31;MINAS GERAIS;SE;SUDESTE;35861752,88;223813;9984704,57;12800;36493139,83;126271;11083989,12;40956;7082;542;7038;552
850;2025-04-01;2411205;SANTA CRUZ;24;RIO GRANDE DO NORTE;NE;NORDESTE;132159053,51;934444;40372187,32;51922;122162466,29;626502;36106925,69;184202;23604;1133;23096;1053
2001;2025-04-01;3519055;HOLAMBRA;35;SÃO PAULO;SE;SUDESTE;122345471,13;299298;170686916,56;41455;120202700,6;164870;167174756,76;91006;10926;1527;10596;1440
3359;2025-04-01;3165701;SENADOR FIRMINO;31;MINAS GERAIS;SE;SUDESTE;18067206,25;84259;8336801,56;6842;18877076,25;51077;8626523,15;20923;3674;305;3534;293
2080;2025-04-01;2702405;DELMIRO GOUVEIA;27;ALAGOAS;NE;NORDESTE;168230595,0;1208370;44155424,82;44060;159636251,94;752479;44079935,55;177900;31914;1242;31821;1125
3451;2025-04-01;2203503;ELESBÃO VELOSO;22;PIAUÍ;NE;NORDESTE;29568341,03;271015;6567996,86;5940;28025215,73;157740;7608074,35;33348;7278;203;7098;181
2010;2025-04-01;4219150;VARGEM;42;SANTA CATARINA;SU;SUL;6846280,13;30361;4246967,8;2255;7436797,83;14987;2353159,3;4229;1291;91;1249;84
233;2025-04-01;2907558;CATURAMA;29;BAHIA;NE;NORDESTE;12008715,71;70876;1212430,74;1631;12119216,73;39090;1076085,91;5920;2899;84;2752;71
2741;2025-04-01;3534807;OURO VERDE;35;SÃO PAULO;SE;SUDESTE;22228853,28;157105;5719299,97;7242;23157762,91;81078;7237273,58;18790;4478;283;4435;263
2013;2025-04-01;5207600;FAZENDA NOVA;52;GOIÁS;CO;CENTRO-OESTE;25489285,02;80378;7407420,94;4958;25124739,43;51967;7399086,01;13689;2890;202;2799;196
5743;2025-04-01;2604809;CORTÊS;26;PERNAMBUCO;NE;NORDESTE;30957105,13;249832;1894989,91;2938;29777833,96;158781;38967278,69;13603;7443;108;7449;106
3468;2025-04-01;2915908;ITANAGRA;29;BAHIA;NE;NORDESTE;19367099,71;181983;3919804,53;3547;18871120,5;115691;3835921,16;12984;4142;147;4064;145
2072;2025-04-01;4304408;CANELA;43;RIO GRANDE DO SUL;SU;SUL;204327989,57;1128417;178523081,07;123701;219493716,67;607138;149631026,52;284812;33213;4349;32680;4200
2151;2025-04-01;1702703;AURORA DO TOCANTINS;17;TOCANTINS;NO;NORTE;10072904,91;54954;1731773,47;3792;9721417,65;32750;1492206,89;9825;1667;91;1609;80
1084;2025-04-01;4215307;SALETE;42;SANTA CATARINA;SU;SUL;21584109,92;90083;95210689,7;13069;21808376,41;44073;82107018,46;28555;4331;594;4026;589
5346;2025-04-01;4127304;TERRA RICA;41;PARANÁ;SU;SUL;66063981,43;263891;16123980,9;17436;69429542,16;138751;17842380,88;53784;9160;639;8964;607
5376;2025-04-01;2302404;BOA VIAGEM;23;CEARÁ;NE;NORDESTE;130286755,64;901327;30272467,53;26910;120136424,24;594433;31763122,86;114535;26403;743;25673;711
3024;2025-04-01;2506004;ESPERANÇA;25;PARAÍBA;NE;NORDESTE;96750393,09;589301;51442949,73;32461;96491298,41;391012;51323815,76;117043;17159;1158;17016;1035
2158;2025-04-01;4106001;CONGONHINHAS;41;PARANÁ;SU;SUL;20910312,2;117647;8092065,26;7902;20128356,47;62373;8109327,3;20038;4425;226;4303;208
5732;2025-04-01;2703700;JARAMATAIA;27;ALAGOAS;NE;NORDESTE;16566834,76;103871;1468112,05;939;14977596,6;63302;1118953,03;4755;3048;42;2947;39
156;2025-04-01;1702901;AXIXÁ DO TOCANTINS;17;TOCANTINS;NO;NORTE;39651457,27;272152;6094698,03;8260;38478240,83;169762;6037761,71;36207;6957;186;6963;176
2020;2025-04-01;3549102;SÃO JOÃO DA BOA VISTA;35;SÃO PAULO;SE;SUDESTE;424815886,3;1714576;420275673,14;169051;457995061,68;1012277;417802645,69;386338;58842;6049;57252;5705
1456;2025-04-01;3139003;MACHADO;31;MINAS GERAIS;SE;SUDESTE;150708703,92;596365;332919772,96;54780;171999349,19;360012;275463490,04;120410;22887;2039;22749;1892
4210;2025-04-01;2414001;TANGARÁ;24;RIO GRANDE DO NORTE;NE;NORDESTE;45677390,1;362483;12909975,62;11865;43372949,34;245374;13676330,72;64731;8767;293;8558;288
787;2025-04-01;4200705;ALFREDO WAGNER;42;SANTA CATARINA;SU;SUL;35983170,1;99434;16996027,49;12886;41517638,83;56903;20642692,35;32896;4979;585;4750;570
3165;2025-04-01;3524204;JABORANDI;35;SÃO PAULO;SE;SUDESTE;25606765,55;121459;11232238,25;6551;27376618,38;66597;7669231,47;18912;3930;272;3736;234
2466;2025-04-01;3550803;SÃO SEBASTIÃO DA GRAMA;35;SÃO PAULO;SE;SUDESTE;31107521,91;160188;36472007,49;11546;31325924,4;82689;37962292,44;27289;5751;505;5607;510
2473;2025-04-01;4114401;MANGUEIRINHA;41;PARANÁ;SU;SUL;78033762,58;294963;101178488,76;24237;73545426,97;143078;90108918,67;61868;10209;799;9937;780
2476;2025-04-01;2511707;PILÕEZINHOS;25;PARAÍBA;NE;NORDESTE;10772175,18;75685;480579,01;1398;9856496,56;53007;514197,15;4033;2385;52;2346;40
2478;2025-04-01;5212501;LUZIÂNIA;52;GOIÁS;CO;CENTRO-OESTE;896880263,94;5884209;556018651,73;331490;916342379,55;3571584;491112433,71;1027442;136341;8482;137509;7902
5255;2025-04-01;5214838;NOVA CRIXÁS;52;GOIÁS;CO;CENTRO-OESTE;65730107,34;246696;34763348,88;24202;67740476,49;148161;38319935,88;84251;6881;644;6982;579
4303;2025-04-01;3517604;GUAPIARA;35;SÃO PAULO;SE;SUDESTE;51015366,49;325096;28094361,66;16885;55919237,09;172666;24482208,82;44926;9877;453;9586;430
473;2025-04-01;3123528;DURANDÉ;31;MINAS GERAIS;SE;SUDESTE;18248309,81;108729;3334503,44;4152;14607082,11;54625;3083700,92;15365;4053;200;3670;194
5219;2025-04-01;3548302;SANTO EXPEDITO;35;SÃO PAULO;SE;SUDESTE;8685544,12;54551;3384159,86;2421;8536099,94;27472;2427748,11;10123;1680;95;1651;80
5899;2025-04-01;3301157;CARDOSO MOREIRA;33;RIO DE JANEIRO;SE;SUDESTE;35414585,01;232777;49854188,72;9469;33586564,74;137251;19961902,01;37199;7432;447;7268;428
5264;2025-04-01;2702603;FEIRA GRANDE;27;ALAGOAS;NE;NORDESTE;52000793,28;311294;14729057,66;5935;47047536,15;206822;16138683,0;20385;10844;196;10461;180
4323;2025-04-01;2609501;NAZARÉ DA MATA;26;PERNAMBUCO;NE;NORDESTE;87160382,52;675180;15801418,78;23457;87084534,66;453233;39199358,09;84573;18434;541;18272;484
3147;2025-04-01;5002001;BATAYPORÃ;50;MATO GROSSO DO SUL;CO;CENTRO-OESTE;40136966,38;227969;24669565,01;14898;40695413,25;115535;53873821,86;42893;6779;441;6589;425
2518;2025-04-01;1718402;PRESIDENTE KENNEDY;17;TOCANTINS;NO;NORTE;13775767,48;77366;10044925,22;3774;13698414,29;42868;5749685,76;11799;1960;99;1937;95
424;2025-04-01;3520608;INDIANA;35;SÃO PAULO;SE;SUDESTE;17361155,29;89246;10310412,3;6031;17572342,89;52238;8672438,67;13959;3032;233;2964;217
419;2025-04-01;3103108;ANTÔNIO PRADO DE MINAS;31;MINAS GERAIS;SE;SUDESTE;3789214,82;22955;295738,6;533;3590217,97;15610;187698,22;1328;866;43;800;34
3094;2025-04-01;2913705;INHAMBUPE;29;BAHIA;NE;NORDESTE;101772920,5;741308;46649299,58;31084;98372032,83;439960;41517567,97;108710;19807;796;19857;773
5243;2025-04-01;2103901;DUQUE BACELAR;21;MARANHÃO;NE;NORDESTE;22064899,47;228722;3415099,48;4074;19788916,24;138376;2445471,92;14267;5546;89;5389;80
416;2025-04-01;4306502;DOM FELICIANO;43;RIO GRANDE DO SUL;SU;SUL;24482736,18;121595;8704635,77;6728;22412002,1;59441;8097723,94;24212;5816;303;5376;297
357;2025-04-01;3202603;ICONHA;32;ESPÍRITO SANTO;SE;SUDESTE;49103064,58;212665;90151348,67;19844;48587436,35;121494;103648249,4;64386;7419;814;7088;773
3112;2025-04-01;2304269;DEPUTADO IRAPUAN PINHEIRO;23;CEARÁ;NE;NORDESTE;20353743,69;122565;7021536,0;7659;19039789,29;81017;7159930,83;21619;4072;109;3979;115
5233;2025-04-01;2612406;SANHARÓ;26;PERNAMBUCO;NE;NORDESTE;46254025,26;314799;9894713,51;12015;43837326,08;196486;8111806,5;48353;9752;306;9544;271
447;2025-04-01;1718303;PRAIA NORTE;17;TOCANTINS;NO;NORTE;21060505,4;177505;3864995,6;3342;20616914,88;110044;3578955,12;8459;4176;91;4175;82
2448;2025-04-01;2204550;GUARIBAS;22;PIAUÍ;NE;NORDESTE;13113511,65;81868;2009192,49;1550;12033668,05;49532;1844216,21;3658;2266;60;2172;58
3226;2025-04-01;3542503;REGINÓPOLIS;35;SÃO PAULO;SE;SUDESTE;21206795,04;137849;6168216,96;7239;21876216,55;80581;4934042,88;15804;3938;255;3790;231
2364;2025-04-01;2105658;JUNCO DO MARANHÃO;21;MARANHÃO;NE;NORDESTE;16404704,56;128755;1435107,3;3316;14983610,25;83349;1426463,13;9830;3151;41;3032;45
750;2025-04-01;3515806;FLORA RICA;35;SÃO PAULO;SE;SUDESTE;5025658,48;31851;670858,27;700;4375724,38;15241;638903,0;2142;910;32;870;30
4780;2025-04-01;2615904;TUPARETAMA;26;PERNAMBUCO;NE;NORDESTE;29988495,2;167233;7490188,06;4476;28178979,87;103806;5449066,96;20143;4969;154;4827;153
4779;2025-04-01;2203420;DOMINGOS MOURÃO;22;PIAUÍ;NE;NORDESTE;7809449,33;68143;532036,2;845;7042694,63;41185;566132,5;4429;2139;38;2061;39
4185;2025-04-01;3553906;TARABAI;35;SÃO PAULO;SE;SUDESTE;22437059,81;135732;18049521,13;12525;23502932,7;70934;15689608,56;18720;4181;282;4109;253
4192;2025-04-01;3165206;SÃO TOMÉ DAS LETRAS;31;MINAS GERAIS;SE;SUDESTE;18742030,39;97581;13318217,24;17607;20081123,11;69733;11558328,57;56804;3485;649;3573;634
4414;2025-04-01;2513943;SÃO DOMINGOS DO CARIRI;25;PARAÍBA;NE;NORDESTE;7376159,23;39920;647766,76;969;6696644,08;29139;801749,66;4161;1398;38;1325;35
5209;2025-04-01;2106904;MONÇÃO;21;MARANHÃO;NE;NORDESTE;53940973,44;556742;5393829,25;9135;47346440,32;332372;4995635,44;42761;13908;151;13246;143
5783;2025-04-01;1701002;ANANÁS;17;TOCANTINS;NO;NORTE;38841302,28;284442;8706152,13;10823;36099125,35;167642;8953034,11;31711;6708;320;6546;290
2281;2025-04-01;4315602;RIO GRANDE;43;RIO GRANDE DO SUL;SU;SUL;709781754,3;4699569;495293540,61;320960;679091917,31;2671014;590686070,82;838475;136326;9050;131918;8443
4409;2025-04-01;3536257;PARISI;35;SÃO PAULO;SE;SUDESTE;9159050,16;42420;7957812,98;2613;9591493,73;23336;4648914,3;7881;1421;98;1399;92
5023;2025-04-01;2920601;MARAGOGIPE;29;BAHIA;NE;NORDESTE;105099927,37;880559;13431375,25;14001;99425736,91;606103;10627992,01;49570;21808;465;21705;417
2623;2025-04-01;2926301;RIACHÃO DO JACUÍPE;29;BAHIA;NE;NORDESTE;115487329,82;694768;57775699,73;36696;115396401,69;455143;52545375,37;123949;18713;1111;18730;1025
290;2025-04-01;3165800;SENADOR JOSÉ BENTO;31;MINAS GERAIS;SE;SUDESTE;3578992,03;14097;652705,55;1112;4159821,91;8233;932804,04;1416;762;46;714;45
5300;2025-04-01;1503457;IPIXUNA DO PARÁ;15;PARÁ;NO;NORTE;69418334,06;583305;29193636,13;23007;65798296,62;352623;27679708,29;103022;14148;470;13850;466
682;2025-04-01;5204706;CAMPINORTE;52;GOIÁS;CO;CENTRO-OESTE;74576832,13;275705;31479510,27;23442;76021197,33;149134;28331564,24;89100;7536;565;7548;539
655;2025-04-01;3518107;GUARANTÃ;35;SÃO PAULO;SE;SUDESTE;21323591,7;153839;6957485,92;7401;19956226,64;77867;8139428,35;25723;4135;241;3931;222
649;2025-04-01;3104700;ATALÉIA;31;MINAS GERAIS;SE;SUDESTE;33826726,6;201759;19108206,99;5311;33532169,31;110487;19169272,73;20846;6293;246;6130;229
3256;2025-04-01;2300408;AIUABA;23;CEARÁ;NE;NORDESTE;30337480,19;240486;2532276,37;5336;27894397,64;162942;2501847,77;19142;7072;158;6781;149
645;2025-04-01;4204194;CHAPADÃO DO LAGEADO;42;SANTA CATARINA;SU;SUL;12070640,78;27840;2521857,04;2744;13171966,13;12776;2734861,19;7147;1328;103;1231;101
639;2025-04-01;2504207;CATINGUEIRA;25;PARAÍBA;NE;NORDESTE;11618800,65;79132;2100377,09;2078;11269561,98;51179;1546870,92;5010;2446;52;2431;51
4764;2025-04-01;5202353;ARENÓPOLIS;52;GOIÁS;CO;CENTRO-OESTE;21645823,27;42656;3649296,67;2638;20138614,3;23532;3887843,32;8929;1708;99;1616;92
4389;2025-04-01;2112233;TRIZIDELA DO VALE;21;MARANHÃO;NE;NORDESTE;61858303,23;492681;22436999,96;23962;58512590,81;310118;19288534,45;67580;12024;466;11837;426
2363;2025-04-01;2207405;PALMEIRA DO PIAUÍ;22;PIAUÍ;NE;NORDESTE;16154763,3;103435;2269507,03;3282;15108997,78;59304;2449668,95;10228;3009;90;2924;84
2234;2025-04-01;3527256;LOURDES;35;SÃO PAULO;SE;SUDESTE;9536473,37;30410;668024,85;1320;8792211,17;16864;689958,37;3861;1190;62;1158;58
2776;2025-04-01;2605509;FERREIROS;26;PERNAMBUCO;NE;NORDESTE;28607630,22;217883;3332358,36;3568;26104580,17;144483;3528625,38;18236;6202;158;5998;150
3109;2025-04-01;2307254;JIJOCA DE JERICOACOARA;23;CEARÁ;NE;NORDESTE;82499015,52;556538;56271286,76;87393;80839608,25;379383;46379307,76;254472;13297;1531;12924;1395
4964;2025-04-01;3114907;CASA GRANDE;31;MINAS GERAIS;SE;SUDESTE;7791673,56;19409;1636635,17;1010;9816217,59;11301;1036001,39;2333;1073;59;976;56
1804;2025-04-01;2108009;PASTOS BONS;21;MARANHÃO;NE;NORDESTE;52060039,64;458011;23572726,12;20833;48625538,91;267306;22407069,81;66311;10225;295;9969;299
1267;2025-04-01;3515194;ESPÍRITO SANTO DO TURVO;35;SÃO PAULO;SE;SUDESTE;14695391,18;103758;3526549,36;4545;14586870,82;49525;2864517,26;11862;2925;159;2853;130
1445;2025-04-01;3136306;JOÃO PINHEIRO;31;MINAS GERAIS;SE;SUDESTE;200594783,68;1036716;376663160,93;83874;209486466,99;582628;237453386,98;231047;30414;2512;30430;2369
3547;2025-04-01;3148509;PAVÃO;31;MINAS GERAIS;SE;SUDESTE;18135923,21;119615;5459729,03;3470;17320820,24;71014;6085661,34;11369;3780;163;3718;154
1462;2025-04-01;2910750;FÁTIMA;29;BAHIA;NE;NORDESTE;47116765,74;273585;10983971,38;8187;43971812,41;176462;9848690,36;31695;8611;256;8355;255
5495;2025-04-01;1508159;URUARÁ;15;PARÁ;NO;NORTE;167345253,91;901259;77974343,25;45927;166640183,08;508832;74325172,68;210699;24487;875;23759;859
5572;2025-04-01;5103502;DIAMANTINO;51;MATO GROSSO;CO;CENTRO-OESTE;204712828,78;567708;103061419,54;50098;209537831,64;292198;142414546,35;134062;15402;1500;15044;1403
1347;2025-04-01;5106182;NOVA LACERDA;51;MATO GROSSO;CO;CENTRO-OESTE;33604937,22;105067;30870849,36;7755;31549299,96;56771;29295205,67;25299;3509;263;3378;254
5557;2025-04-01;3550704;SÃO SEBASTIÃO;35;SÃO PAULO;SE;SUDESTE;418770628,03;2285303;241773322,55;199481;433938196,19;1301466;212480448,9;562137;62763;5938;62186;5469
1623;2025-04-01;2918506;JUSSARA;29;BAHIA;NE;NORDESTE;35366851,37;289192;5554730,79;6584;33779798,08;181823;5724882,29;20512;8145;194;7820;191
73;2025-04-01;3133204;ITANHOMI;31;MINAS GERAIS;SE;SUDESTE;38287428,83;150267;6703800,76;5612;45543611,47;89370;7452620,69;25060;6121;342;6108;332
3774;2025-04-01;3503307;ARARAS;35;SÃO PAULO;SE;SUDESTE;544735559,61;2584759;486896230,48;250235;554688758,55;1508735;440339225,37;767561;87127;8036;84610;7542
5417;2025-04-01;2202075;CAJAZEIRAS DO PIAUÍ;22;PIAUÍ;NE;NORDESTE;7067485,83;55640;2253134,85;922;6499773,01;31689;2551136,69;2414;1518;40;1547;34
1192;2025-04-01;2205540;LAGOINHA DO PIAUÍ;22;PIAUÍ;NE;NORDESTE;5581124,36;57149;2797507,81;772;5091398,29;34724;1682872,7;3204;1414;29;1403;21
4899;2025-04-01;2803203;ITAPORANGA D'AJUDA;28;SERGIPE;NE;NORDESTE;88880134,53;836804;56319286,55;25664;83057379,44;506821;107376135,77;87186;19793;592;19930;544
4610;2025-04-01;4107504;ENGENHEIRO BELTRÃO;41;PARANÁ;SU;SUL;57218117,77;239487;36999468,09;19085;58132485,4;119406;33321965,88;48969;7845;650;7666;639
1673;2025-04-01;1600303;MACAPÁ;16;AMAPÁ;NO;NORTE;2148472644,78;17128382;1290649255,75;963403;2107562632,18;11483485;1238789973,96;2718341;343788;15582;338503;14791
3592;2025-04-01;1705508;COLINAS DO TOCANTINS;17;TOCANTINS;NO;NORTE;268070661,79;988890;141661550,55;84929;251251394,21;585485;152044920,99;271725;23587;1677;23621;1606
1354;2025-04-01;3169406;TRÊS PONTAS;31;MINAS GERAIS;SE;SUDESTE;259313325,43;1005796;297100930,92;75446;253348952,23;594871;299093397,11;217701;33227;2792;33008;2634
4858;2025-04-01;2410306;SERRA CAIADA;24;RIO GRANDE DO NORTE;NE;NORDESTE;21714909,78;179630;12204958,74;6857;20375170,56;121392;7838143,66;24905;5003;172;4898;143
5979;2025-04-01;4123303;SANTA CRUZ DE MONTE CASTELO;41;PARANÁ;SU;SUL;31583267,39;137395;15676013,59;10616;36131866,09;71822;18191401,11;32578;4871;359;4651;339
5404;2025-04-01;4110052;IGUATU;41;PARANÁ;SU;SUL;5699459,0;34273;2035941,28;1176;5067713,99;16898;1765386,58;4100;1254;64;1188;63
3951;2025-04-01;2703205;IGREJA NOVA;27;ALAGOAS;NE;NORDESTE;52961867,08;366410;3745196,85;3045;47174456,58;219091;4558497,01;14757;11977;141;11589;131
26;2025-04-01;4306353;DEZESSEIS DE NOVEMBRO;43;RIO GRANDE DO SUL;SU;SUL;4071902,29;22085;2925952,98;1250;4102162,64;11316;2438642,17;3521;1137;61;1067;58
3962;2025-04-01;3501806;AMÉRICO DE CAMPOS;35;SÃO PAULO;SE;SUDESTE;75689574,18;97092;6573212,39;6722;37636233,68;52977;8015432,09;17269;3493;247;3316;241
3726;2025-04-01;2608057;JATOBÁ;26;PERNAMBUCO;NE;NORDESTE;35951855,26;284531;8067014,13;4794;33203984,17;168154;8228731,23;24407;7748;188;7469;180
4670;2025-04-01;2211704;WALL FERRAZ;22;PIAUÍ;NE;NORDESTE;8514247,41;62771;1321927,1;2203;7581547,03;38389;993854,02;8160;2013;48;1944;38
2950;2025-04-01;4317251;SANTA TEREZA;43;RIO GRANDE DO SUL;SU;SUL;2716203,6;10810;607134,92;602;3724305,59;5478;1046294,97;1616;634;58;553;57
3919;2025-04-01;2102200;BURITI;21;MARANHÃO;NE;NORDESTE;53162744,01;513186;5418794,44;7110;49138597,82;313228;5937002,9;38656;14563;175;13891;173
1384;2025-04-01;2200277;ALEGRETE DO PIAUÍ;22;PIAUÍ;NE;NORDESTE;17763174,89;108797;1445588,71;2578;16116167,86;68605;1520428,63;9492;2721;69;2697;72
5118;2025-04-01;2804300;MURIBECA;28;SERGIPE;NE;NORDESTE;19158798,3;148349;6757224,2;4217;17423770,28;88963;5542207,3;14829;4363;91;4244;91
2963;2025-04-01;1501253;BANNACH;15;PARÁ;NO;NORTE;15098183,1;69580;2664135,56;3273;14895551,36;39011;4271715,36;12733;2070;67;1985;70
3964;2025-04-01;2701100;BRANQUINHA;27;ALAGOAS;NE;NORDESTE;22556590,5;208894;1188320,18;1861;21626113,72;122886;1165362,6;8497;5479;72;5445;64
1180;2025-04-01;2400604;ALMINO AFONSO;24;RIO GRANDE DO NORTE;NE;NORDESTE;14726040,53;107229;2515659,23;2155;12734607,18;70141;1913440,31;7777;2893;88;2729;88
4516;2025-04-01;5219704;SANTA TEREZINHA DE GOIÁS;52;GOIÁS;CO;CENTRO-OESTE;56219930,63;186064;15555821,61;16790;56367466,07;113157;15974662,36;57946;5531;420;5576;416
1345;2025-04-01;3144409;NATÉRCIA;31;MINAS GERAIS;SE;SUDESTE;11112587,15;38771;8986708,15;2910;8924259,6;24945;17247817,98;7286;2189;150;1994;145
5651;2025-04-01;5205059;CASTELÂNDIA;52;GOIÁS;CO;CENTRO-OESTE;14319709,95;73428;4869393,88;4205;12851302,77;39163;4414794,08;13205;1923;105;1894;93
108;2025-04-01;4107108;DIAMANTE DO NORTE;41;PARANÁ;SU;SUL;19112200,54;94475;14069069,85;6497;20455557,53;51233;18534557,1;18133;3239;209;3146;203
5954;2025-04-01;3509106;CAIUÁ;35;SÃO PAULO;SE;SUDESTE;11620293,86;71989;1521974,24;2868;12055035,71;35801;1352492,4;7662;2221;81;2180;81
1576;2025-04-01;2111078;SÃO JOÃO DO SOTER;21;MARANHÃO;NE;NORDESTE;30730744,01;305157;3025459,67;5821;28919935,35;181653;2992682,41;22932;7726;138;7397;125
4649;2025-04-01;1200054;ASSIS BRASIL;12;ACRE;NO;NORTE;22580375,97;130287;5322939,16;5007;21880902,41;74581;4083144,98;14471;3943;107;3869;102
1939;2025-04-01;4302584;BOZANO;43;RIO GRANDE DO SUL;SU;SUL;5735886,23;18357;2041915,63;972;5950699,49;8798;1741745,12;2092;887;53;768;62
1153;2025-04-01;5201405;APARECIDA DE GOIÂNIA;52;GOIÁS;CO;CENTRO-OESTE;2753157567,87;15978196;3423894164,78;2871142;2941764595,71;10219038;3075058058,86;7917029;382460;32574;386180;30310
1551;2025-04-01;2506103;FAGUNDES;25;PARAÍBA;NE;NORDESTE;22461531,18;191000;2772468,42;2953;21456176,08;127263;2922201,81;15717;6020;143;5927;129
1157;2025-04-01;1506112;QUATIPURU;15;PARÁ;NO;NORTE;24217124,94;243020;4524988,66;5167;22187465,91;144333;3303627,23;14483;6380;155;6220;142
1589;2025-04-01;5106703;PONTE BRANCA;51;MATO GROSSO;CO;CENTRO-OESTE;6735902,57;34247;1429232,07;1614;6813693,94;19804;1335023,09;5986;1011;65;985;62
1175;2025-04-01;2205151;JACOBINA DO PIAUÍ;22;PIAUÍ;NE;NORDESTE;13063855,91;84322;3570074,36;5396;12221214,07;50354;4809287,73;16014;2361;99;2314;102
5133;2025-04-01;3104106;ARCEBURGO;31;MINAS GERAIS;SE;SUDESTE;23284105,43;135216;29599285,43;11738;23143592,52;71091;22665383,38;29937;4952;375;4749;361
4662;2025-04-01;4321600;TRAMANDAÍ;43;RIO GRANDE DO SUL;SU;SUL;219165177,93;1408145;122573337,27;131569;222859640,4;805386;106256147,93;345506;35872;3614;35139;3342
4880;2025-04-01;4100400;ALMIRANTE TAMANDARÉ;41;PARANÁ;SU;SUL;411249090,75;2993134;269847901,27;202960;443303816,05;1653811;256854293,3;422203;77976;5657;77999;5383
1523;2025-04-01;4311734;MAMPITUBA;43;RIO GRANDE DO SUL;SU;SUL;7606784,9;31269;1741319,3;1691;7474496,0;16258;1318517,47;5747;1346;72;1249;69
1179;2025-04-01;3540606;PORTO FELIZ;35;SÃO PAULO;SE;SUDESTE;219552349,17;1166153;222200663,84;112435;237365360,51;638445;187824261,19;298591;36039;3168;35302;2993
1535;2025-04-01;4311791;MARATÁ;43;RIO GRANDE DO SUL;SU;SUL;5363501,82;20899;4391419,46;2242;5160661,26;11940;4955304,7;5128;1125;141;987;130
3875;2025-04-01;2704104;LAGOA DA CANOA;27;ALAGOAS;NE;NORDESTE;51486702,84;306789;7348306,84;6058;47032120,84;196036;5804300,66;23368;9500;178;9228;157
1517;2025-04-01;3170909;VARZELÂNDIA;31;MINAS GERAIS;SE;SUDESTE;48125181,95;354050;10989258,51;15522;45707485,11;204557;10141537,59;52946;10846;373;10320;361
2928;2025-04-01;4321857;TRÊS PALMEIRAS;43;RIO GRANDE DO SUL;SU;SUL;12633312,36;52302;8999468,94;4067;12965740,64;26369;8150260,79;11348;2287;193;2095;194
4619;2025-05-01;3170909;VARZELÂNDIA;31;MINAS GERAIS;SE;SUDESTE;51664244,51;374472;10540380,73;15830;49207797,28;216289;10427669,73;54849;10920;381;10462;377
3074;2025-05-01;1501253;BANNACH;15;PARÁ;NO;NORTE;16073906,16;70915;2399761,59;3297;15300116,3;39085;4153877,41;12970;2082;72;1993;71
5135;2025-05-01;2304269;DEPUTADO IRAPUAN PINHEIRO;23;CEARÁ;NE;NORDESTE;21561007,0;126219;5524098,77;7832;19212212,57;85182;5226088,37;22075;4102;107;4032;109
3817;2025-05-01;1508159;URUARÁ;15;PARÁ;NO;NORTE;183295510,46;956856;89418669,14;50491;183146457,68;541101;84120313,68;229307;24694;881;24025;883
2332;2025-05-01;3144409;NATÉRCIA;31;MINAS GERAIS;SE;SUDESTE;12913692,48;40203;5642886,01;3142;9609140,63;24918;14899720,21;8201;2207;143;2028;139
4342;2025-05-01;2409407;PAU DOS FERROS;24;RIO GRANDE DO NORTE;NE;NORDESTE;136589532,96;780468;64071871,46;40989;126623393,79;550892;77756690,01;264232;19503;1268;18937;1174
2340;2025-05-01;4302584;BOZANO;43;RIO GRANDE DO SUL;SU;SUL;6477104,89;18864;2593512,69;1094;8247450,77;9127;2567119,47;2387;891;52;823;57
5212;2025-05-01;2305209;HIDROLÂNDIA;23;CEARÁ;NE;NORDESTE;41932826,28;339251;11802651,07;17771;38232266,09;229441;10212632,95;61440;9973;381;9480;354
5809;2025-05-01;5215652;PALESTINA DE GOIÁS;52;GOIÁS;CO;CENTRO-OESTE;12320909,77;47900;4472423,86;3038;11761244,47;24600;4491632,11;10817;1586;93;1583;80
2522;2025-05-01;3549102;SÃO JOÃO DA BOA VISTA;35;SÃO PAULO;SE;SUDESTE;456148921,34;1803232;384212706,82;177077;481746848,52;1066149;397642639,86;410832;59379;6080;58155;5787
5520;2025-05-01;2516755;TENÓRIO;25;PARAÍBA;NE;NORDESTE;7817957,04;68888;2017954,2;1897;7200944,78;42458;1944385,41;6038;1633;72;1578;63
469;2025-05-01;3133204;ITANHOMI;31;MINAS GERAIS;SE;SUDESTE;38372115,4;159321;7358634,58;5948;46551768,45;95379;8222316,25;27745;6226;340;6162;353
4306;2025-05-01;2611309;POMBOS;26;PERNAMBUCO;NE;NORDESTE;87949800,67;520900;35855740,38;20375;87311186,21;372233;36413817,34;90379;14304;499;14128;443
396;2025-05-01;3156809;SABINÓPOLIS;31;MINAS GERAIS;SE;SUDESTE;41498521,26;210145;10667629,8;11603;44985499,11;118470;10787250,67;39573;7649;379;7693;382
5056;2025-05-01;2803203;ITAPORANGA D'AJUDA;28;SERGIPE;NE;NORDESTE;93676364,43;886159;64013769,82;25472;87743582,06;527454;133074233,23;89934;20010;597;20172;558
303;2025-05-01;3202603;ICONHA;32;ESPÍRITO SANTO;SE;SUDESTE;56356112,46;225578;84682927,25;20565;54997972,76;129211;96780461,16;69846;7519;817;7311;763
3107;2025-05-01;2414001;TANGARÁ;24;RIO GRANDE DO NORTE;NE;NORDESTE;49622171,12;382226;12447083,83;12101;46103534,03;260379;12944533,7;62402;8832;294;8588;291
671;2025-05-01;3123528;DURANDÉ;31;MINAS GERAIS;SE;SUDESTE;27735094,57;123498;4177636,0;4357;23082142,71;62173;3270872,13;17783;4070;201;3791;193
2491;2025-05-01;2203503;ELESBÃO VELOSO;22;PIAUÍ;NE;NORDESTE;31210960,49;287480;6244708,34;8030;29031113,58;167078;7057423,25;37649;7336;204;7146;181
5299;2025-05-01;2208502;PORTO;22;PIAUÍ;NE;NORDESTE;29254898,71;277542;4163538,94;7038;26612707,69;162265;4133696,35;34673;6375;146;6218;148
5548;2025-05-01;5107925;SORRISO;51;MATO GROSSO;CO;CENTRO-OESTE;1249680525,42;2320046;1670427060,9;350262;1325046123,2;1242382;1497320671,38;726555;69547;10417;68141;9770
4916;2025-05-01;5214838;NOVA CRIXÁS;52;GOIÁS;CO;CENTRO-OESTE;78880242,04;258312;35607663,44;24124;80688306,23;156341;37977362,07;87202;6961;660;7106;593
1577;2025-05-01;3520608;INDIANA;35;SÃO PAULO;SE;SUDESTE;18027976,63;94413;10135606,46;6672;18285458,19;54035;8620406,15;15480;3050;237;2965;221
1602;2025-05-01;3148509;PAVÃO;31;MINAS GERAIS;SE;SUDESTE;19200669,72;125121;5852710,3;3570;18312745,32;73881;5216225,62;11517;3801;165;3778;154
3261;2025-05-01;3503307;ARARAS;35;SÃO PAULO;SE;SUDESTE;568173859,77;2729731;504093202,04;270823;588204614,9;1599983;450557508,36;828044;87987;8118;86097;7680
4362;2025-05-01;2106904;MONÇÃO;21;MARANHÃO;NE;NORDESTE;56375854,53;581090;6013491,28;10382;49481177,81;349203;5940654,04;48699;13970;164;13328;155
3711;2025-05-01;5207600;FAZENDA NOVA;52;GOIÁS;CO;CENTRO-OESTE;24174084,49;85730;6416301,72;5225;20878553,89;53269;7180506,0;15125;2937;211;2831;205
1349;2025-05-01;4304408;CANELA;43;RIO GRANDE DO SUL;SU;SUL;217082143,19;1185405;188836505,52;127720;228786019,37;631380;152883520,63;288919;33481;4352;33112;4242
651;2025-05-01;4114401;MANGUEIRINHA;41;PARANÁ;SU;SUL;86422554,03;300761;94087274,04;24959;86025200,7;145928;85941818,67;65060;10247;816;10036;799
1399;2025-05-01;4200705;ALFREDO WAGNER;42;SANTA CATARINA;SU;SUL;39412294,59;107965;15604683,26;12823;41958338,74;60167;19380935,67;34436;5020;591;4831;589
2347;2025-05-01;3527256;LOURDES;35;SÃO PAULO;SE;SUDESTE;10150536,76;30951;818219,92;1594;7851684,16;17754;1011616,66;4383;1200;67;1172;66
4734;2025-05-01;3501806;AMÉRICO DE CAMPOS;35;SÃO PAULO;SE;SUDESTE;68742123,91;102473;7184080,09;7042;47299974,49;57336;8512780,03;18070;3532;253;3387;234
317;2025-05-01;4311734;MAMPITUBA;43;RIO GRANDE DO SUL;SU;SUL;7583871,07;32441;1906724,51;1625;7950204,38;16983;1417998,0;5605;1344;72;1292;69
2487;2025-05-01;4317251;SANTA TEREZA;43;RIO GRANDE DO SUL;SU;SUL;2796783,41;11214;584243,05;565;2800892,07;5752;647137,05;1928;641;56;566;58
4297;2025-05-01;3104106;ARCEBURGO;31;MINAS GERAIS;SE;SUDESTE;25105047,81;140508;29841785,29;12676;24624292,87;74776;21338155,18;31612;4975;387;4873;378
2461;2025-05-01;4315602;RIO GRANDE;43;RIO GRANDE DO SUL;SU;SUL;745355205,91;4880568;501298998,75;333084;706016798,85;2784049;568074970,64;873311;136912;9116;134298;8573
4333;2025-05-01;2207405;PALMEIRA DO PIAUÍ;22;PIAUÍ;NE;NORDESTE;17325232,34;110006;2679259,75;3911;16544861,8;62178;2604610,7;12034;3048;99;2954;90
4278;2025-05-01;5202353;ARENÓPOLIS;52;GOIÁS;CO;CENTRO-OESTE;16842039,86;45532;3225225,27;2556;20250020,36;24084;3467309,92;9590;1697;97;1632;92
1506;2025-05-01;3534807;OURO VERDE;35;SÃO PAULO;SE;SUDESTE;23802329,98;161986;6980397,04;7551;24664684,51;84251;8621380,98;21058;4549;286;4472;257
1644;2025-05-01;1702901;AXIXÁ DO TOCANTINS;17;TOCANTINS;NO;NORTE;43748457,22;291779;5585349,97;8766;43014752,52;181179;5975938,61;38553;7049;195;7073;189
2608;2025-05-01;2926301;RIACHÃO DO JACUÍPE;29;BAHIA;NE;NORDESTE;119640680,0;722699;63270026,32;38423;120107202,95;470527;60888490,36;128579;18873;1108;18944;1043
555;2025-05-01;3103108;ANTÔNIO PRADO DE MINAS;31;MINAS GERAIS;SE;SUDESTE;4599184,8;24849;385728,57;593;4184687,6;17201;205690,48;1562;872;39;826;29
5076;2025-05-01;2607653;ITAMBÉ;26;PERNAMBUCO;NE;NORDESTE;95517108,73;651035;23544944,73;22190;89760610,55;448071;24211645,98;91768;17801;597;17809;569
478;2025-05-01;4306502;DOM FELICIANO;43;RIO GRANDE DO SUL;SU;SUL;30598903,54;135010;8126100,33;7103;30027098,99;66421;7874130,93;26327;5909;305;5603;296
3084;2025-05-01;2108009;PASTOS BONS;21;MARANHÃO;NE;NORDESTE;61542271,53;501713;25645592,27;24003;56752950,22;291742;24586742,03;82560;10375;305;10123;301
574;2025-05-01;3515806;FLORA RICA;35;SÃO PAULO;SE;SUDESTE;5006538,61;33362;595997,9;775;5552479,66;16316;744936,3;2305;902;27;882;31
580;2025-05-01;2504207;CATINGUEIRA;25;PARAÍBA;NE;NORDESTE;12136467,47;84970;2555389,33;2416;11739460,74;54187;2047621,77;5282;2474;55;2471;52
582;2025-05-01;1718303;PRAIA NORTE;17;TOCANTINS;NO;NORTE;22947836,24;185828;4458209,58;3929;21951952,59;118240;3373523,61;10084;4245;97;4195;83
4753;2025-05-01;3121506;DESTERRO DO MELO;31;MINAS GERAIS;SE;SUDESTE;6369300,29;33462;1918615,13;1305;6436500,31;22350;1688660,6;3300;1428;86;1377;87
3229;2025-05-01;3136306;JOÃO PINHEIRO;31;MINAS GERAIS;SE;SUDESTE;214245742,0;1086443;330797787,87;87238;224665457,99;615454;285650540,08;240615;30620;2512;30701;2377
4236;2025-05-01;5212501;LUZIÂNIA;52;GOIÁS;CO;CENTRO-OESTE;935986364,05;6194181;568128203,63;349014;988425233,36;3774192;530906659,8;1093059;137295;8637;138901;8047
2374;2025-05-01;2506103;FAGUNDES;25;PARAÍBA;NE;NORDESTE;23983636,06;205612;2936642,03;3102;23057589,83;136254;3080217,79;17309;6078;143;5997;126
3743;2025-05-01;2511707;PILÕEZINHOS;25;PARAÍBA;NE;NORDESTE;10813843,32;81589;833839,8;1778;9981778,19;57313;824274,16;4497;2441;57;2376;45
5512;2025-05-01;1706001;COUTO MAGALHÃES;17;TOCANTINS;NO;NORTE;22046419,19;104871;37370320,48;7689;19288095,17;66966;41185018,35;23792;2843;146;2787;133
1508;2025-05-01;5106182;NOVA LACERDA;51;MATO GROSSO;CO;CENTRO-OESTE;33824067,32;110494;29974914,04;8278;35587831,97;61382;18420860,1;28440;3539;259;3390;255
4639;2025-05-01;2211704;WALL FERRAZ;22;PIAUÍ;NE;NORDESTE;9292004,23;68648;1597294,17;2587;8414824,85;41661;1038121,94;8616;2011;44;1950;39
4730;2025-05-01;3135001;JAGUARAÇU;31;MINAS GERAIS;SE;SUDESTE;9686722,27;57753;40927675,94;3437;9224972,81;33879;32039518,38;12107;1808;106;1758;97
3740;2025-05-01;2703205;IGREJA NOVA;27;ALAGOAS;NE;NORDESTE;51742053,84;380493;23501436,22;2824;47222213,44;228126;4277722,63;14507;12054;141;11747;129
619;2025-05-01;5204706;CAMPINORTE;52;GOIÁS;CO;CENTRO-OESTE;77039364,13;294640;39500293,26;24870;76881629,25;159860;32870480,71;95745;7589;576;7669;543
3736;2025-05-01;3553906;TARABAI;35;SÃO PAULO;SE;SUDESTE;23710773,77;143851;17180256,67;13546;24750878,33;75630;15458500,06;20107;4218;280;4158;252
1678;2025-05-01;4106001;CONGONHINHAS;41;PARANÁ;SU;SUL;20072279,15;122866;8643961,91;8416;20338466,24;64879;6442221,85;21572;4466;226;4354;209
1400;2025-05-01;2605509;FERREIROS;26;PERNAMBUCO;NE;NORDESTE;29757867,88;230522;3164571,84;4002;27837897,82;155412;3395569,99;19279;6322;151;6100;141
517;2025-05-01;4215307;SALETE;42;SANTA CATARINA;SU;SUL;22793984,7;94811;94794177,83;13301;23081947,46;45451;83240358,39;28466;4334;613;4074;616
2635;2025-05-01;1705508;COLINAS DO TOCANTINS;17;TOCANTINS;NO;NORTE;276542282,73;1022840;141160290,8;87854;266440877,57;603864;151596153,34;287583;23700;1702;23799;1633
3272;2025-05-01;4100400;ALMIRANTE TAMANDARÉ;41;PARANÁ;SU;SUL;441097668,82;3121862;295154840,52;212798;466526346,48;1722254;276546347,34;448835;78675;5662;78787;5398
5360;2025-05-01;1200054;ASSIS BRASIL;12;ACRE;NO;NORTE;23301017,92;137895;5946477,6;5572;22405595,59;79596;3982801,02;16606;4030;121;3945;110
2805;2025-05-01;1718501;RECURSOLÂNDIA;17;TOCANTINS;NO;NORTE;14427530,47;90028;2138102,51;2007;12987171,71;49328;2742689,59;6771;1988;53;1961;47
1903;2025-05-01;3139003;MACHADO;31;MINAS GERAIS;SE;SUDESTE;159638671,61;630641;294059312,77;59090;178421822,34;381547;258631218,53;131280;23105;2084;23026;1927
3415;2025-05-01;3165701;SENADOR FIRMINO;31;MINAS GERAIS;SE;SUDESTE;18570471,01;87657;8849190,16;7121;17421870,79;51583;9901743,08;23765;3710;316;3576;298
4523;2025-05-01;1503457;IPIXUNA DO PARÁ;15;PARÁ;NO;NORTE;75359978,75;614832;31503087,29;23509;73015153,42;375485;28574510,41;112776;14328;486;14057;473
3404;2025-05-01;2615904;TUPARETAMA;26;PERNAMBUCO;NE;NORDESTE;31249756,27;177079;9328474,95;4372;29158110,58;110192;6444081,65;22181;4996;157;4844;147
3399;2025-05-01;4321857;TRÊS PALMEIRAS;43;RIO GRANDE DO SUL;SU;SUL;13631373,31;51705;9846686,37;4137;13826640,77;25614;9588233,11;11925;2305;197;2141;202
68;2025-05-01;2907558;CATURAMA;29;BAHIA;NE;NORDESTE;13211961,85;77545;2052791,87;1562;12842985,03;42303;1277264,25;6304;2963;87;2859;70
4063;2025-05-01;2100832;APICUM-AÇU;21;MARANHÃO;NE;NORDESTE;55040507,84;440649;5916467,39;8511;49966598,88;292969;7167145,01;34578;9107;148;8666;140
1876;2025-05-01;4219150;VARGEM;42;SANTA CATARINA;SU;SUL;9393291,38;32421;4033951,54;2374;9372145,56;16061;3820073,82;4787;1305;92;1285;81
5180;2025-05-01;2801306;CAPELA;28;SERGIPE;NE;NORDESTE;83079869,03;675301;26750916,99;15919;78432459,57;420319;27863207,6;84148;17731;457;17749;429
4099;2025-05-01;1718402;PRESIDENTE KENNEDY;17;TOCANTINS;NO;NORTE;14855830,6;81836;10163409,63;4094;14991347,46;44868;14565324,34;13130;1969;107;1946;105
1867;2025-05-01;2400604;ALMINO AFONSO;24;RIO GRANDE DO NORTE;NE;NORDESTE;16137101,69;113798;3184582,16;2097;13879818,85;73594;2399266,48;8164;2923;90;2759;79
951;2025-05-01;3169406;TRÊS PONTAS;31;MINAS GERAIS;SE;SUDESTE;275289627,73;1045860;251674481,87;80494;256344232,71;622050;261082261,42;237572;33497;2806;33366;2672
5429;2025-05-01;2203420;DOMINGOS MOURÃO;22;PIAUÍ;NE;NORDESTE;8418901,75;72600;831638,08;922;8473332,61;43036;505795,92;4650;2185;38;2103;40
286;2025-05-01;3165800;SENADOR JOSÉ BENTO;31;MINAS GERAIS;SE;SUDESTE;4202286,67;15815;833258,18;1189;4430569,86;9052;915769,99;1494;776;49;733;40
1858;2025-05-01;5201405;APARECIDA DE GOIÂNIA;52;GOIÁS;CO;CENTRO-OESTE;2951031450,97;16991883;3263195565,09;1422540;3161914289,09;10875782;3077490056,05;3704721;385431;33039;390058;30949
1257;2025-05-01;5106703;PONTE BRANCA;51;MATO GROSSO;CO;CENTRO-OESTE;7304207,19;35270;1334466,67;1607;7412658,16;19911;1441027,36;6302;1021;70;1010;64
5724;2025-05-01;4309704;HUMAITÁ;43;RIO GRANDE DO SUL;SU;SUL;13667521,26;45816;5782297,94;3033;12965339,34;24509;6104228,96;9665;2317;253;2157;233
4058;2025-05-01;3524204;JABORANDI;35;SÃO PAULO;SE;SUDESTE;23209222,87;123059;10645964,09;6725;26551322,41;67404;5553264,02;19028;3946;264;3791;229
5413;2025-05-01;2107407;OLHO D'ÁGUA DAS CUNHÃS;21;MARANHÃO;NE;NORDESTE;60931693,47;458922;9789324,01;12051;55680516,11;285294;10152892,6;45194;10436;185;10061;175
1025;2025-05-01;2411205;SANTA CRUZ;24;RIO GRANDE DO NORTE;NE;NORDESTE;144398418,3;987262;43715549,9;53513;134273320,35;671005;40165108,59;195738;23789;1141;23296;1065
5951;2025-05-01;1200138;BUJARI;12;ACRE;NO;NORTE;31823318,6;260793;10927716,1;9932;31847314,41;147727;9124291,1;36178;6086;141;6031;138
1128;2025-05-01;2918506;JUSSARA;29;BAHIA;NE;NORDESTE;38059048,75;303445;6095987,89;7841;36616775,35;189986;6258816,56;22950;8265;200;7940;202
5393;2025-05-01;3517604;GUAPIARA;35;SÃO PAULO;SE;SUDESTE;52839207,78;344143;23851496,21;17943;55225119,66;181852;21931643,34;46945;9939;489;9649;484
2782;2025-05-01;2701100;BRANQUINHA;27;ALAGOAS;NE;NORDESTE;23854818,79;214478;1802760,09;1919;22914499,15;127473;1410741,67;9122;5534;72;5499;64
2011;2025-05-01;2205540;LAGOINHA DO PIAUÍ;22;PIAUÍ;NE;NORDESTE;6105490,26;60206;2861151,06;840;5371654,01;35400;1566266,42;3147;1423;29;1410;26
116;2025-05-01;2111078;SÃO JOÃO DO SOTER;21;MARANHÃO;NE;NORDESTE;34913189,92;338794;3498187,83;5043;32756253,64;198950;4198242,06;25587;7877;150;7531;126
4037;2025-05-01;3536257;PARISI;35;SÃO PAULO;SE;SUDESTE;8813090,64;43376;5555299,24;2736;9621061,6;24246;4835294,68;7898;1437;101;1408;98
2023;2025-05-01;1506112;QUATIPURU;15;PARÁ;NO;NORTE;26673239,89;258029;4917607,05;5283;24790704,58;155675;4006806,65;15727;6465;158;6328;142
4038;2025-05-01;2202778;COLÔNIA DO PIAUÍ;22;PIAUÍ;NE;NORDESTE;14699960,15;125756;1587127,58;2891;14921151,06;72381;1638002,97;9245;3361;77;3431;77
100;2025-05-01;4306353;DEZESSEIS DE NOVEMBRO;43;RIO GRANDE DO SUL;SU;SUL;4733498,34;24467;3065884,45;1107;4389482,68;12029;2971591,77;3508;1144;59;1124;60
3999;2025-05-01;2105658;JUNCO DO MARANHÃO;21;MARANHÃO;NE;NORDESTE;17840276,07;138635;1829894,82;3407;16180114,75;90131;2070925,65;10680;3186;47;3050;46
5688;2025-05-01;2202075;CAJAZEIRAS DO PIAUÍ;22;PIAUÍ;NE;NORDESTE;6835252,25;59829;1190550,99;987;6069967,2;33861;1321289,96;2534;1549;34;1563;35
1083;2025-05-01;4204194;CHAPADÃO DO LAGEADO;42;SANTA CATARINA;SU;SUL;12402358,08;28797;2790624,64;2589;11608183,93;12886;2781299,31;7267;1320;103;1232;111
5692;2025-05-01;4110052;IGUATU;41;PARANÁ;SU;SUL;5821905,4;37996;2332736,07;1339;5088168,14;18264;2091571,37;4678;1276;70;1186;65
4835;2025-05-01;4123303;SANTA CRUZ DE MONTE CASTELO;41;PARANÁ;SU;SUL;33098618,22;144344;17020420,95;10519;35438040,36;75064;15159029,31;34684;4924;371;4747;339
2061;2025-05-01;1600303;MACAPÁ;16;AMAPÁ;NO;NORTE;2332884508,91;18351128;1385672045,7;1038186;2287839024,69;12307856;1413510721,77;3003848;345840;15798;340925;14996
5371;2025-05-01;3548302;SANTO EXPEDITO;35;SÃO PAULO;SE;SUDESTE;8188647,71;55225;3497910,01;2641;8036290,28;28402;2619406,95;9426;1705;94;1682;85
1041;2025-05-01;2205151;JACOBINA DO PIAUÍ;22;PIAUÍ;NE;NORDESTE;15516269,82;87251;4545522,02;5975;13889901,97;51897;4828474,98;17543;2389;98;2357;96
1028;2025-05-01;3518107;GUARANTÃ;35;SÃO PAULO;SE;SUDESTE;23668063,93;160465;6624109,63;7568;22398524,39;81836;8336780,56;27836;4157;241;4012;240
2165;2025-05-01;3104700;ATALÉIA;31;MINAS GERAIS;SE;SUDESTE;36526128,43;214577;18801426,24;5485;36007216,97;115040;20840722,85;21955;6399;251;6251;235
2717;2025-05-01;2702405;DELMIRO GOUVEIA;27;ALAGOAS;NE;NORDESTE;179674625,87;1287297;46205458,7;48097;169401649,53;800647;47711981,18;189987;32100;1251;32158;1154
5363;2025-05-01;2106003;LIMA CAMPOS;21;MARANHÃO;NE;NORDESTE;32612342,56;277155;9597758,06;10187;30802222,15;179870;9106001,16;35892;6769;238;6552;228
2208;2025-05-01;2915908;ITANAGRA;29;BAHIA;NE;NORDESTE;19990901,99;187454;3880571,83;3809;18811239,26;112733;3077218,95;12079;4175;149;4113;151
4418;2025-05-01;2112233;TRIZIDELA DO VALE;21;MARANHÃO;NE;NORDESTE;68701070,45;536136;26208305,83;26907;63985711,36;342043;23958235,72;73196;12184;485;11914;439
261;2025-05-01;4107108;DIAMANTE DO NORTE;41;PARANÁ;SU;SUL;18338009,02;98262;12442907,3;7016;19117125,32;52846;16765411,71;19268;3245;218;3182;205
2967;2025-05-01;2910750;FÁTIMA;29;BAHIA;NE;NORDESTE;51382762,19;288951;10163480,21;8789;46630864,69;182419;8990927,89;33165;8717;262;8440;246
4152;2025-05-01;2704104;LAGOA DA CANOA;27;ALAGOAS;NE;NORDESTE;55172658,77;321430;8052095,9;7075;50930981,68;205408;6499202,15;26725;9598;185;9310;162
1287;2025-05-01;3515194;ESPÍRITO SANTO DO TURVO;35;SÃO PAULO;SE;SUDESTE;15196679,7;107627;3415468,38;4761;15595700,56;52429;2897728,39;13913;2932;165;2866;137
4943;2025-05-01;2602803;BUÍQUE;26;PERNAMBUCO;NE;NORDESTE;100421131,24;679443;14652437,43;14440;96282136,28;439704;16734180,75;70037;21785;471;21554;451
2213;2025-05-01;2913705;INHAMBUPE;29;BAHIA;NE;NORDESTE;109934135,59;793102;47525403,92;32409;105598436,41;456772;43087246,15;114091;20003;826;20046;782
859;2025-05-01;3110707;CAMBUQUIRA;31;MINAS GERAIS;SE;SUDESTE;36218810,61;232945;10684025,79;13094;36289553,52;131894;11603335,98;42352;7141;563;7168;555
4654;2025-05-01;5220702;SÍTIO D'ABADIA;52;GOIÁS;CO;CENTRO-OESTE;7311516,96;42355;3433012,53;1212;7222857,98;23740;3451111,39;4867;1388;50;1355;49
4135;2025-05-01;3135308;JAPARAÍBA;31;MINAS GERAIS;SE;SUDESTE;13263364,0;57023;2705653,05;2891;12945048,09;32643;3410239,85;11649;2268;188;2143;172
2657;2025-05-01;2608057;JATOBÁ;26;PERNAMBUCO;NE;NORDESTE;39733089,06;297689;7877018,05;5117;35812051,16;175688;8886156,7;25048;7823;193;7548;185
1334;2025-05-01;2307254;JIJOCA DE JERICOACOARA;23;CEARÁ;NE;NORDESTE;87999506,36;594705;54907876,87;93902;85665261,82;407185;48766672,44;270200;13425;1543;13104;1436
2864;2025-05-01;3542503;REGINÓPOLIS;35;SÃO PAULO;SE;SUDESTE;24783126,77;145819;6883562,61;7556;24886032,97;83789;5835607,31;17624;3988;246;3850;234
5750;2025-05-01;3550803;SÃO SEBASTIÃO DA GRAMA;35;SÃO PAULO;SE;SUDESTE;31830465,7;170601;42056796,89;12681;31492761,27;87534;40223278,44;30128;5762;501;5656;516
2207;2025-05-01;2102200;BURITI;21;MARANHÃO;NE;NORDESTE;69714013,62;642783;6083870,69;8352;64159202,65;394014;6550377,3;50111;14944;173;14269;175
3579;2025-05-01;2200277;ALEGRETE DO PIAUÍ;22;PIAUÍ;NE;NORDESTE;18132183,45;114146;1475456,21;2755;17071895,5;73027;1686202,46;9842;2751;75;2714;68
5603;2025-05-01;2804300;MURIBECA;28;SERGIPE;NE;NORDESTE;22588477,22;162084;4685832,61;3286;20520334,63;96959;5089508,94;13518;4421;90;4310;93
1276;2025-05-01;3519055;HOLAMBRA;35;SÃO PAULO;SE;SUDESTE;136439888,86;321167;228571564,45;45358;134629085,19;177005;218272339,17;101220;11087;1535;10793;1466
5001;2025-05-01;4120309;PORTO VITÓRIA;41;PARANÁ;SU;SUL;8152512,39;57161;3552624,97;3197;8978496,87;28158;3516281,69;7053;1998;135;1953;131
4850;2025-05-01;2300408;AIUABA;23;CEARÁ;NE;NORDESTE;34460816,69;256662;2448117,86;5719;30810320,43;175423;2854561,2;20783;7135;163;6788;150
1723;2025-05-01;4311791;MARATÁ;43;RIO GRANDE DO SUL;SU;SUL;4863284,16;20395;5412579,91;2371;5616739,6;12687;4559980,22;5258;1122;151;1013;133
2688;2025-05-01;2513943;SÃO DOMINGOS DO CARIRI;25;PARAÍBA;NE;NORDESTE;8171944,66;43581;759545,47;1075;7730258,7;32414;838121,04;4529;1404;43;1332;37
4175;2025-05-01;2204550;GUARIBAS;22;PIAUÍ;NE;NORDESTE;13924542,72;86670;1880427,25;1441;11825695,41;51708;1742423,17;3707;2323;61;2204;63
4405;2025-05-01;2702603;FEIRA GRANDE;27;ALAGOAS;NE;NORDESTE;54563258,56;324543;22642384,82;6848;50244845,19;216846;26313019,87;20900;10992;201;10586;188
2689;2025-05-01;2703700;JARAMATAIA;27;ALAGOAS;NE;NORDESTE;17065744,6;109322;1721332,12;1191;15791395,64;65966;2162201,29;4918;3071;38;2983;39
913;2025-05-01;3540606;PORTO FELIZ;35;SÃO PAULO;SE;SUDESTE;233925087,01;1237466;242336681,32;116839;253502464,78;676312;208626735,57;316895;36503;3225;35857;3039
2854;2025-05-01;1702703;AURORA DO TOCANTINS;17;TOCANTINS;NO;NORTE;9184140,78;57811;1492407,13;3832;8770375,95;34129;1307470,27;9651;1691;91;1618;84
3047;2025-05-01;5002001;BATAYPORÃ;50;MATO GROSSO DO SUL;CO;CENTRO-OESTE;40505023,6;235034;40575840,18;15627;39510625,49;121217;69306305,7;45437;6847;438;6677;419
96;2025-06-01;5204706;CAMPINORTE;52;GOIÁS;CO;CENTRO-OESTE;29424460,66;102294;18473132,44;8054;26943785,12;55635;14448745,13;31142;7026;502;6651;466
5203;2025-06-01;2107407;OLHO D'ÁGUA DAS CUNHÃS;21;MARANHÃO;NE;NORDESTE;20724514,7;153161;3346428,9;4094;18746416,79;95235;3393271,09;14208;9593;164;8830;162
2718;2025-06-01;2200277;ALEGRETE DO PIAUÍ;22;PIAUÍ;NE;NORDESTE;7002968,88;40066;525447,1;853;6547600,19;25258;479990,41;3227;2530;59;2385;55
4687;2025-06-01;3135308;JAPARAÍBA;31;MINAS GERAIS;SE;SUDESTE;5492290,92;20792;1169846,36;1025;4956906,51;12197;1672451,46;4149;2024;156;1758;144
2959;2025-06-01;2203503;ELESBÃO VELOSO;22;PIAUÍ;NE;NORDESTE;11221351,12;97663;2619538,09;3626;11030422,5;56793;3118022,21;13287;6621;163;6137;154
5144;2025-06-01;2300408;AIUABA;23;CEARÁ;NE;NORDESTE;12263162,3;87481;811950,75;1794;11302703,21;60070;846554,69;6555;6406;139;5856;135
2954;2025-06-01;3148509;PAVÃO;31;MINAS GERAIS;SE;SUDESTE;6757477,98;42397;2324244,14;1113;7028404,69;25302;2536639,82;4128;3347;124;3141;127
2877;2025-06-01;3524204;JABORANDI;35;SÃO PAULO;SE;SUDESTE;8871541,95;43027;3556201,27;2337;11062016,66;23557;2738346,03;6529;3596;223;3246;183
129;2025-06-01;2907558;CATURAMA;29;BAHIA;NE;NORDESTE;4725349,87;26430;546091,28;514;4541998,28;14690;355969,36;2186;2645;72;2323;55
22;2025-06-01;3520608;INDIANA;35;SÃO PAULO;SE;SUDESTE;6886259,97;32863;5088031,43;2328;6792736,43;18831;3157580,9;5243;2775;202;2564;185
4507;2025-06-01;2409407;PAU DOS FERROS;24;RIO GRANDE DO NORTE;NE;NORDESTE;49092187,41;269720;29858578,96;13804;46091638,72;191834;32971390,29;86577;18105;1106;16780;1026
5988;2025-06-01;3509106;CAIUÁ;35;SÃO PAULO;SE;SUDESTE;4672122,35;25825;602366,07;1077;5269869,37;13009;580554,58;2708;2001;74;1845;65
4562;2025-06-01;3501806;AMÉRICO DE CAMPOS;35;SÃO PAULO;SE;SUDESTE;20235855,91;38126;2036025,7;2355;17572173,92;21143;3194271,22;6365;3223;197;2882;184
4616;2025-06-01;3503307;ARARAS;35;SÃO PAULO;SE;SUDESTE;230252050,21;982940;180499594,63;93524;237062843,39;576084;156887933,15;280868;81307;7043;74478;6532
2905;2025-06-01;4321857;TRÊS PALMEIRAS;43;RIO GRANDE DO SUL;SU;SUL;4331211,61;18980;4131081,98;1383;4574993,37;9397;4160293,22;4216;2006;167;1697;163
5096;2025-06-01;2414001;TANGARÁ;24;RIO GRANDE DO NORTE;NE;NORDESTE;17779537,78;129854;3910749,24;3931;17251279,8;88747;4034506,38;19486;8087;252;7675;242
4447;2025-06-01;4123303;SANTA CRUZ DE MONTE CASTELO;41;PARANÁ;SU;SUL;12817424,88;51318;5574647,96;3646;13434713,53;26806;4865803,41;11301;4463;325;4015;295
2663;2025-06-01;5106182;NOVA LACERDA;51;MATO GROSSO;CO;CENTRO-OESTE;15587977,0;41404;9099156,83;2874;16049877,69;22340;9587454,94;9983;3271;232;2964;213
312;2025-06-01;2411205;SANTA CRUZ;24;RIO GRANDE DO NORTE;NE;NORDESTE;53679499,14;338495;14505754,98;17433;49690206,96;229268;13444447,68;63584;21900;1005;20686;929
5891;2025-06-01;2506004;ESPERANÇA;25;PARAÍBA;NE;NORDESTE;37048067,31;218337;22048433,17;11852;36758617,98;145574;21584804,81;42193;15598;966;14868;874
4374;2025-06-01;2106003;LIMA CAMPOS;21;MARANHÃO;NE;NORDESTE;12105072,47;97855;3376906,97;3459;11498480,64;63278;3140452,52;12079;6180;208;5720;203
4503;2025-06-01;5214838;NOVA CRIXÁS;52;GOIÁS;CO;CENTRO-OESTE;28340075,75;93621;14388318,84;8486;29335634,09;55992;14763310,88;31756;6454;571;6216;491
4504;2025-06-01;2913705;INHAMBUPE;29;BAHIA;NE;NORDESTE;40275700,62;275139;15723640,25;10510;38350513,6;159326;15272855,37;38740;18285;713;17678;655
5958;2025-06-01;4113007;JUSSARA;41;PARANÁ;SU;SUL;8784236,8;45809;22585154,91;2804;8953711,46;23534;20143660,2;6196;3788;243;3334;227
268;2025-06-01;4107108;DIAMANTE DO NORTE;41;PARANÁ;SU;SUL;7607732,17;34036;4604721,65;2350;8167564,5;18673;5314543,88;6629;2980;184;2710;177
2811;2025-06-01;2513943;SÃO DOMINGOS DO CARIRI;25;PARAÍBA;NE;NORDESTE;2922963,59;15200;240417,92;309;2787932,95;11328;225936,24;1718;1297;35;1191;35
2719;2025-06-01;4302584;BOZANO;43;RIO GRANDE DO SUL;SU;SUL;2086487,27;6423;650293,99;353;1510678,39;3213;607048,45;770;760;44;642;52
5526;2025-06-01;3167202;SETE LAGOAS;31;MINAS GERAIS;SE;SUDESTE;422438995,98;2078310;1212345990,46;179305;436025307,95;1257741;1153866475,17;428011;149313;12783;141683;11740
2545;2025-06-01;4304408;CANELA;43;RIO GRANDE DO SUL;SU;SUL;89884913,07;424908;68875669,05;44438;100475375,41;233111;54775308,37;101516;31124;3681;29244;3517
1284;2025-06-01;5207600;FAZENDA NOVA;52;GOIÁS;CO;CENTRO-OESTE;8641754,08;30010;2654657,77;1835;8065445,95;18627;3131547,63;4983;2635;177;2379;174
3571;2025-06-01;2202778;COLÔNIA DO PIAUÍ;22;PIAUÍ;NE;NORDESTE;5248122,29;40419;526187,62;896;5422197,55;23675;479298,01;2769;3045;65;2915;70
5628;2025-06-01;2302404;BOA VIAGEM;23;CEARÁ;NE;NORDESTE;48981994,11;322384;10598862,29;9237;46134602,17;211917;10461203,21;40825;23862;642;22301;606
1253;2025-06-01;5212501;LUZIÂNIA;52;GOIÁS;CO;CENTRO-OESTE;372142828,64;2223916;190080159,58;119064;389763702,76;1357631;169320022,46;370103;128418;7464;126479;6840
3968;2025-06-01;2703700;JARAMATAIA;27;ALAGOAS;NE;NORDESTE;6380783,29;38438;556146,22;382;5764713,25;23414;484122,69;1760;2756;37;2596;30
1238;2025-06-01;4311791;MARATÁ;43;RIO GRANDE DO SUL;SU;SUL;1950353,82;7250;1473526,55;704;2110352,17;4318;1143588,03;1731;1001;107;750;111
1882;2025-06-01;5201405;APARECIDA DE GOIÂNIA;52;GOIÁS;CO;CENTRO-OESTE;1149416064,34;6017007;1175864708,13;493814;1265079510,29;3862356;1069806076,89;1280165;362038;28636;355425;26255
1887;2025-06-01;2926301;RIACHÃO DO JACUÍPE;29;BAHIA;NE;NORDESTE;42388138,64;243199;21211692,82;12915;43296794,65;159413;18260874,44;43714;17304;950;16573;885
3541;2025-06-01;2204550;GUARIBAS;22;PIAUÍ;NE;NORDESTE;5362608,93;30523;762412,78;527;4772506,47;18936;650818,75;1263;2085;49;1952;52
1227;2025-06-01;2910750;FÁTIMA;29;BAHIA;NE;NORDESTE;18400646,54;99434;3281482,41;2718;16949216,37;63288;3077869,74;11068;7774;225;7229;206
1926;2025-06-01;3169406;TRÊS PONTAS;31;MINAS GERAIS;SE;SUDESTE;113472268,02;371897;89143498,61;28068;109882447,05;223477;88960576,63;79387;30742;2431;29063;2291
5412;2025-06-01;3301157;CARDOSO MOREIRA;33;RIO DE JANEIRO;SE;SUDESTE;14643228,11;88364;15773007,58;3754;13893980,36;51110;8873897,24;14435;6842;377;6360;372
1178;2025-06-01;2400604;ALMINO AFONSO;24;RIO GRANDE DO NORTE;NE;NORDESTE;5271228,36;37500;1000689,92;712;4873956,15;24414;896473,04;2687;2640;69;2369;73
1158;2025-06-01;2506103;FAGUNDES;25;PARAÍBA;NE;NORDESTE;8724687,2;69314;1314122,49;1106;8625978,92;46649;882555,86;5648;5459;121;5194;108
1155;2025-06-01;2307254;JIJOCA DE JERICOACOARA;23;CEARÁ;NE;NORDESTE;34047969,16;212201;20330172,66;32903;33157420,32;144615;17100032,07;94995;12441;1361;11833;1232
4833;2025-06-01;5202353;ARENÓPOLIS;52;GOIÁS;CO;CENTRO-OESTE;7313515,35;15943;1303314,36;958;6210466,74;8581;1568517,46;3276;1524;88;1356;85
3510;2025-06-01;2112233;TRIZIDELA DO VALE;21;MARANHÃO;NE;NORDESTE;24949976,84;182603;8289484,81;8202;23431953,16;116901;7295127,09;24224;11150;417;10594;375
1956;2025-06-01;2702405;DELMIRO GOUVEIA;27;ALAGOAS;NE;NORDESTE;66208390,97;444330;14918610,83;15707;63807524,9;275255;14788273,55;63407;29640;1045;28422;970
1141;2025-06-01;3519055;HOLAMBRA;35;SÃO PAULO;SE;SUDESTE;50806196,31;116988;66300423,49;15982;48473898,42;64864;61316627,82;33016;10298;1334;9436;1233
3484;2025-06-01;4100400;ALMIRANTE TAMANDARÉ;41;PARANÁ;SU;SUL;175428057,29;1106978;99151347,37;70348;192885516,3;612898;89574418,97;146807;73353;4891;70851;4572
5399;2025-06-01;3135001;JAGUARAÇU;31;MINAS GERAIS;SE;SUDESTE;3812666,63;21611;13924585,04;1078;3645891,57;13000;11054687,48;3671;1628;94;1547;73
5678;2025-06-01;2203420;DOMINGOS MOURÃO;22;PIAUÍ;NE;NORDESTE;3121772,87;25302;124229,43;276;2780013,77;14735;149743,27;1579;1926;33;1785;31
5682;2025-06-01;1503457;IPIXUNA DO PARÁ;15;PARÁ;NO;NORTE;27469210,5;219242;10256044,04;7921;25430713,51;135187;9939224,4;39288;13203;421;12582;411
5442;2025-06-01;2801306;CAPELA;28;SERGIPE;NE;NORDESTE;31144806,29;234006;8445288,41;5831;29734749,84;143972;9294608,37;28700;16102;386;15411;368
2050;2025-06-01;1600303;MACAPÁ;16;AMAPÁ;NO;NORTE;912948445,71;6456335;489333352,47;350431;884557598,62;4333802;496988318,37;1049766;323900;13861;313357;13057
1301;2025-06-01;1718303;PRAIA NORTE;17;TOCANTINS;NO;NORTE;7337440,27;62425;1156184,69;1229;7385024,5;40007;1062929,57;3681;3823;78;3651;71
5451;2025-06-01;4100301;AGUDOS DO SUL;41;PARANÁ;SU;SUL;11425224,14;57003;13463637,74;6341;11760759,87;30849;11238089,42;15669;4642;414;4308;389
1555;2025-06-01;4114401;MANGUEIRINHA;41;PARANÁ;SU;SUL;28996494,67;110479;31887138,71;8435;27436100,89;53514;29558985,03;21799;9196;680;8386;691
1540;2025-06-01;3542503;REGINÓPOLIS;35;SÃO PAULO;SE;SUDESTE;9354291,78;51014;2223986,76;2388;9002472,62;29129;1761859,59;6060;3641;217;3316;199
1529;2025-06-01;2111078;SÃO JOÃO DO SOTER;21;MARANHÃO;NE;NORDESTE;13884137,42;120798;1593567,83;1892;12802257,03;70878;1200157,01;9115;7184;121;6643;103
1590;2025-06-01;4215307;SALETE;42;SANTA CATARINA;SU;SUL;8467936,53;35717;28193279,47;4902;9292723,32;17057;24583503,86;9919;3854;506;3245;499
1598;2025-06-01;4106001;CONGONHINHAS;41;PARANÁ;SU;SUL;7558648,13;44001;3372844,31;2709;8540761,35;23064;2081860,2;6745;3887;197;3589;191
1607;2025-06-01;2108009;PASTOS BONS;21;MARANHÃO;NE;NORDESTE;22219372,27;171633;7258627,47;8049;21925209,01;99429;7316947,67;28946;9545;261;8948;261
1500;2025-06-01;3540606;PORTO FELIZ;35;SÃO PAULO;SE;SUDESTE;90083991,8;432823;65374979,11;38741;98289094,77;238458;66160048,83;96781;33553;2825;31212;2614
3893;2025-06-01;2511707;PILÕEZINHOS;25;PARAÍBA;NE;NORDESTE;3696332,5;27350;224067,68;530;3439977,92;18731;218004,3;1467;2125;46;2003;39
5496;2025-06-01;5220702;SÍTIO D'ABADIA;52;GOIÁS;CO;CENTRO-OESTE;3014327,54;15775;648032,71;377;2963453,36;8770;298317,69;1903;1279;47;1160;42
1436;2025-06-01;4219150;VARGEM;42;SANTA CATARINA;SU;SUL;3153809,27;11794;1073774,3;1041;3183472,9;6056;1489511,65;2072;1153;75;1045;71
1646;2025-06-01;4200705;ALFREDO WAGNER;42;SANTA CATARINA;SU;SUL;13315258,86;37284;5359380,27;4341;14808647,33;20859;6328200,07;11404;4410;513;3867;493
5569;2025-06-01;2903003;BARRA DO MENDES;29;BAHIA;NE;NORDESTE;11406144,39;79950;2340246,7;1948;11096256,35;48760;1508330,76;8442;6564;172;5937;178
5486;2025-06-01;2305001;GUARACIABA DO NORTE;23;CEARÁ;NE;NORDESTE;35742141,4;235773;9883324,18;12530;34019499,59;157151;11336675,23;44392;18671;780;17297;737
1666;2025-06-01;3515806;FLORA RICA;35;SÃO PAULO;SE;SUDESTE;2593773,14;12298;177567,43;215;2503840,23;6185;219817,32;866;816;24;741;25
1391;2025-06-01;1702901;AXIXÁ DO TOCANTINS;17;TOCANTINS;NO;NORTE;15531496,67;102098;1890022,98;3258;14921115,22;63423;2286256,38;13583;6506;176;6228;158
3735;2025-06-01;2602803;BUÍQUE;26;PERNAMBUCO;NE;NORDESTE;35261457,43;230180;4217754,56;4806;33840856,66;148363;5393996,24;23016;19125;401;17988;396
1356;2025-06-01;4204194;CHAPADÃO DO LAGEADO;42;SANTA CATARINA;SU;SUL;4399222,34;9958;773705,27;828;4266571,33;4772;812514,76;2379;1197;90;999;85
1343;2025-06-01;3104700;ATALÉIA;31;MINAS GERAIS;SE;SUDESTE;13015431,8;77383;5722728,03;1989;12587822,8;41304;5622232,68;7691;5778;215;5285;188
5461;2025-06-01;1508159;URUARÁ;15;PARÁ;NO;NORTE;63855926,48;327840;41573763,1;17792;68123410,4;185876;32259231,01;76343;22401;784;20569;789
5605;2025-06-01;3536257;PARISI;35;SÃO PAULO;SE;SUDESTE;3229583,88;15027;2132272,61;1149;3468254,68;8301;1709179,77;2952;1326;86;1220;84
3608;2025-06-01;2703205;IGREJA NOVA;27;ALAGOAS;NE;NORDESTE;19821521,44;133251;1433240,23;946;17936222,67;80432;915013,49;4876;10710;113;9952;98
5453;2025-06-01;3165206;SÃO TOMÉ DAS LETRAS;31;MINAS GERAIS;SE;SUDESTE;6375197,42;33391;5057434,77;5705;7322334,3;21300;3968388,55;15569;3146;585;3107;535
1766;2025-06-01;1506112;QUATIPURU;15;PARÁ;NO;NORTE;10400361,16;94611;1823432,52;1706;9643649,38;56628;1305084,64;5417;5868;140;5578;124
5614;2025-06-01;1200138;BUJARI;12;ACRE;NO;NORTE;12116218,97;93744;7645118,41;3465;12414058,23;52211;2919351,89;12816;5547;127;5307;117
4977;2025-06-01;2207405;PALMEIRA DO PIAUÍ;22;PIAUÍ;NE;NORDESTE;6952766,57;39834;863295,93;1153;6740142,6;22203;993030,27;4056;2790;79;2603;76
1051;2025-06-01;2102200;BURITI;21;MARANHÃO;NE;NORDESTE;24083069,3;211949;2513038,41;2855;22305560,36;130737;2233983,96;17475;13521;151;12233;154
5700;2025-06-01;3121506;DESTERRO DO MELO;31;MINAS GERAIS;SE;SUDESTE;2684934,67;11882;478429,3;499;2720620,69;8131;538614,99;1156;1292;67;1143;71
4201;2025-06-01;3550803;SÃO SEBASTIÃO DA GRAMA;35;SÃO PAULO;SE;SUDESTE;12853406,41;61270;13295879,86;4588;12987214,59;31599;12232316,54;10710;5201;442;4761;429
718;2025-06-01;3139003;MACHADO;31;MINAS GERAIS;SE;SUDESTE;61642652,39;226367;107006451,9;20838;74762764,6;137479;99948924,49;45372;21165;1753;19799;1618
713;2025-06-01;3202603;ICONHA;32;ESPÍRITO SANTO;SE;SUDESTE;21589453,93;79176;36897911,87;7042;20804318,49;45718;43187036,4;24041;6913;678;6128;640
5304;2025-06-01;1718501;RECURSOLÂNDIA;17;TOCANTINS;NO;NORTE;4701450,41;29875;1171655,03;744;5698877,5;16831;882731,06;2389;1819;44;1726;35
5803;2025-06-01;2103901;DUQUE BACELAR;21;MARANHÃO;NE;NORDESTE;9079414,63;87091;928784,28;2976;8096437,91;53453;1030047,45;7866;5167;73;4751;72
643;2025-06-01;4306353;DEZESSEIS DE NOVEMBRO;43;RIO GRANDE DO SUL;SU;SUL;1861676,48;8649;1004604,41;365;1972613,03;4300;924250,54;1345;996;44;873;56
5811;2025-06-01;2106904;MONÇÃO;21;MARANHÃO;NE;NORDESTE;19684136,52;192968;2557214,29;3397;17041280,71;115020;2182480,5;15622;12499;140;11575;132
622;2025-06-01;3515194;ESPÍRITO SANTO DO TURVO;35;SÃO PAULO;SE;SUDESTE;6197264,22;40367;1359653,03;1585;6104519,87;20045;994446,06;4985;2695;146;2471;123
2357;2025-06-01;3136306;JOÃO PINHEIRO;31;MINAS GERAIS;SE;SUDESTE;79720842,09;381029;110776883,25;29345;87325923,72;220292;102650864,07;79352;28102;2181;26890;2014
4231;2025-06-01;1504752;MOJUÍ DOS CAMPOS;15;PARÁ;NO;NORTE;11393360,6;42144;5369369,78;3919;11193830,92;27939;4099928,59;18020;2532;296;2327;278
604;2025-06-01;2504207;CATINGUEIRA;25;PARAÍBA;NE;NORDESTE;4396206,88;29650;890128,3;809;4487205,95;17951;959197,37;1700;2230;42;2078;43
3198;2025-06-01;2615904;TUPARETAMA;26;PERNAMBUCO;NE;NORDESTE;10792450,21;59989;2174429,67;1383;9661468,84;37824;2120463,12;7180;4535;135;4212;123
4253;2025-06-01;2915908;ITANAGRA;29;BAHIA;NE;NORDESTE;7426273,78;66191;1007435,59;1246;7037747,26;40686;1021145,66;4139;3848;120;3707;122
554;2025-06-01;2205540;LAGOINHA DO PIAUÍ;22;PIAUÍ;NE;NORDESTE;2264258,93;20238;769852,37;215;1987161,33;11836;512856,38;1029;1281;24;1223;20
495;2025-06-01;3110707;CAMBUQUIRA;31;MINAS GERAIS;SE;SUDESTE;15156564,93;83983;4120673,98;4434;16314036,3;47338;3800152,16;14702;6552;475;6196;482
4305;2025-06-01;4315602;RIO GRANDE;43;RIO GRANDE DO SUL;SU;SUL;312650262,58;1774445;168648406,86;116014;300921812,57;1010889;188651822,9;305180;127439;7841;117272;7302
2492;2025-06-01;2105658;JUNCO DO MARANHÃO;21;MARANHÃO;NE;NORDESTE;6519894,12;46482;407443,98;1125;5833598,26;30174;525078,83;3721;2910;38;2677;38
443;2025-06-01;3133204;ITANHOMI;31;MINAS GERAIS;SE;SUDESTE;13460392,51;54638;2735025,6;1976;16398904,83;32195;2904581,88;9171;5439;285;4985;285
435;2025-06-01;4306502;DOM FELICIANO;43;RIO GRANDE DO SUL;SU;SUL;11603040,91;48569;3523282,07;2364;12264291,59;23699;2626887,94;9004;5185;254;4351;253
5873;2025-06-01;5002951;CHAPADÃO DO SUL;50;MATO GROSSO DO SUL;CO;CENTRO-OESTE;108856318,45;264015;104073908,61;35425;114747870,65;138796;98231844,39;78649;19768;2327;18422;2164
417;2025-06-01;3123528;DURANDÉ;31;MINAS GERAIS;SE;SUDESTE;11386089,75;41888;1513675,12;1478;8606701,35;20786;1083086,98;6111;3645;171;3050;175
4361;2025-06-01;1200054;ASSIS BRASIL;12;ACRE;NO;NORTE;8121489,84;46773;1729037,41;1767;8255644,95;26659;1562885,38;5534;3556;103;3239;93
393;2025-06-01;3156809;SABINÓPOLIS;31;MINAS GERAIS;SE;SUDESTE;16369653,02;77695;4362252,9;4021;17809985,74;44618;4733552,39;13621;6803;333;6426;313
3276;2025-06-01;3170909;VARZELÂNDIA;31;MINAS GERAIS;SE;SUDESTE;19139496,91;131974;3683318,91;5147;18734945,66;75769;3568621,24;18124;9738;322;8911;313
4196;2025-06-01;2608057;JATOBÁ;26;PERNAMBUCO;NE;NORDESTE;15150796,16;107364;3443153,7;1761;13566676,86;63570;3235330,13;9125;7222;167;6718;149
3301;2025-06-01;3553906;TARABAI;35;SÃO PAULO;SE;SUDESTE;8943333,91;52048;4356685,53;3365;8835108,79;27727;3864239,16;6947;3860;235;3596;208
736;2025-06-01;2205151;JACOBINA DO PIAUÍ;22;PIAUÍ;NE;NORDESTE;5161272,36;28957;1864082,84;1903;4447470,83;16866;1391046,82;5844;2171;93;1971;89
2088;2025-06-01;4317251;SANTA TEREZA;43;RIO GRANDE DO SUL;SU;SUL;1153241,44;4288;219880,42;211;1080806,43;2018;275568,62;564;562;45;416;47
2102;2025-06-01;3549102;SÃO JOÃO DA BOA VISTA;35;SÃO PAULO;SE;SUDESTE;168081899,02;638539;144317032,89;59809;193494440,71;381771;151676718,68;139941;54847;5207;50347;4843
4088;2025-06-01;2410306;SERRA CAIADA;24;RIO GRANDE DO NORTE;NE;NORDESTE;8547443,9;67360;5874901,65;2730;8124226,1;45131;3582402,2;8744;4584;150;4345;123
2109;2025-06-01;2704104;LAGOA DA CANOA;27;ALAGOAS;NE;NORDESTE;20068610,77;112144;2673937,64;2160;18524952,22;71969;2047098,1;9458;8524;147;7999;142
2140;2025-06-01;2605509;FERREIROS;26;PERNAMBUCO;NE;NORDESTE;11271060,89;78812;940830,03;1166;10569432,97;53155;898257,73;6433;5650;126;5271;107
4803;2025-06-01;5107925;SORRISO;51;MATO GROSSO;CO;CENTRO-OESTE;436051933,85;855595;495121214,92;127101;423614719,71;469712;419462885,01;266183;64383;9040;60160;8205
4105;2025-06-01;4107504;ENGENHEIRO BELTRÃO;41;PARANÁ;SU;SUL;23599105,6;93320;13709456,24;6647;21285230,06;46046;11812432,55;17841;7280;565;6597;561
3371;2025-06-01;3165701;SENADOR FIRMINO;31;MINAS GERAIS;SE;SUDESTE;7779780,18;31865;3803535,13;2443;7376681,4;19099;3239392,45;8140;3336;264;2971;265
3366;2025-06-01;2701100;BRANQUINHA;27;ALAGOAS;NE;NORDESTE;9410087,47;75296;552975,75;660;8723853,73;46425;498031,15;3094;4953;65;4768;50
4113;2025-06-01;1702703;AURORA DO TOCANTINS;17;TOCANTINS;NO;NORTE;3691791,54;20109;477899,08;1188;3694646,28;11967;538449,78;3275;1555;74;1386;62
5740;2025-06-01;2609501;NAZARÉ DA MATA;26;PERNAMBUCO;NE;NORDESTE;34264613,48;248391;7039353,4;8412;30990779,68;163781;9908733,69;31873;17019;456;16247;403
370;2025-06-01;3165800;SENADOR JOSÉ BENTO;31;MINAS GERAIS;SE;SUDESTE;1502087,73;5399;330995,11;449;1360438,74;3303;329506,44;549;698;37;590;37
906;2025-06-01;3518107;GUARANTÃ;35;SÃO PAULO;SE;SUDESTE;8450542,03;57042;2938347,17;2531;8659755,43;28932;2868039,99;9090;3825;211;3493;196
888;2025-06-01;5106703;PONTE BRANCA;51;MATO GROSSO;CO;CENTRO-OESTE;2766579,73;12961;632526,7;609;2700873,08;7156;458911,3;2322;940;61;853;54
3364;2025-06-01;3527256;LOURDES;35;SÃO PAULO;SE;SUDESTE;3544581,11;11454;343747,25;451;3339561,35;6469;341808,76;1568;1094;51;990;51
5004;2025-06-01;4110052;IGUATU;41;PARANÁ;SU;SUL;2144244,76;13478;935094,69;533;1833236,07;6469;1094845,82;1540;1137;60;958;50
4147;2025-06-01;5219704;SANTA TEREZINHA DE GOIÁS;52;GOIÁS;CO;CENTRO-OESTE;20918988,55;69355;7265151,41;6346;19550007,98;42732;8109035,36;21427;5062;380;4839;369
1581;2025-06-01;4311734;MAMPITUBA;43;RIO GRANDE DO SUL;SU;SUL;2680469,58;11829;793192,07;592;2828655,49;6317;565156,24;1849;1209;61;1051;54
802;2025-06-01;3103108;ANTÔNIO PRADO DE MINAS;31;MINAS GERAIS;SE;SUDESTE;1656310,6;8833;110302,63;180;1501353,41;6345;76500,02;542;784;35;671;30
3320;2025-06-01;1705508;COLINAS DO TOCANTINS;17;TOCANTINS;NO;NORTE;98192893,85;359747;48802113,11;29425;95047401,38;208833;53088618,75;96498;22020;1493;21164;1429
4166;2025-06-01;2611309;POMBOS;26;PERNAMBUCO;NE;NORDESTE;30934917,01;174996;11961258,97;6723;30445289,69;126286;12218278,45;31496;12826;409;12289;379
2250;2025-06-01;1501253;BANNACH;15;PARÁ;NO;NORTE;6001592,8;24407;581488,21;1042;5792034,76;13341;1127993,32;4470;1885;62;1659;68
2272;2025-06-01;3144409;NATÉRCIA;31;MINAS GERAIS;SE;SUDESTE;4517230,21;13931;2754167,96;1083;3593724,45;8508;7314306,85;2627;1913;119;1607;116
2275;2025-06-01;3534807;OURO VERDE;35;SÃO PAULO;SE;SUDESTE;9462080,1;57827;1973294,95;2763;9878964,14;29937;3825814,62;7371;4116;231;3859;212
902;2025-06-01;2918506;JUSSARA;29;BAHIA;NE;NORDESTE;13742534,18;101455;1960753,19;2549;13522475,49;63319;2165812,19;7248;7428;163;6849;168
3326;2025-06-01;1718402;PRESIDENTE KENNEDY;17;TOCANTINS;NO;NORTE;5192558,61;30047;3301049,58;1297;5190292,93;16770;3647381,63;4639;1838;94;1715;86
